{
    "config": {
        "E": 1,
        "K": 5,
        "NUMBER_OF_CLIENTS": 100,
        "MAX_TIME": 2500,
        "BATCH_SIZE": 50,
        "VALIDATION_BATCH_SIZE": 500,
        "LR": 0.01,
        "WEIGHT_DECAY": 0.0004,
        "DATA_DISTRIBUTION": "non-iid",
        "DIRICHELET_ALPHA": "[ 0 . 0 ,   0 . 1 ,   0 . 5 ,   1 0 . 0 ,   0 . 5 ,   1 . 0 ,   1 0 . 0 ,   1 0 0 . 0 ]",
        "AVERAGE_ACCURACY": "[0.2026 0.6726 0.6985 0.7178 0.6917 0.7172 0.7151 0.    ]",
        "LOG_FREQUENCY": 25,
        "AUGMENTATION_PROB": 0.0,
        "ALPHA": 0.1,
        "SAVE_FREQUENCY": 500,
        "NORM_LAYER": ""
    },
    "alpha": "1 0 . 0",
    "accuracy": [
        10.23,
        22.31,
        37.01,
        42.46,
        45.98,
        48.53,
        46.39,
        53.370000000000005,
        56.76,
        59.0,
        61.519999999999996,
        62.41,
        62.35000000000001,
        64.52,
        65.64999999999999,
        65.94,
        65.60000000000001,
        67.83,
        68.77,
        69.07,
        69.43,
        69.55,
        69.54,
        69.57,
        69.26,
        70.04,
        69.76,
        69.78999999999999,
        70.66,
        70.56,
        70.14,
        70.83,
        71.1,
        70.58,
        70.87,
        71.0,
        70.89999999999999,
        70.52000000000001,
        70.91,
        70.78,
        71.02,
        70.73,
        70.41999999999999,
        70.87,
        71.17999999999999,
        71.5,
        71.55,
        71.24000000000001,
        71.35000000000001,
        71.48,
        71.28999999999999,
        71.63,
        71.32,
        71.32,
        71.58,
        71.41999999999999,
        71.78,
        71.56,
        71.61999999999999,
        71.28,
        71.37,
        71.37,
        71.36,
        71.26,
        71.3,
        71.28,
        71.57,
        71.28999999999999,
        71.28,
        71.06,
        71.21,
        70.82,
        71.03,
        71.15,
        71.06,
        70.97,
        71.28,
        71.08,
        71.39999999999999,
        71.28,
        71.6,
        71.36,
        71.31,
        71.47,
        71.28,
        71.11999999999999,
        71.05,
        71.1,
        71.3,
        71.11,
        71.31,
        71.45,
        71.24000000000001,
        71.39999999999999,
        71.28999999999999,
        71.74000000000001,
        71.52,
        71.25,
        71.17,
        70.89,
        9.9,
        20.369999999999997,
        35.82,
        35.94,
        45.01,
        49.03,
        50.99,
        53.73,
        56.400000000000006,
        58.440000000000005,
        61.239999999999995,
        63.629999999999995,
        63.53,
        65.7,
        66.16,
        65.7,
        67.42,
        68.32000000000001,
        68.84,
        68.88,
        69.54,
        69.61,
        68.65,
        69.52000000000001,
        69.33,
        69.61,
        69.12,
        69.95,
        69.92,
        69.69999999999999,
        69.82000000000001,
        69.59,
        69.74000000000001,
        69.74000000000001,
        70.12,
        69.99,
        70.76,
        70.62,
        70.98,
        71.00999999999999,
        71.21,
        71.21,
        70.73,
        70.65,
        70.92,
        70.98,
        70.94,
        71.06,
        71.00999999999999,
        70.92,
        70.72,
        70.75,
        70.82,
        70.64,
        70.47,
        70.44,
        70.55,
        70.86,
        70.95,
        70.81,
        70.91,
        70.77,
        70.77,
        70.97,
        70.86,
        70.93,
        70.7,
        70.78,
        70.59,
        70.50999999999999,
        70.7,
        70.78,
        70.67,
        70.59,
        71.0,
        70.99,
        71.09,
        71.22,
        71.21,
        71.07,
        71.07,
        71.35000000000001,
        71.25,
        71.31,
        71.17999999999999,
        71.36,
        71.02000000000001,
        71.07,
        70.8,
        71.19,
        71.1,
        71.50999999999999,
        71.32,
        71.26,
        71.36,
        71.41999999999999,
        71.44,
        71.11,
        71.1,
        70.96000000000001
    ]
}