{
    "config": {
        "E": 1,
        "K": 5,
        "NUMBER_OF_CLIENTS": 100,
        "MAX_TIME": 2500,
        "BATCH_SIZE": 50,
        "VALIDATION_BATCH_SIZE": 500,
        "LR": 0.01,
        "DATA_DISTRIBUTION": "non-iid",
        "FED_AVG_M": false,
        "FED_AVG_M_BETA": 0.9,
        "FED_AVG_M_GAMMA": 1,
        "LR_DECAY": 0.99,
        "LOG_FREQUENCY": 25,
        "AUGMENTATION_PROB": 0.5,
        "SAVE_FREQUENCY": 100,
        "NORM_LAYER": ""
    },
    "alpha": 100.0,
    "accuracy": [
        10.14,
        20.78,
        28.749999999999996,
        32.41,
        36.27,
        38.76,
        39.2,
        44.279999999999994,
        45.14,
        46.85,
        48.42,
        49.480000000000004,
        50.39,
        50.71,
        52.26,
        53.010000000000005,
        53.400000000000006,
        54.52,
        53.93,
        56.65,
        56.43,
        57.550000000000004,
        59.37,
        59.589999999999996,
        59.99,
        61.150000000000006,
        61.260000000000005,
        62.580000000000005,
        62.650000000000006,
        63.44,
        63.51,
        63.86000000000001,
        64.83,
        65.34,
        65.74,
        65.79,
        66.32000000000001,
        66.7,
        67.02,
        66.83,
        67.62,
        68.17,
        68.28999999999999,
        68.47999999999999,
        69.07,
        69.71000000000001,
        69.51,
        67.15,
        69.61,
        70.36,
        70.71,
        70.34,
        70.98,
        71.2,
        71.76,
        71.41,
        72.42,
        71.64,
        71.72,
        72.33,
        73.05,
        72.46000000000001,
        72.69,
        73.42999999999999,
        73.29,
        73.15,
        73.53,
        73.63,
        73.25,
        74.11999999999999,
        74.03,
        74.37,
        74.14,
        74.3,
        74.37,
        73.98,
        74.61,
        74.53999999999999,
        75.14999999999999,
        75.37,
        75.22,
        75.21,
        75.41,
        74.71,
        75.41,
        75.53,
        75.08,
        75.77000000000001,
        76.06,
        74.97,
        76.13,
        76.39,
        75.16000000000001,
        76.27000000000001,
        76.55999999999999,
        76.52,
        76.16,
        76.42,
        76.42,
        76.37
    ]
}