{
    "config": {
        "E": 1,
        "K": 5,
        "NUMBER_OF_CLIENTS": 100,
        "MAX_TIME": 2500,
        "BATCH_SIZE": 50,
        "VALIDATION_BATCH_SIZE": 500,
        "LR": 0.01,
        "DATA_DISTRIBUTION": "non-iid",
        "DIRICHELET_ALPHA": "[ 0 . 0 ,   0 . 0 5 ,   0 . 1 ,   0 . 2 ,   0 . 5 ,   1 . 0 ]",
        "AVERAGE_ACCURACY": "[0.4823 0.5541 0.5899 0.5924 0.     0.     0.     0.    ]",
        "FED_AVG_M": false,
        "FED_AVG_M_BETA": 0.9,
        "FED_AVG_M_GAMMA": 1,
        "LR_DECAY": 0.99,
        "LOG_FREQUENCY": 25,
        "AUGMENTATION_PROB": 0.0,
        "SAVE_FREQUENCY": 100,
        "NORM_LAYER": ""
    },
    "alpha": "0 . 2",
    "accuracy": [
        12.32,
        11.66,
        10.03,
        21.6,
        16.82,
        23.48,
        18.25,
        22.61,
        23.98,
        26.950000000000003,
        25.46,
        27.650000000000002,
        25.7,
        24.25,
        32.96,
        25.85,
        28.02,
        32.51,
        38.75,
        31.69,
        38.54,
        39.300000000000004,
        36.36,
        34.27,
        29.86,
        36.76,
        38.33,
        41.08,
        43.96,
        37.940000000000005,
        34.88,
        31.75,
        36.82,
        38.879999999999995,
        43.480000000000004,
        35.93,
        31.31,
        39.61,
        17.49,
        40.410000000000004,
        45.64,
        40.489999999999995,
        33.269999999999996,
        43.830000000000005,
        45.4,
        42.21,
        36.27,
        34.96,
        44.019999999999996,
        34.86,
        45.72,
        41.089999999999996,
        50.19,
        46.239999999999995,
        46.87,
        40.71,
        32.12,
        51.910000000000004,
        45.42,
        53.74,
        48.19,
        44.4,
        50.93,
        43.71,
        50.839999999999996,
        43.94,
        51.27,
        51.09,
        57.720000000000006,
        37.4,
        51.53,
        44.68,
        53.44,
        49.91,
        54.72,
        56.04,
        53.410000000000004,
        49.120000000000005,
        47.21,
        46.83,
        46.339999999999996,
        52.31,
        53.269999999999996,
        48.43,
        53.16,
        58.81999999999999,
        53.54,
        49.88,
        55.290000000000006,
        55.48,
        59.18,
        50.449999999999996,
        53.32,
        53.12,
        56.93,
        51.870000000000005,
        50.88,
        57.86,
        59.24,
        56.48
    ]
}