{
    "config": {
        "E": 1,
        "K": 5,
        "NUMBER_OF_CLIENTS": 100,
        "MAX_TIME": 10000,
        "BATCH_SIZE": 50,
        "VALIDATION_BATCH_SIZE": 500,
        "LR": 0.01,
        "WEIGHT_DECAY": 0.0004,
        "DATA_DISTRIBUTION": "non-iid",
        "DIRICHELET_ALPHA": "[ 0 . 0 ,   0 . 0 5 ,   0 . 1 ,   0 . 2 ,   0 . 5 ,   1 . 0 ,   1 0 . 0 ,   1 0 0 . 0 ]",
        "AVERAGE_ACCURACY": "[0.2589 0.5169 0.5339 0.     0.     0.     0.     0.    ]",
        "FED_AVG_M": false,
        "FED_AVG_M_BETA": 0.9,
        "FED_AVG_M_GAMMA": 1,
        "LR_DECAY": 0.99,
        "LOG_FREQUENCY": 25,
        "AUGMENTATION_PROB": 0.0,
        "SAVE_FREQUENCY": 500,
        "NORM_LAYER": "bn"
    },
    "alpha": "0 . 1",
    "accuracy": [
        10.08,
        10.24,
        10.0,
        19.63,
        24.32,
        21.62,
        30.61,
        19.48,
        19.46,
        28.34,
        22.73,
        30.06,
        13.86,
        37.940000000000005,
        27.860000000000003,
        36.05,
        36.28,
        38.75,
        36.16,
        32.6,
        37.580000000000005,
        31.11,
        45.1,
        29.73,
        38.11,
        42.33,
        37.3,
        35.35,
        44.72,
        34.8,
        35.980000000000004,
        32.080000000000005,
        42.370000000000005,
        30.8,
        35.120000000000005,
        46.19,
        41.9,
        26.19,
        36.91,
        36.69,
        39.290000000000006,
        47.52,
        35.9,
        43.08,
        42.69,
        32.68,
        39.37,
        37.04,
        40.08,
        26.56,
        25.930000000000003,
        41.58,
        32.7,
        44.03,
        37.65,
        30.14,
        44.97,
        31.89,
        36.370000000000005,
        36.059999999999995,
        31.540000000000003,
        41.47,
        39.93,
        30.9,
        50.160000000000004,
        34.74,
        45.09,
        36.89,
        33.15,
        19.34,
        44.87,
        37.61,
        30.29,
        38.83,
        46.72,
        44.07,
        29.65,
        33.12,
        30.31,
        48.66,
        40.97,
        36.3,
        29.160000000000004,
        43.43,
        38.550000000000004,
        47.12,
        50.32,
        35.52,
        42.089999999999996,
        43.230000000000004,
        41.19,
        41.449999999999996,
        38.21,
        42.58,
        29.270000000000003,
        44.81,
        38.25,
        45.47,
        47.52,
        40.62,
        40.07,
        47.8,
        40.92,
        35.78,
        45.67,
        41.89,
        37.059999999999995,
        43.61,
        51.06,
        30.919999999999998,
        46.64,
        53.39,
        37.769999999999996,
        33.25,
        48.1,
        46.44,
        39.489999999999995,
        42.309999999999995,
        46.22,
        37.31,
        40.25,
        43.34,
        42.63,
        47.9,
        47.05,
        44.46,
        42.199999999999996,
        35.699999999999996,
        47.61,
        48.61,
        42.0,
        35.4,
        40.510000000000005,
        40.33,
        29.360000000000003,
        39.7,
        48.76,
        44.14,
        44.96,
        46.150000000000006,
        44.16,
        34.160000000000004,
        43.88,
        48.5,
        44.019999999999996,
        43.61,
        29.13,
        35.25,
        42.19,
        48.18,
        39.900000000000006,
        42.370000000000005,
        44.96,
        50.39,
        44.879999999999995,
        49.220000000000006,
        46.18,
        49.95,
        44.11,
        42.77,
        40.32,
        41.39,
        45.53,
        44.24,
        46.36,
        42.69,
        41.68,
        44.04,
        37.24,
        45.09,
        47.83,
        40.22,
        48.66,
        33.650000000000006,
        37.46,
        49.61,
        44.48,
        44.84,
        45.300000000000004,
        49.42,
        46.96,
        49.81,
        49.68,
        40.28,
        45.08,
        46.31,
        41.589999999999996,
        47.410000000000004,
        47.31,
        47.15,
        46.97,
        33.78,
        45.5,
        43.72,
        50.4,
        44.99,
        51.78,
        44.32,
        47.97,
        45.12,
        46.71,
        37.3,
        50.36000000000001,
        40.71,
        50.38,
        36.11,
        45.84,
        47.47,
        29.68,
        47.64,
        47.17,
        44.33,
        46.18,
        45.800000000000004,
        47.13,
        48.22,
        34.260000000000005,
        48.44,
        45.6,
        45.47,
        43.28,
        41.91,
        48.949999999999996,
        40.599999999999994,
        47.04,
        49.309999999999995,
        47.19,
        49.82,
        45.26,
        43.08,
        50.78,
        48.6,
        45.14,
        47.980000000000004,
        41.71,
        48.49,
        35.29,
        36.11,
        41.980000000000004,
        39.37,
        47.43,
        41.72,
        38.79,
        50.5,
        42.6,
        45.300000000000004,
        46.88,
        48.620000000000005,
        47.81,
        48.68,
        45.89,
        30.17,
        50.91,
        50.2,
        45.86,
        49.919999999999995,
        41.81,
        42.33,
        36.71,
        47.9,
        44.42,
        52.349999999999994,
        47.93,
        48.38,
        44.93,
        46.39,
        46.129999999999995,
        46.63,
        49.66,
        49.55,
        51.980000000000004,
        52.019999999999996,
        47.010000000000005,
        53.05,
        41.49,
        52.23,
        39.36,
        47.11,
        41.15,
        44.83,
        46.63,
        47.71,
        44.84,
        34.4,
        37.55,
        46.23,
        46.56,
        45.56,
        45.7,
        47.42,
        39.129999999999995,
        49.81,
        47.32,
        35.809999999999995,
        45.800000000000004,
        52.35999999999999,
        47.44,
        51.260000000000005,
        46.71,
        44.93,
        43.669999999999995,
        43.82,
        47.33,
        43.580000000000005,
        48.4,
        49.36,
        42.74,
        46.410000000000004,
        53.080000000000005,
        48.77,
        50.44,
        43.69,
        49.559999999999995,
        47.38,
        41.17,
        44.93,
        47.61,
        50.96000000000001,
        49.75,
        46.26,
        48.010000000000005,
        45.74,
        40.839999999999996,
        44.18,
        52.53,
        45.550000000000004,
        44.42,
        52.05,
        50.51,
        44.14,
        43.730000000000004,
        43.95,
        45.26,
        50.55,
        43.35,
        44.45,
        42.65,
        30.29,
        42.47,
        51.65,
        40.26,
        43.14,
        47.93,
        50.029999999999994,
        47.61,
        47.74,
        48.230000000000004,
        50.239999999999995,
        51.260000000000005,
        43.480000000000004,
        50.949999999999996,
        36.59,
        36.559999999999995,
        49.21,
        42.730000000000004,
        45.93,
        51.9,
        41.74,
        38.48,
        46.43,
        50.980000000000004,
        45.2,
        43.41,
        44.13,
        45.2,
        46.89,
        47.8,
        51.22,
        40.69,
        47.02,
        45.269999999999996,
        48.97,
        47.57,
        49.78,
        50.12,
        47.58,
        45.660000000000004,
        39.489999999999995,
        41.19,
        44.14,
        48.83,
        43.64,
        48.120000000000005,
        49.69,
        48.91,
        48.94,
        46.32,
        44.769999999999996,
        34.27,
        38.57,
        47.52,
        46.18,
        47.349999999999994,
        50.580000000000005,
        47.67,
        47.599999999999994,
        43.95,
        46.48,
        47.620000000000005,
        42.54
    ]
}