{
    "config": {
        "E": 5,
        "K": 5,
        "NUMBER_OF_CLIENTS": 100,
        "MAX_TIME": 2500,
        "BATCH_SIZE": 50,
        "VALIDATION_BATCH_SIZE": 500,
        "LR": 0.01,
        "WEIGHT_DECAY": 0.0004,
        "DATA_DISTRIBUTION": "non-iid",
        "FED_AVG_M": false,
        "FED_AVG_M_BETA": 0.9,
        "FED_AVG_M_GAMMA": 1,
        "LR_DECAY": 0.99,
        "LOG_FREQUENCY": 25,
        "AUGMENTATION_PROB": 0.0,
        "SAVE_FREQUENCY": 500,
        "NORM_LAYER": ""
    },
    "alpha": 0.1,
    "accuracy": [
        10.0,
        10.0,
        18.73,
        20.61,
        22.6,
        32.550000000000004,
        23.630000000000003,
        27.33,
        28.389999999999997,
        32.57,
        29.160000000000004,
        26.6,
        18.18,
        30.919999999999998,
        27.88,
        27.58,
        31.19,
        37.120000000000005,
        40.43,
        37.92,
        42.94,
        28.68,
        40.88,
        41.74,
        44.47,
        39.42,
        38.94,
        47.9,
        43.9,
        44.879999999999995,
        47.53,
        35.42,
        33.050000000000004,
        44.269999999999996,
        36.3,
        53.080000000000005,
        42.59,
        52.83,
        43.3,
        40.12,
        40.89,
        51.72,
        41.370000000000005,
        51.43,
        45.92,
        40.589999999999996,
        44.86,
        44.9,
        44.96,
        43.6,
        51.629999999999995,
        49.43,
        53.459999999999994,
        43.309999999999995,
        50.01,
        35.47,
        54.64,
        51.12,
        49.46,
        53.169999999999995,
        53.010000000000005,
        45.39,
        45.690000000000005,
        52.99,
        41.4,
        54.7,
        43.94,
        44.76,
        45.73,
        53.910000000000004,
        31.230000000000004,
        51.68000000000001,
        46.589999999999996,
        36.32,
        50.79,
        39.18,
        51.370000000000005,
        48.63,
        46.839999999999996,
        55.45,
        44.87,
        50.72,
        55.620000000000005,
        44.019999999999996,
        48.26,
        48.68,
        46.07,
        50.970000000000006,
        55.55,
        39.33,
        49.64,
        52.6,
        54.620000000000005,
        59.37,
        46.83,
        56.05,
        55.55,
        48.83,
        56.699999999999996,
        53.36
    ]
}
