{
    "config": {
        "E": 1,
        "K": 5,
        "NUMBER_OF_CLIENTS": 100,
        "MAX_TIME": 2500,
        "BATCH_SIZE": 50,
        "VALIDATION_BATCH_SIZE": 500,
        "LR": 0.01,
        "DATA_DISTRIBUTION": "non-iid",
        "FED_AVG_M": false,
        "FED_AVG_M_BETA": 0.9,
        "FED_AVG_M_GAMMA": 1,
        "LR_DECAY": 0.99,
        "LOG_FREQUENCY": 25,
        "AUGMENTATION_PROB": 0.0,
        "SAVE_FREQUENCY": 100,
        "NORM_LAYER": ""
    },
    "alpha": 1.0,
    "accuracy": [
        10.190000000000001,
        22.55,
        17.150000000000002,
        23.669999999999998,
        28.250000000000004,
        28.29,
        33.21,
        36.36,
        36.41,
        36.230000000000004,
        37.019999999999996,
        39.300000000000004,
        36.51,
        35.3,
        43.81,
        39.08,
        34.27,
        45.03,
        43.46,
        45.519999999999996,
        41.589999999999996,
        40.33,
        47.99,
        47.77,
        45.11,
        41.089999999999996,
        50.8,
        47.36,
        53.03,
        51.39,
        52.51,
        52.82,
        48.260000000000005,
        54.16,
        48.75,
        52.27,
        52.629999999999995,
        47.160000000000004,
        52.52,
        54.080000000000005,
        52.59,
        57.89,
        59.58,
        51.05,
        55.559999999999995,
        56.699999999999996,
        59.099999999999994,
        58.43000000000001,
        60.480000000000004,
        57.31,
        57.42,
        52.300000000000004,
        61.27,
        45.48,
        56.989999999999995,
        58.91,
        56.8,
        55.38999999999999,
        54.730000000000004,
        59.37,
        60.75000000000001,
        54.86,
        60.150000000000006,
        63.12,
        57.940000000000005,
        61.050000000000004,
        64.44,
        63.28,
        59.14,
        63.470000000000006,
        60.88,
        58.230000000000004,
        63.99,
        62.470000000000006,
        60.980000000000004,
        60.45,
        64.31,
        63.38,
        63.61,
        60.86,
        61.38,
        65.03,
        64.64,
        65.93,
        61.45,
        63.89,
        65.33,
        60.73,
        63.78,
        66.95,
        62.83,
        65.31,
        65.33,
        64.48,
        66.86999999999999,
        67.12,
        66.67,
        65.72,
        62.6,
        62.260000000000005
    ]
}