{
    "config": {
        "E": 1,
        "K": 5,
        "NUMBER_OF_CLIENTS": 100,
        "MAX_TIME": 10000,
        "BATCH_SIZE": 50,
        "VALIDATION_BATCH_SIZE": 500,
        "LR": 0.01,
        "WEIGHT_DECAY": 0.0004,
        "DATA_DISTRIBUTION": "non-iid",
        "FED_AVG_M": false,
        "FED_AVG_M_BETA": 0.9,
        "FED_AVG_M_GAMMA": 1,
        "LR_DECAY": 0.99,
        "LOG_FREQUENCY": 25,
        "AUGMENTATION_PROB": 0.0,
        "SAVE_FREQUENCY": 500,
        "NORM_LAYER": "gn"
    },
    "alpha": 0.05,
    "accuracy": [
        14.19,
        10.010000000000002,
        12.430000000000001,
        21.96,
        13.86,
        18.35,
        17.31,
        30.159999999999997,
        24.8,
        29.5,
        27.389999999999997,
        33.43,
        27.67,
        26.090000000000003,
        35.72,
        30.330000000000002,
        37.76,
        36.07,
        39.03,
        38.379999999999995,
        38.04,
        45.519999999999996,
        33.68,
        40.300000000000004,
        33.48,
        29.78,
        40.73,
        37.05,
        34.82,
        49.0,
        33.45,
        40.31,
        42.43,
        43.09,
        39.300000000000004,
        48.120000000000005,
        42.0,
        40.87,
        53.23,
        48.36,
        38.800000000000004,
        45.660000000000004,
        26.240000000000002,
        41.78,
        51.05,
        38.22,
        36.74,
        44.080000000000005,
        50.160000000000004,
        53.800000000000004,
        47.760000000000005,
        50.739999999999995,
        43.65,
        49.08,
        50.580000000000005,
        49.64,
        48.809999999999995,
        49.44,
        51.11,
        50.99,
        48.32,
        48.24,
        50.63999999999999,
        51.18000000000001,
        43.45,
        44.35,
        52.51,
        52.28,
        47.17,
        49.15,
        51.959999999999994,
        52.65,
        53.55,
        61.85000000000001,
        51.6,
        59.089999999999996,
        55.57,
        55.13,
        55.54,
        57.86,
        51.1,
        54.98,
        54.6,
        54.32,
        54.300000000000004,
        61.919999999999995,
        52.0,
        54.080000000000005,
        54.18000000000001,
        55.290000000000006,
        50.56,
        50.67,
        47.74,
        57.230000000000004,
        52.839999999999996,
        61.07,
        62.63999999999999,
        53.080000000000005,
        60.41,
        57.65,
        58.199999999999996,
        64.58,
        56.08,
        51.129999999999995,
        55.25,
        55.410000000000004,
        59.28,
        58.050000000000004,
        61.61,
        53.04,
        60.940000000000005,
        52.160000000000004,
        59.81999999999999,
        58.48,
        55.269999999999996,
        61.82,
        56.910000000000004,
        58.87,
        59.8,
        64.09,
        59.08,
        63.339999999999996,
        64.73,
        60.4,
        61.5,
        64.91,
        58.809999999999995,
        58.29,
        59.18,
        62.11,
        58.36,
        59.599999999999994,
        60.58,
        54.690000000000005,
        64.94,
        60.01,
        64.14999999999999,
        66.36999999999999,
        60.12,
        59.97,
        58.120000000000005,
        63.129999999999995,
        64.25,
        61.5,
        57.93000000000001,
        64.25999999999999,
        60.62,
        60.69,
        65.73,
        58.540000000000006,
        52.01,
        58.76,
        59.88,
        65.73,
        61.46,
        54.66,
        61.29,
        59.45,
        60.73,
        66.43,
        59.68,
        61.56,
        61.38,
        62.73,
        55.22,
        63.04,
        61.78,
        63.5,
        60.33,
        65.79,
        61.88,
        60.25,
        62.11,
        67.7,
        60.78,
        62.949999999999996,
        49.49,
        61.35,
        65.3,
        54.7,
        64.86,
        66.67,
        58.45,
        62.19,
        64.09,
        60.709999999999994,
        67.75,
        59.089999999999996,
        66.53999999999999,
        69.19,
        63.23,
        70.37,
        61.01,
        66.0,
        68.5,
        68.85,
        66.63,
        63.11,
        62.56,
        51.17,
        61.3,
        64.07000000000001,
        65.49000000000001,
        71.22,
        62.96000000000001,
        66.58,
        68.23,
        67.32000000000001,
        65.63,
        64.73,
        68.43,
        67.28999999999999,
        57.16,
        66.24,
        63.739999999999995,
        60.56,
        67.36,
        61.59,
        71.22,
        64.48,
        69.28999999999999,
        61.980000000000004,
        67.44,
        57.42,
        65.12,
        69.26,
        63.970000000000006,
        50.660000000000004,
        65.02,
        69.73,
        69.23,
        67.25,
        68.36,
        64.18,
        70.24000000000001,
        60.11,
        61.36000000000001,
        63.81,
        66.49000000000001,
        64.68,
        60.940000000000005,
        66.96,
        63.4,
        66.53999999999999,
        67.61,
        66.77,
        69.06,
        66.38,
        69.86,
        66.16,
        70.99,
        68.53,
        69.07,
        70.99,
        64.25999999999999,
        64.7,
        66.99000000000001,
        67.28,
        71.82,
        66.46,
        72.22999999999999,
        69.17999999999999,
        65.16999999999999,
        64.79,
        67.75,
        68.91000000000001,
        69.58,
        72.0,
        71.11999999999999,
        66.97999999999999,
        66.11,
        69.49,
        68.37,
        62.14999999999999,
        66.52,
        62.31,
        69.08,
        70.12,
        71.35000000000001,
        68.47999999999999,
        68.43,
        65.79,
        69.74000000000001,
        66.33,
        68.69999999999999,
        67.55,
        71.19,
        69.0,
        68.41000000000001,
        70.43,
        65.97,
        70.19999999999999,
        71.64,
        70.56,
        71.44,
        71.66,
        72.32,
        66.06,
        69.58,
        68.03,
        68.11,
        72.19,
        59.98,
        69.56,
        72.67,
        70.89,
        69.06,
        69.48,
        69.45,
        69.66,
        69.80999999999999,
        69.50999999999999,
        68.13,
        64.2,
        70.41999999999999,
        69.92,
        71.63000000000001,
        68.74,
        69.42,
        68.82000000000001,
        70.33,
        55.93,
        69.44,
        71.13000000000001,
        70.81,
        71.78,
        63.55,
        69.96,
        64.68,
        71.09,
        70.96000000000001,
        70.22,
        72.46000000000001,
        71.56,
        69.82000000000001,
        65.45,
        65.9,
        73.25,
        70.63000000000001,
        66.95,
        73.31,
        72.5,
        69.34,
        66.35,
        68.36,
        72.65,
        70.27,
        71.46000000000001,
        69.23,
        73.46000000000001,
        64.55,
        68.58999999999999,
        71.56,
        73.41,
        73.87,
        70.81,
        70.05,
        71.39999999999999,
        71.63000000000001,
        71.35000000000001,
        72.28,
        72.26,
        73.27,
        67.80000000000001,
        65.48,
        68.93,
        71.96000000000001,
        65.59,
        69.83,
        68.82000000000001,
        69.24,
        65.68,
        69.55,
        65.28,
        71.69,
        73.09,
        71.41,
        68.55,
        71.50999999999999,
        64.58,
        73.06,
        72.58,
        72.94,
        73.49,
        72.45,
        71.8,
        68.07,
        70.67,
        72.59,
        68.97999999999999,
        70.98,
        70.49,
        71.33,
        68.51,
        72.35000000000001,
        72.72999999999999,
        69.99,
        71.41,
        72.58,
        72.7
    ]
}