{
    "config": {
        "E": 1,
        "K": 10,
        "NUMBER_OF_CLIENTS": 100,
        "MAX_TIME": 10000,
        "BATCH_SIZE": 50,
        "VALIDATION_BATCH_SIZE": 500,
        "LR": 0.01,
        "WEIGHT_DECAY": 0.0004,
        "DATA_DISTRIBUTION": "non-iid",
        "FED_AVG_M": false,
        "FED_AVG_M_BETA": 0.9,
        "FED_AVG_M_GAMMA": 1,
        "LR_DECAY": 0.99,
        "LOG_FREQUENCY": 25,
        "AUGMENTATION_PROB": 0.0,
        "SAVE_FREQUENCY": 500,
        "NORM_LAYER": ""
    },
    "alpha": 0.05,
    "accuracy": [
        12.13,
        10.0,
        10.0,
        10.0,
        14.34,
        17.03,
        22.99,
        23.34,
        17.39,
        26.229999999999997,
        26.26,
        29.73,
        24.44,
        26.43,
        30.220000000000002,
        28.07,
        25.52,
        26.14,
        35.92,
        18.15,
        32.75,
        26.729999999999997,
        32.15,
        34.160000000000004,
        35.46,
        36.9,
        34.489999999999995,
        38.16,
        29.28,
        41.06,
        36.83,
        35.63,
        35.760000000000005,
        39.160000000000004,
        37.12,
        43.65,
        31.64,
        36.24,
        41.11,
        43.44,
        46.77,
        47.410000000000004,
        43.830000000000005,
        41.49,
        40.589999999999996,
        41.64,
        45.39,
        46.93,
        42.919999999999995,
        48.41,
        45.85,
        40.699999999999996,
        47.18,
        46.87,
        39.15,
        43.37,
        45.37,
        45.379999999999995,
        46.87,
        41.4,
        47.15,
        45.37,
        49.17,
        50.19,
        49.49,
        47.36,
        46.239999999999995,
        46.839999999999996,
        50.43,
        52.870000000000005,
        45.9,
        51.519999999999996,
        51.03,
        51.739999999999995,
        49.58,
        48.010000000000005,
        51.970000000000006,
        54.04,
        51.01,
        52.28,
        51.92,
        48.97,
        53.86,
        52.349999999999994,
        53.010000000000005,
        55.67999999999999,
        47.68,
        51.970000000000006,
        55.720000000000006,
        51.239999999999995,
        54.33,
        51.09,
        48.230000000000004,
        54.39000000000001,
        56.379999999999995,
        52.0,
        47.83,
        57.269999999999996,
        41.44,
        53.11,
        52.07000000000001,
        55.25,
        54.400000000000006,
        57.29,
        55.59,
        51.65,
        55.71,
        56.330000000000005,
        51.04,
        52.52,
        55.87,
        54.410000000000004,
        52.900000000000006,
        57.809999999999995,
        55.53,
        56.05,
        58.24,
        52.31,
        55.69,
        50.839999999999996,
        60.260000000000005,
        59.95,
        52.400000000000006,
        57.07,
        57.49999999999999,
        53.0,
        59.160000000000004,
        56.24,
        54.6,
        58.13,
        59.51,
        58.91,
        55.04,
        58.86,
        58.230000000000004,
        57.52,
        58.709999999999994,
        60.28,
        57.82000000000001,
        59.07,
        61.47,
        61.46,
        60.69,
        57.57,
        56.47,
        57.48,
        55.54,
        50.870000000000005,
        62.529999999999994,
        60.709999999999994,
        62.82,
        59.51,
        60.96,
        56.989999999999995,
        58.540000000000006,
        60.23,
        57.97,
        60.91,
        60.72,
        61.89,
        55.46,
        61.61,
        59.79,
        59.760000000000005,
        57.879999999999995,
        62.07,
        60.43000000000001,
        56.120000000000005,
        61.17,
        59.46,
        59.07,
        64.07000000000001,
        60.28,
        59.84,
        56.38999999999999,
        56.37,
        56.13,
        62.83,
        63.28,
        61.08,
        63.349999999999994,
        60.809999999999995,
        58.39,
        53.16,
        55.33,
        65.36,
        59.870000000000005,
        63.63999999999999,
        61.51,
        57.4,
        62.01,
        65.51,
        64.1,
        61.83,
        64.3,
        64.82,
        63.61,
        60.99,
        61.199999999999996,
        64.21,
        63.93,
        59.95,
        65.83,
        62.57,
        58.89,
        64.12,
        63.94,
        64.78,
        63.800000000000004,
        64.52,
        63.9,
        60.38,
        65.05,
        65.32,
        62.41,
        55.779999999999994,
        64.47,
        64.85,
        64.84,
        63.12,
        65.47,
        66.14,
        66.71000000000001,
        63.21,
        65.45,
        64.5,
        65.58,
        64.64999999999999,
        64.71000000000001,
        64.8,
        64.0,
        60.980000000000004,
        61.28,
        62.36000000000001,
        65.22,
        65.60000000000001,
        67.45,
        61.67,
        65.16,
        65.60000000000001,
        67.82000000000001,
        61.0,
        65.41,
        62.94,
        62.86000000000001,
        66.97,
        64.73,
        63.3,
        63.91,
        63.55,
        65.78,
        65.69,
        62.89,
        66.7,
        65.99000000000001,
        63.94,
        65.97,
        66.22,
        62.22,
        66.47,
        68.06,
        67.39,
        65.99000000000001,
        66.92,
        65.5,
        64.24,
        64.52,
        69.48,
        68.46,
        65.33,
        68.93,
        64.4,
        62.93,
        68.07,
        69.19,
        64.45,
        68.69999999999999,
        62.18,
        66.93,
        67.25,
        65.9,
        66.78,
        66.33,
        64.95,
        62.2,
        66.94,
        65.86,
        67.16,
        68.11,
        66.19,
        64.2,
        68.07,
        66.05,
        68.8,
        67.25,
        64.08,
        62.870000000000005,
        64.38000000000001,
        67.19000000000001,
        64.17,
        66.17,
        64.59,
        68.86,
        64.89,
        67.91,
        68.7,
        67.49,
        69.17,
        69.06,
        70.14,
        69.28,
        67.95,
        64.59,
        62.08,
        67.88,
        67.62,
        66.42,
        70.48,
        66.27,
        68.94,
        65.52,
        70.72,
        64.7,
        69.6,
        66.97,
        68.54,
        66.85,
        69.54,
        69.46,
        64.42999999999999,
        69.41000000000001,
        66.45,
        64.98,
        69.54,
        66.77,
        67.81,
        70.12,
        70.11,
        68.86,
        67.63,
        66.27,
        69.15,
        64.88000000000001,
        68.96,
        65.24,
        64.92999999999999,
        61.56,
        64.68,
        69.77,
        66.97999999999999,
        66.69,
        67.08,
        69.31,
        67.93,
        69.28999999999999,
        67.99,
        69.96,
        68.39999999999999,
        67.53,
        68.91000000000001,
        70.55,
        67.94,
        66.38000000000001,
        67.23,
        69.59,
        69.17,
        70.98,
        67.43,
        68.84,
        69.75,
        71.22,
        69.89,
        70.65,
        69.28,
        67.05,
        66.88,
        70.69,
        70.54,
        68.76,
        62.11,
        69.12,
        65.21000000000001,
        70.61,
        67.41,
        68.71000000000001,
        68.25,
        70.12,
        71.55,
        70.12,
        67.11,
        67.4,
        64.05,
        69.95,
        68.49,
        68.21000000000001,
        71.73,
        68.46,
        68.99,
        66.95,
        70.34
    ]
}