{
    "config": {
        "E": 1,
        "K": 5,
        "NUMBER_OF_CLIENTS": 100,
        "MAX_TIME": 10000,
        "BATCH_SIZE": 50,
        "VALIDATION_BATCH_SIZE": 500,
        "LR": 0.01,
        "WEIGHT_DECAY": 0.0004,
        "DATA_DISTRIBUTION": "non-iid",
        "DIRICHELET_ALPHA": "[ 0 . 0 ,   0 . 0 5 ,   0 . 1 ,   0 . 2 ,   0 . 5 ,   1 . 0 ,   1 0 . 0 ,   1 0 0 . 0 ]",
        "AVERAGE_ACCURACY": "[0.7411 0.     0.     0.     0.     0.     0.     0.    ]",
        "FED_AVG_M": false,
        "FED_AVG_M_BETA": 0.9,
        "FED_AVG_M_GAMMA": 1,
        "LR_DECAY": 0.99,
        "LOG_FREQUENCY": 25,
        "AUGMENTATION_PROB": 0.0,
        "SAVE_FREQUENCY": 500,
        "NORM_LAYER": "gn"
    },
    "alpha": "0 . 0",
    "accuracy": [
        10.0,
        10.01,
        10.0,
        15.27,
        11.21,
        10.08,
        10.12,
        16.93,
        22.78,
        24.42,
        15.83,
        31.540000000000003,
        20.26,
        30.53,
        29.220000000000002,
        32.940000000000005,
        26.47,
        24.18,
        22.970000000000002,
        30.620000000000005,
        27.38,
        36.28,
        37.22,
        33.39,
        40.35,
        37.47,
        37.81,
        36.52,
        37.53,
        30.09,
        26.06,
        42.08,
        31.240000000000002,
        34.03,
        40.33,
        34.39,
        47.99,
        44.51,
        39.15,
        47.099999999999994,
        27.85,
        32.06,
        34.1,
        51.690000000000005,
        47.27,
        41.8,
        42.55,
        39.61,
        35.27,
        35.9,
        26.840000000000003,
        49.53,
        41.47,
        37.79,
        37.03,
        43.0,
        38.66,
        48.15,
        48.089999999999996,
        42.93,
        54.24,
        47.410000000000004,
        47.78,
        44.25,
        43.4,
        39.47,
        50.260000000000005,
        52.68000000000001,
        45.89,
        49.41,
        43.09,
        48.339999999999996,
        42.96,
        51.59,
        47.21,
        35.92,
        49.919999999999995,
        33.92,
        39.97,
        43.91,
        37.76,
        45.81,
        51.15,
        47.99,
        53.31,
        36.65,
        47.0,
        52.059999999999995,
        55.82,
        52.18000000000001,
        48.160000000000004,
        42.94,
        56.730000000000004,
        47.07,
        46.150000000000006,
        58.10999999999999,
        55.87,
        59.31999999999999,
        49.970000000000006,
        51.72,
        22.17,
        53.03,
        48.1,
        51.23,
        51.580000000000005,
        51.71,
        44.5,
        48.65,
        58.699999999999996,
        45.519999999999996,
        59.03,
        50.839999999999996,
        58.160000000000004,
        49.64,
        56.47,
        55.35,
        40.39,
        51.970000000000006,
        48.85,
        56.220000000000006,
        54.54,
        55.169999999999995,
        48.83,
        53.779999999999994,
        53.080000000000005,
        60.25,
        50.27,
        59.41,
        56.42,
        49.88,
        54.15,
        57.769999999999996,
        55.08,
        62.4,
        54.53,
        55.059999999999995,
        58.660000000000004,
        62.849999999999994,
        54.410000000000004,
        32.76,
        60.46,
        54.54,
        53.49,
        54.28000000000001,
        46.89,
        63.31,
        56.2,
        57.3,
        54.02,
        58.98,
        63.019999999999996,
        56.56,
        57.06,
        56.68,
        45.96,
        37.78,
        49.120000000000005,
        53.33,
        49.39,
        54.26,
        59.13,
        52.239999999999995,
        51.05,
        56.15,
        63.980000000000004,
        59.9,
        49.43,
        62.470000000000006,
        58.589999999999996,
        58.47,
        59.230000000000004,
        61.529999999999994,
        61.45,
        62.349999999999994,
        58.160000000000004,
        51.9,
        64.72,
        60.029999999999994,
        61.019999999999996,
        63.870000000000005,
        48.94,
        57.809999999999995,
        58.97,
        52.739999999999995,
        60.39,
        60.019999999999996,
        65.24,
        60.92999999999999,
        56.410000000000004,
        58.34,
        57.61000000000001,
        65.73,
        65.03999999999999,
        65.16999999999999,
        58.660000000000004,
        58.29,
        57.64,
        59.64,
        60.18,
        63.81,
        57.4,
        57.87,
        65.36999999999999,
        64.03,
        58.599999999999994,
        57.089999999999996,
        57.91,
        66.92,
        58.84,
        47.9,
        57.87,
        56.76,
        59.12,
        66.44,
        59.19,
        57.989999999999995,
        61.71,
        64.89,
        60.38,
        58.63,
        64.38000000000001,
        57.38999999999999,
        56.730000000000004,
        62.69,
        67.35,
        59.13,
        53.13,
        64.94,
        63.239999999999995,
        65.18,
        57.269999999999996,
        61.150000000000006,
        68.54,
        60.419999999999995,
        68.15,
        60.89,
        60.28,
        43.04,
        64.34,
        67.58,
        61.519999999999996,
        67.96,
        62.9,
        62.39,
        65.45,
        63.09,
        67.56,
        60.3,
        63.88,
        57.620000000000005,
        66.67,
        71.36,
        67.78999999999999,
        65.77,
        67.12,
        65.05,
        66.71000000000001,
        67.05,
        66.07,
        65.96,
        64.51,
        63.17,
        67.35,
        60.67,
        66.73,
        63.4,
        58.34,
        65.2,
        69.54,
        68.45,
        70.41,
        67.94,
        67.34,
        66.3,
        58.8,
        64.17,
        66.92,
        69.05,
        70.23,
        68.17999999999999,
        69.45,
        56.53,
        64.5,
        69.34,
        62.7,
        61.53999999999999,
        67.82000000000001,
        69.83,
        66.18,
        66.83,
        63.13999999999999,
        68.06,
        70.95,
        60.62,
        68.5,
        70.94,
        65.64999999999999,
        70.35,
        68.96,
        65.16,
        63.68000000000001,
        67.16,
        62.150000000000006,
        65.69,
        67.33,
        70.6,
        65.24,
        65.47,
        69.72,
        68.73,
        63.65,
        63.019999999999996,
        68.13,
        67.77,
        64.28,
        65.62,
        68.85,
        58.47,
        71.13000000000001,
        68.67,
        71.39,
        70.15,
        68.67999999999999,
        53.72,
        66.60000000000001,
        68.33,
        68.53,
        70.35,
        70.43,
        69.38,
        73.42999999999999,
        68.65,
        64.19,
        71.28,
        70.06,
        63.82,
        66.86,
        69.93,
        68.84,
        59.68,
        57.730000000000004,
        65.7,
        67.51,
        67.53,
        65.46,
        66.34,
        70.12,
        69.78,
        68.81,
        67.51,
        71.64,
        70.41,
        49.89,
        68.43,
        69.38,
        71.28,
        69.56,
        72.61999999999999,
        70.27,
        67.5,
        71.7,
        68.89,
        67.03,
        70.82000000000001,
        63.800000000000004,
        67.78999999999999,
        70.54,
        67.4,
        58.45,
        72.83,
        64.14,
        63.29,
        71.48,
        71.38,
        70.62,
        63.54,
        71.77,
        68.47999999999999,
        74.11,
        63.11,
        69.92,
        72.54,
        69.95,
        71.12,
        65.63,
        70.97,
        71.78,
        71.09,
        68.71000000000001,
        71.56,
        70.3,
        70.58,
        53.12,
        71.28999999999999,
        66.91,
        72.86,
        70.81,
        70.35,
        71.24000000000001,
        74.00999999999999
    ]
}