{
    "config": {
        "E": 5,
        "K": 5,
        "NUMBER_OF_CLIENTS": 100,
        "MAX_TIME": 2500,
        "BATCH_SIZE": 50,
        "VALIDATION_BATCH_SIZE": 500,
        "LR": 0.01,
        "DATA_DISTRIBUTION": "non-iid",
        "DIRICHELET_ALPHA": "[ 0 . 5 ,   1 . 0 ,   1 0 . 0 ]",
        "AVERAGE_ACCURACY": "[0.6636 0.     0.    ]",
        "FED_AVG_M": false,
        "FED_AVG_M_BETA": 0.9,
        "FED_AVG_M_GAMMA": 1,
        "LR_DECAY": 0.99,
        "LOG_FREQUENCY": 25,
        "AUGMENTATION_PROB": 0.0,
        "SAVE_FREQUENCY": 100,
        "NORM_LAYER": ""
    },
    "alpha": "0 . 5",
    "accuracy": [
        10.0,
        26.55,
        34.96,
        36.809999999999995,
        35.53,
        43.419999999999995,
        34.63,
        42.84,
        44.55,
        45.65,
        33.0,
        51.41,
        56.37,
        51.24999999999999,
        44.22,
        51.12,
        44.79,
        42.93,
        55.25,
        54.87,
        43.76,
        56.220000000000006,
        52.05,
        54.42,
        52.03,
        59.18,
        58.269999999999996,
        56.04,
        55.96,
        62.339999999999996,
        51.86000000000001,
        54.33,
        56.49999999999999,
        54.800000000000004,
        59.809999999999995,
        58.78,
        58.53,
        59.67,
        53.13,
        57.96,
        55.35,
        60.050000000000004,
        62.45,
        57.08,
        63.959999999999994,
        61.23,
        61.08,
        64.32,
        63.39,
        53.99,
        57.16,
        58.550000000000004,
        58.29,
        62.550000000000004,
        59.309999999999995,
        55.290000000000006,
        58.93000000000001,
        54.92,
        61.160000000000004,
        58.14,
        61.35,
        49.69,
        61.51,
        61.24000000000001,
        61.77,
        60.77,
        61.69,
        60.519999999999996,
        59.760000000000005,
        55.400000000000006,
        63.86000000000001,
        64.64,
        58.85,
        61.39,
        63.88,
        62.59,
        57.940000000000005,
        61.11,
        57.45,
        60.31999999999999,
        63.99,
        62.07,
        50.370000000000005,
        62.419999999999995,
        61.029999999999994,
        59.62,
        64.64,
        66.36,
        58.60999999999999,
        62.99,
        65.14,
        64.97,
        63.24999999999999,
        59.37,
        61.57,
        65.62,
        62.44,
        64.72,
        63.63999999999999,
        65.3
    ]
}