{
    "config": {
        "E": 1,
        "K": 5,
        "NUMBER_OF_CLIENTS": 100,
        "MAX_TIME": 10000,
        "BATCH_SIZE": 50,
        "VALIDATION_BATCH_SIZE": 500,
        "LR": 0.01,
        "WEIGHT_DECAY": 0.0004,
        "DATA_DISTRIBUTION": "non-iid",
        "DIRICHELET_ALPHA": "[ 0 . 0 ,   0 . 0 5 ,   0 . 1 ,   0 . 2 ,   0 . 5 ,   1 . 0 ,   1 0 . 0 ,   1 0 0 . 0 ]",
        "AVERAGE_ACCURACY": "[0.7411 0.7387 0.7436 0.     0.     0.     0.     0.    ]",
        "FED_AVG_M": false,
        "FED_AVG_M_BETA": 0.9,
        "FED_AVG_M_GAMMA": 1,
        "LR_DECAY": 0.99,
        "LOG_FREQUENCY": 25,
        "AUGMENTATION_PROB": 0.0,
        "SAVE_FREQUENCY": 500,
        "NORM_LAYER": "gn"
    },
    "alpha": "0 . 1",
    "accuracy": [
        11.020000000000001,
        11.39,
        10.0,
        21.47,
        23.25,
        20.69,
        30.28,
        21.41,
        23.17,
        25.009999999999998,
        25.3,
        31.64,
        16.57,
        38.47,
        29.32,
        38.98,
        35.11,
        41.63,
        42.99,
        40.239999999999995,
        43.88,
        31.66,
        47.71,
        32.66,
        40.83,
        42.52,
        45.67,
        45.33,
        44.61,
        42.449999999999996,
        45.4,
        40.72,
        46.61,
        40.83,
        42.17,
        52.38,
        50.129999999999995,
        36.14,
        47.21,
        40.5,
        49.870000000000005,
        57.720000000000006,
        48.620000000000005,
        45.42,
        44.72,
        51.67,
        48.63,
        45.21,
        49.66,
        41.05,
        42.230000000000004,
        57.35,
        50.23,
        49.78,
        51.839999999999996,
        53.39,
        56.379999999999995,
        45.629999999999995,
        54.480000000000004,
        53.78000000000001,
        51.6,
        56.36,
        55.21,
        47.61,
        55.36,
        53.75,
        58.42,
        48.24,
        47.949999999999996,
        43.36,
        57.64,
        51.46000000000001,
        47.910000000000004,
        55.169999999999995,
        54.48,
        56.85,
        54.66,
        50.4,
        50.99,
        62.03999999999999,
        60.06,
        54.48,
        50.93,
        54.63,
        57.010000000000005,
        62.61,
        56.31,
        53.94,
        59.58,
        58.60999999999999,
        61.6,
        52.790000000000006,
        57.68,
        54.800000000000004,
        51.160000000000004,
        62.1,
        58.919999999999995,
        61.1,
        59.260000000000005,
        58.830000000000005,
        59.97,
        63.61,
        55.94,
        57.199999999999996,
        54.98,
        63.62,
        59.67,
        62.4,
        61.919999999999995,
        48.510000000000005,
        62.32,
        62.660000000000004,
        58.75,
        57.879999999999995,
        65.64,
        62.61,
        62.580000000000005,
        61.06,
        66.81,
        64.32,
        60.83,
        60.84,
        57.21000000000001,
        56.410000000000004,
        65.31,
        63.24999999999999,
        61.519999999999996,
        47.93,
        62.43,
        61.56,
        58.64,
        58.78,
        60.86,
        63.9,
        60.74,
        61.419999999999995,
        63.839999999999996,
        61.040000000000006,
        64.27000000000001,
        65.64999999999999,
        66.69,
        60.78,
        58.97,
        66.69,
        67.06,
        62.19,
        46.400000000000006,
        60.69,
        62.470000000000006,
        67.32000000000001,
        63.0,
        60.06,
        67.30000000000001,
        65.7,
        64.74,
        63.99,
        63.01,
        63.080000000000005,
        66.25999999999999,
        51.23,
        63.470000000000006,
        62.160000000000004,
        67.53,
        67.13,
        67.85,
        62.150000000000006,
        68.65,
        68.08999999999999,
        54.900000000000006,
        61.69,
        66.13,
        59.620000000000005,
        69.43,
        51.43,
        64.56,
        70.74000000000001,
        61.67,
        65.35,
        69.39,
        64.77000000000001,
        66.42,
        61.83,
        56.44,
        62.18,
        67.44,
        70.73,
        66.82000000000001,
        65.79,
        67.25,
        68.91000000000001,
        68.15,
        60.3,
        62.57,
        68.73,
        66.63,
        63.93,
        71.06,
        62.22,
        69.8,
        69.21000000000001,
        65.34,
        64.24,
        68.13,
        56.98,
        66.53,
        66.91,
        67.47,
        69.23,
        62.74999999999999,
        70.46,
        69.53,
        55.97,
        69.14,
        56.42,
        65.11,
        65.78,
        65.22,
        70.05,
        67.5,
        70.30999999999999,
        66.64,
        65.34,
        69.73,
        69.83,
        68.31,
        64.12,
        70.08,
        69.36,
        65.09,
        63.080000000000005,
        67.96,
        71.08,
        65.14999999999999,
        66.96,
        69.39,
        64.49000000000001,
        64.75,
        61.51,
        70.72,
        63.78,
        67.62,
        67.53,
        65.01,
        69.92,
        70.58,
        69.59,
        70.65,
        71.44,
        69.74000000000001,
        63.06,
        67.9,
        64.62,
        71.94,
        70.24000000000001,
        71.99,
        69.96,
        66.14999999999999,
        69.50999999999999,
        65.99000000000001,
        69.89,
        67.17999999999999,
        67.28,
        60.68,
        61.33,
        69.92,
        72.15,
        70.94,
        64.94,
        65.55,
        73.00999999999999,
        71.67,
        73.04,
        72.6,
        70.67999999999999,
        63.36000000000001,
        68.62,
        65.12,
        70.96000000000001,
        66.94,
        65.39,
        70.75,
        71.13000000000001,
        66.33,
        60.919999999999995,
        62.949999999999996,
        70.52000000000001,
        66.25999999999999,
        66.67999999999999,
        66.35,
        66.16,
        68.64,
        69.51,
        71.86,
        68.19,
        70.48,
        66.62,
        67.56,
        72.5,
        72.38,
        70.91999999999999,
        69.67999999999999,
        67.47,
        69.66,
        69.31,
        70.92,
        72.61999999999999,
        70.03,
        72.36,
        71.06,
        63.949999999999996,
        71.38,
        68.69,
        70.89,
        66.14999999999999,
        70.56,
        71.86,
        72.03,
        73.72999999999999,
        69.12,
        67.61,
        65.53999999999999,
        71.43,
        66.61,
        71.36,
        73.63,
        64.0,
        69.54,
        71.59,
        71.77,
        73.1,
        70.76,
        71.69,
        70.08,
        73.75,
        67.49,
        67.88,
        68.04,
        52.51,
        71.67,
        71.47,
        68.83,
        69.83,
        71.37,
        72.78999999999999,
        70.76,
        68.41000000000001,
        70.24000000000001,
        72.11999999999999,
        72.99,
        70.83,
        72.24000000000001,
        71.14,
        63.92,
        70.72,
        69.34,
        74.36,
        65.81,
        68.13,
        71.2,
        70.44,
        73.05,
        70.02000000000001,
        73.5,
        70.53,
        69.13,
        67.55,
        72.78,
        73.47,
        73.08,
        71.76,
        72.26,
        72.58,
        72.28,
        72.16,
        70.56,
        74.33,
        70.23,
        71.41,
        66.83,
        73.28,
        71.78999999999999,
        69.35,
        70.61,
        69.28,
        73.1,
        73.7,
        69.59,
        72.57000000000001,
        68.97,
        64.09,
        70.33,
        67.84,
        73.16,
        72.00999999999999,
        69.63000000000001,
        73.49,
        68.33,
        64.59,
        54.13,
        73.04
    ]
}