{
    "config": {
        "E": 1,
        "K": 20,
        "NUMBER_OF_CLIENTS": 100,
        "MAX_TIME": 5000,
        "BATCH_SIZE": 50,
        "VALIDATION_BATCH_SIZE": 500,
        "LR": 0.01,
        "WEIGHT_DECAY": 0.0004,
        "DATA_DISTRIBUTION": "non-iid",
        "DIRICHELET_ALPHA": "[ 0 . 0 ,   0 . 0 5 ,   0 . 1 ,   0 . 2 ,   0 . 5 ,   1 . 0 ,   1 0 . 0 ,   1 0 0 . 0 ]",
        "AVERAGE_ACCURACY": "[0.6288 0.     0.     0.     0.     0.     0.     0.    ]",
        "FED_AVG_M": false,
        "FED_AVG_M_BETA": 0.9,
        "FED_AVG_M_GAMMA": 1,
        "LR_DECAY": 0.99,
        "LOG_FREQUENCY": 25,
        "AUGMENTATION_PROB": 0.0,
        "SAVE_FREQUENCY": 500,
        "NORM_LAYER": ""
    },
    "alpha": "0 . 0",
    "accuracy": [
        10.41,
        11.8,
        10.0,
        16.189999999999998,
        13.01,
        13.670000000000002,
        19.38,
        18.47,
        22.12,
        20.04,
        18.529999999999998,
        22.8,
        26.369999999999997,
        25.47,
        26.44,
        25.89,
        25.19,
        26.94,
        19.759999999999998,
        31.52,
        27.02,
        30.91,
        33.019999999999996,
        32.25,
        33.019999999999996,
        32.1,
        37.8,
        34.78,
        29.220000000000002,
        35.53,
        35.480000000000004,
        33.29,
        34.5,
        37.25,
        36.1,
        35.96,
        40.78,
        35.870000000000005,
        38.7,
        41.339999999999996,
        29.86,
        40.93,
        39.67,
        37.61,
        38.14,
        39.17,
        35.93,
        43.28,
        35.010000000000005,
        41.17,
        42.64,
        35.03,
        42.43,
        42.0,
        45.34,
        43.89,
        40.69,
        42.57,
        45.01,
        43.3,
        42.72,
        43.3,
        41.42,
        44.64,
        45.660000000000004,
        45.29,
        46.48,
        45.33,
        49.82,
        40.03,
        45.29,
        45.7,
        50.17,
        48.559999999999995,
        46.62,
        43.66,
        49.120000000000005,
        48.949999999999996,
        45.07,
        46.83,
        48.42,
        42.52,
        46.25,
        50.349999999999994,
        49.07,
        51.54,
        42.41,
        49.84,
        50.38,
        48.870000000000005,
        44.51,
        50.62,
        52.03,
        50.71,
        49.04,
        49.89,
        47.53,
        48.22,
        50.480000000000004,
        49.11,
        51.65,
        51.83,
        49.93,
        50.970000000000006,
        52.080000000000005,
        51.43,
        49.08,
        54.53,
        52.38,
        51.6,
        51.92,
        50.33,
        47.32,
        48.11,
        46.52,
        53.13,
        50.4,
        52.190000000000005,
        55.65,
        55.03,
        53.82,
        55.14,
        54.99000000000001,
        50.019999999999996,
        55.14,
        53.61,
        55.34,
        54.67999999999999,
        51.23,
        50.38,
        49.59,
        53.6,
        54.33,
        54.53,
        55.15,
        54.98,
        55.230000000000004,
        57.08,
        55.88999999999999,
        53.74,
        54.06999999999999,
        56.220000000000006,
        55.379999999999995,
        52.05,
        56.199999999999996,
        57.79,
        53.349999999999994,
        53.510000000000005,
        59.89,
        54.669999999999995,
        55.66,
        59.199999999999996,
        55.290000000000006,
        56.79,
        57.82000000000001,
        54.0,
        55.00000000000001,
        52.01,
        56.96,
        56.589999999999996,
        53.04,
        53.74,
        54.67999999999999,
        59.489999999999995,
        59.89,
        56.989999999999995,
        57.68,
        55.55,
        58.77,
        53.0,
        59.35,
        59.18,
        59.0,
        59.63,
        58.940000000000005,
        53.239999999999995,
        59.4,
        55.559999999999995,
        56.68,
        59.64,
        58.06,
        57.589999999999996,
        56.879999999999995,
        59.62,
        57.410000000000004,
        57.45,
        59.06,
        61.41,
        59.48,
        62.62,
        59.5,
        58.19,
        59.99,
        57.13,
        61.61,
        62.88,
        57.71000000000001,
        58.47,
        62.53999999999999,
        59.39
    ]
}