{
    "config": {
        "E": 1,
        "K": 5,
        "NUMBER_OF_CLIENTS": 100,
        "MAX_TIME": 2500,
        "BATCH_SIZE": 50,
        "VALIDATION_BATCH_SIZE": 500,
        "LR": 0.01,
        "DATA_DISTRIBUTION": "non-iid",
        "DIRICHELET_ALPHA": "[ 0 . 0 ,   0 . 0 5 ,   0 . 1 ,   0 . 2 ,   0 . 5 ,   1 . 0 ,   1 0 . 0 ,   1 0 0 . 0 ]",
        "AVERAGE_ACCURACY": "[0.4359 0.507  0.5539 0.5591 0.6315 0.6726 0.7525 0.    ]",
        "FED_AVG_M": false,
        "FED_AVG_M_BETA": 0.9,
        "FED_AVG_M_GAMMA": 1,
        "LR_DECAY": 0.99,
        "LOG_FREQUENCY": 25,
        "AUGMENTATION_PROB": 0.5,
        "SAVE_FREQUENCY": 100,
        "NORM_LAYER": ""
    },
    "alpha": "1 0 . 0",
    "accuracy": [
        8.63,
        12.68,
        26.979999999999997,
        24.09,
        32.23,
        38.07,
        39.4,
        38.71,
        41.57,
        42.91,
        43.62,
        46.33,
        43.08,
        46.089999999999996,
        48.69,
        45.57,
        49.220000000000006,
        51.56,
        53.1,
        52.910000000000004,
        55.379999999999995,
        54.83,
        52.449999999999996,
        54.65,
        55.06999999999999,
        55.779999999999994,
        53.55,
        58.540000000000006,
        60.089999999999996,
        58.709999999999994,
        61.83,
        58.940000000000005,
        61.42999999999999,
        63.580000000000005,
        63.24999999999999,
        59.03,
        63.53,
        63.41,
        61.57,
        63.59,
        66.22,
        63.260000000000005,
        63.470000000000006,
        64.01,
        65.64999999999999,
        66.96,
        65.88000000000001,
        64.66,
        67.72,
        64.35,
        62.06,
        67.13,
        66.07,
        67.61,
        68.97999999999999,
        69.17,
        67.51,
        70.71,
        70.30999999999999,
        69.78999999999999,
        64.86999999999999,
        70.30999999999999,
        70.74000000000001,
        70.28999999999999,
        69.92,
        72.38,
        70.96000000000001,
        71.69,
        72.07000000000001,
        71.43,
        71.66,
        72.15,
        71.09,
        72.59,
        71.23,
        73.17,
        69.12,
        72.98,
        72.32,
        73.57000000000001,
        73.53,
        73.02,
        72.24000000000001,
        74.44,
        73.92999999999999,
        74.38,
        71.39,
        70.89999999999999,
        73.46000000000001,
        74.42,
        73.37,
        72.59,
        75.19,
        73.96000000000001,
        72.1,
        75.05,
        75.19,
        75.25,
        73.09,
        75.24
    ]
}