{
    "config": {
        "E": 2,
        "K": 5,
        "NUMBER_OF_CLIENTS": 100,
        "MAX_TIME": 2500,
        "BATCH_SIZE": 50,
        "VALIDATION_BATCH_SIZE": 500,
        "LR": 0.01,
        "DATA_DISTRIBUTION": "non-iid",
        "FED_AVG_M": false,
        "FED_AVG_M_BETA": 0.9,
        "FED_AVG_M_GAMMA": 1,
        "LR_DECAY": 0.99,
        "LOG_FREQUENCY": 25,
        "AUGMENTATION_PROB": 0.0,
        "SAVE_FREQUENCY": 100,
        "NORM_LAYER": ""
    },
    "alpha": 10.0,
    "accuracy": [
        13.51,
        23.32,
        39.4,
        36.86,
        45.28,
        47.89,
        49.620000000000005,
        51.93,
        54.92,
        57.3,
        57.02,
        61.64000000000001,
        57.199999999999996,
        59.98,
        62.949999999999996,
        60.29,
        63.7,
        64.39,
        66.85,
        66.56,
        68.27,
        68.21000000000001,
        65.69,
        67.41,
        68.15,
        67.89,
        64.75999999999999,
        69.07,
        69.41000000000001,
        69.01,
        69.91,
        67.80000000000001,
        70.03,
        71.11,
        70.37,
        68.66,
        70.83,
        70.89,
        69.87,
        70.91,
        70.91999999999999,
        70.6,
        70.47,
        70.54,
        70.54,
        71.64,
        70.73,
        70.3,
        71.28999999999999,
        69.08999999999999,
        68.64,
        69.67,
        70.02000000000001,
        70.87,
        70.91999999999999,
        71.09,
        70.84,
        71.99,
        71.48,
        70.87,
        69.8,
        71.3,
        71.77,
        71.15,
        71.06,
        71.57,
        71.3,
        71.7,
        71.56,
        71.5,
        71.48,
        71.74000000000001,
        71.02,
        71.82,
        70.82000000000001,
        71.63000000000001,
        70.09,
        71.92,
        71.38,
        71.86,
        71.31,
        71.76,
        71.47,
        71.89999999999999,
        72.05,
        71.54,
        71.48,
        71.25,
        71.16,
        71.95,
        71.78,
        71.34,
        71.95,
        71.59,
        71.52,
        71.75,
        71.76,
        71.64,
        71.46000000000001,
        71.61999999999999
    ]
}