{
    "config": {
        "E": 1,
        "K": 20,
        "NUMBER_OF_CLIENTS": 100,
        "MAX_TIME": 5000,
        "BATCH_SIZE": 50,
        "VALIDATION_BATCH_SIZE": 500,
        "LR": 0.01,
        "WEIGHT_DECAY": 0.0004,
        "DATA_DISTRIBUTION": "non-iid",
        "DIRICHELET_ALPHA": "[ 0 . 0 ,   0 . 0 5 ,   0 . 1 ,   0 . 2 ,   0 . 5 ,   1 . 0 ,   1 0 . 0 ,   1 0 0 . 0 ]",
        "AVERAGE_ACCURACY": "[0.6288 0.6759 0.676  0.6783 0.7061 0.7134 0.     0.    ]",
        "FED_AVG_M": false,
        "FED_AVG_M_BETA": 0.9,
        "FED_AVG_M_GAMMA": 1,
        "LR_DECAY": 0.99,
        "LOG_FREQUENCY": 25,
        "AUGMENTATION_PROB": 0.0,
        "SAVE_FREQUENCY": 500,
        "NORM_LAYER": ""
    },
    "alpha": "1 . 0",
    "accuracy": [
        10.18,
        14.87,
        24.54,
        25.31,
        32.95,
        35.199999999999996,
        38.76,
        39.589999999999996,
        40.23,
        40.77,
        43.580000000000005,
        41.72,
        46.43,
        43.669999999999995,
        47.199999999999996,
        47.69,
        49.4,
        49.04,
        48.79,
        49.07,
        48.6,
        51.5,
        51.870000000000005,
        53.910000000000004,
        51.910000000000004,
        51.59,
        54.169999999999995,
        55.589999999999996,
        55.410000000000004,
        55.82,
        55.94,
        55.230000000000004,
        57.17,
        57.18,
        56.32,
        57.720000000000006,
        58.709999999999994,
        57.92,
        59.74,
        59.5,
        60.4,
        60.67,
        61.739999999999995,
        61.09,
        61.01,
        61.809999999999995,
        62.99,
        63.38,
        63.260000000000005,
        61.67,
        64.11,
        64.49000000000001,
        62.949999999999996,
        63.29,
        63.2,
        65.23,
        61.89,
        64.94,
        66.3,
        65.69,
        66.03999999999999,
        65.29,
        64.75999999999999,
        63.63999999999999,
        66.22,
        65.13,
        66.10000000000001,
        65.35,
        67.58,
        67.03,
        66.78,
        66.79,
        67.77,
        65.41,
        67.12,
        66.79,
        68.04,
        67.46,
        67.88,
        66.43,
        68.08999999999999,
        68.08,
        67.89,
        68.78,
        67.9,
        64.03,
        66.19,
        67.91,
        68.5,
        69.33,
        67.89,
        66.47,
        68.36,
        68.97,
        68.58,
        69.01,
        67.52,
        68.96,
        67.84,
        69.22,
        68.77,
        69.22,
        67.24,
        68.8,
        69.08,
        69.08,
        69.64,
        69.31,
        70.02000000000001,
        69.46,
        69.49,
        68.33,
        69.25,
        69.50999999999999,
        68.81,
        69.74000000000001,
        69.95,
        68.15,
        69.23,
        68.03,
        70.13000000000001,
        68.86,
        69.41,
        69.28999999999999,
        70.22,
        69.73,
        69.85,
        69.45,
        70.30999999999999,
        69.78,
        70.46,
        69.52000000000001,
        69.56,
        68.01,
        69.99,
        69.59,
        69.62,
        68.78,
        69.85,
        70.27,
        70.49,
        69.95,
        70.39999999999999,
        69.61,
        69.75,
        70.66,
        70.53,
        69.41000000000001,
        69.93,
        69.98,
        70.1,
        69.64,
        70.55,
        69.55,
        70.33,
        70.84,
        70.89999999999999,
        68.75,
        70.37,
        69.80999999999999,
        69.61,
        70.08,
        70.52,
        70.62,
        70.8,
        70.05,
        70.57,
        69.66,
        70.94,
        69.97,
        70.55,
        70.62,
        70.81,
        70.93,
        70.61999999999999,
        70.39,
        70.07,
        69.72,
        70.88,
        70.61,
        70.69,
        69.38,
        70.76,
        70.24000000000001,
        71.03,
        70.67999999999999,
        70.7,
        70.56,
        70.78,
        69.93,
        70.61,
        70.66,
        70.67999999999999,
        69.99,
        70.61999999999999,
        70.98,
        70.87,
        71.34,
        69.89999999999999,
        70.58
    ]
}