{
    "config": {
        "E": 1,
        "K": 20,
        "NUMBER_OF_CLIENTS": 100,
        "MAX_TIME": 5000,
        "BATCH_SIZE": 50,
        "VALIDATION_BATCH_SIZE": 500,
        "LR": 0.01,
        "WEIGHT_DECAY": 0.0004,
        "DATA_DISTRIBUTION": "non-iid",
        "DIRICHELET_ALPHA": "[ 0 . 0 ,   0 . 0 5 ,   0 . 1 ,   0 . 2 ,   0 . 5 ,   1 . 0 ,   1 0 . 0 ,   1 0 0 . 0 ]",
        "AVERAGE_ACCURACY": "[0.6288 0.6759 0.676  0.6783 0.7061 0.     0.     0.    ]",
        "FED_AVG_M": false,
        "FED_AVG_M_BETA": 0.9,
        "FED_AVG_M_GAMMA": 1,
        "LR_DECAY": 0.99,
        "LOG_FREQUENCY": 25,
        "AUGMENTATION_PROB": 0.0,
        "SAVE_FREQUENCY": 500,
        "NORM_LAYER": ""
    },
    "alpha": "0 . 5",
    "accuracy": [
        9.16,
        20.66,
        22.73,
        26.83,
        31.25,
        30.29,
        35.24,
        37.56,
        33.46,
        41.949999999999996,
        39.93,
        41.730000000000004,
        42.6,
        44.24,
        46.45,
        45.739999999999995,
        46.01,
        46.949999999999996,
        48.88,
        48.63,
        48.67,
        50.59,
        47.58,
        49.980000000000004,
        49.74,
        48.19,
        50.79,
        52.06000000000001,
        51.160000000000004,
        53.410000000000004,
        51.17,
        54.28000000000001,
        53.080000000000005,
        51.480000000000004,
        56.25,
        56.410000000000004,
        57.34,
        55.93,
        54.39000000000001,
        54.81,
        56.14,
        57.46,
        56.56,
        56.779999999999994,
        57.910000000000004,
        58.099999999999994,
        59.519999999999996,
        60.660000000000004,
        59.93000000000001,
        59.91,
        58.96,
        58.77,
        58.660000000000004,
        61.57,
        59.69,
        60.77,
        62.519999999999996,
        62.63999999999999,
        58.650000000000006,
        60.919999999999995,
        62.78,
        60.47,
        60.86,
        61.529999999999994,
        60.9,
        59.85,
        63.29,
        62.5,
        64.16,
        64.84,
        61.660000000000004,
        62.3,
        64.12,
        62.88,
        60.69,
        65.22,
        64.48,
        65.12,
        63.660000000000004,
        65.14999999999999,
        64.23,
        64.63,
        66.03,
        66.58,
        66.19,
        65.75999999999999,
        65.24,
        65.67,
        65.96,
        66.14,
        67.07,
        66.59,
        66.34,
        66.81,
        65.92,
        66.91,
        66.86,
        66.93,
        67.28,
        66.75999999999999,
        65.62,
        63.44,
        67.58,
        63.870000000000005,
        66.21000000000001,
        66.39,
        66.46,
        65.77,
        66.45,
        68.41000000000001,
        66.67,
        66.82000000000001,
        64.36,
        67.71000000000001,
        67.03,
        67.58,
        68.19999999999999,
        67.05,
        67.86,
        64.18,
        68.47999999999999,
        68.31,
        67.30000000000001,
        68.66,
        68.62,
        68.16,
        67.30000000000001,
        66.86999999999999,
        68.5,
        68.37,
        68.94,
        68.11,
        69.27,
        67.83,
        68.30000000000001,
        69.39999999999999,
        68.25,
        68.62,
        69.16,
        66.8,
        69.21000000000001,
        67.22,
        68.97999999999999,
        68.85,
        67.78,
        68.11,
        66.72,
        66.67,
        67.95,
        68.82000000000001,
        67.75999999999999,
        69.67999999999999,
        68.45,
        69.02000000000001,
        69.04,
        68.73,
        69.63000000000001,
        67.58,
        68.10000000000001,
        68.46,
        68.38,
        68.96,
        69.02000000000001,
        69.75,
        68.04,
        70.07,
        69.28,
        68.91000000000001,
        67.96,
        68.36,
        69.36,
        66.79,
        70.42,
        69.42,
        69.95,
        69.19,
        70.15,
        70.19,
        69.6,
        69.97,
        70.05,
        69.5,
        69.21000000000001,
        68.92,
        69.71,
        69.93,
        70.61,
        70.41,
        69.66,
        69.96,
        69.25,
        69.42,
        70.3,
        69.51,
        69.02000000000001,
        69.16,
        70.5,
        69.77,
        69.46,
        70.17
    ]
}