{
    "config": {
        "E": 1,
        "K": 10,
        "NUMBER_OF_CLIENTS": 100,
        "MAX_TIME": 10000,
        "BATCH_SIZE": 50,
        "VALIDATION_BATCH_SIZE": 500,
        "LR": 0.01,
        "WEIGHT_DECAY": 0.0004,
        "DATA_DISTRIBUTION": "non-iid",
        "DIRICHELET_ALPHA": "[ 0 . 0 ,   0 . 0 5 ,   0 . 1 ,   0 . 2 ,   0 . 5 ,   1 . 0 ,   1 0 . 0 ,   1 0 0 . 0 ]",
        "AVERAGE_ACCURACY": "[0.6996 0.     0.     0.     0.     0.     0.     0.    ]",
        "FED_AVG_M": false,
        "FED_AVG_M_BETA": 0.9,
        "FED_AVG_M_GAMMA": 1,
        "LR_DECAY": 0.99,
        "LOG_FREQUENCY": 25,
        "AUGMENTATION_PROB": 0.0,
        "SAVE_FREQUENCY": 500,
        "NORM_LAYER": ""
    },
    "alpha": "0 . 0",
    "accuracy": [
        10.0,
        10.0,
        10.0,
        15.080000000000002,
        15.93,
        21.22,
        14.100000000000001,
        15.120000000000001,
        12.790000000000001,
        18.82,
        20.29,
        21.279999999999998,
        17.419999999999998,
        19.0,
        17.810000000000002,
        17.25,
        21.94,
        27.48,
        28.470000000000002,
        25.259999999999998,
        24.33,
        25.590000000000003,
        21.87,
        25.69,
        25.569999999999997,
        33.040000000000006,
        31.94,
        28.610000000000003,
        27.650000000000002,
        31.259999999999998,
        32.89,
        29.060000000000002,
        32.519999999999996,
        37.92,
        31.119999999999997,
        37.419999999999995,
        34.03,
        39.739999999999995,
        26.090000000000003,
        31.419999999999998,
        35.99,
        34.31,
        29.86,
        31.230000000000004,
        37.419999999999995,
        30.7,
        33.52,
        35.08,
        34.75,
        37.93,
        36.02,
        38.4,
        40.37,
        38.43,
        32.31,
        44.29,
        38.12,
        37.79,
        44.629999999999995,
        37.35,
        43.51,
        41.6,
        36.65,
        40.2,
        44.75,
        44.42,
        43.6,
        42.199999999999996,
        35.65,
        41.79,
        40.61,
        45.190000000000005,
        42.85,
        46.77,
        46.51,
        46.410000000000004,
        41.21,
        37.82,
        44.04,
        45.1,
        42.36,
        44.03,
        39.33,
        44.12,
        42.230000000000004,
        46.75,
        45.49,
        49.5,
        47.46,
        42.65,
        42.34,
        37.04,
        41.4,
        46.01,
        48.43,
        47.31,
        40.7,
        43.769999999999996,
        48.83,
        46.63,
        46.150000000000006,
        49.42,
        47.46,
        44.13,
        43.169999999999995,
        49.36,
        51.970000000000006,
        44.81,
        51.32,
        43.96,
        50.01,
        43.07,
        48.63,
        51.129999999999995,
        52.52,
        40.54,
        46.68,
        51.22,
        47.43,
        40.23,
        48.49,
        47.12,
        46.739999999999995,
        50.44,
        47.63,
        47.839999999999996,
        47.32,
        50.77,
        49.59,
        50.21,
        52.2,
        51.580000000000005,
        51.18000000000001,
        45.75,
        43.49,
        55.730000000000004,
        51.29,
        55.7,
        53.75,
        46.92,
        51.849999999999994,
        54.43,
        51.06,
        51.019999999999996,
        41.55,
        49.39,
        52.54,
        49.52,
        51.72,
        49.720000000000006,
        53.839999999999996,
        53.059999999999995,
        50.739999999999995,
        53.510000000000005,
        49.59,
        56.25,
        53.83,
        53.32,
        58.489999999999995,
        52.62,
        57.21000000000001,
        53.93,
        58.26,
        56.55,
        55.47,
        56.04,
        58.03,
        54.54,
        57.37,
        58.14,
        57.17,
        51.760000000000005,
        48.31,
        54.75,
        52.01,
        52.61,
        57.32000000000001,
        53.480000000000004,
        59.88,
        53.480000000000004,
        53.790000000000006,
        43.8,
        53.010000000000005,
        56.57,
        53.690000000000005,
        58.67,
        53.31,
        56.84,
        53.87,
        60.42999999999999,
        57.87,
        56.489999999999995,
        53.620000000000005,
        59.29,
        57.9,
        56.169999999999995,
        59.88,
        61.22,
        49.96,
        54.59,
        62.91,
        59.29,
        56.32,
        56.510000000000005,
        61.82,
        58.08,
        59.870000000000005,
        59.61,
        60.230000000000004,
        55.14,
        61.18,
        58.220000000000006,
        56.699999999999996,
        59.58,
        62.53999999999999,
        55.120000000000005,
        62.33,
        61.56,
        63.33,
        58.17,
        60.97,
        62.2,
        58.550000000000004,
        57.74,
        58.730000000000004,
        59.309999999999995,
        57.4,
        57.93000000000001,
        57.48,
        62.519999999999996,
        64.45,
        63.190000000000005,
        62.160000000000004,
        62.949999999999996,
        65.3,
        63.61,
        58.68,
        63.79,
        63.260000000000005,
        62.71,
        61.23,
        63.06,
        59.099999999999994,
        55.96,
        64.02,
        57.47,
        57.089999999999996,
        58.9,
        60.160000000000004,
        58.76,
        61.17,
        56.15,
        54.769999999999996,
        61.150000000000006,
        59.53000000000001,
        53.55,
        65.22,
        60.050000000000004,
        57.68,
        58.550000000000004,
        58.3,
        60.11,
        60.95,
        63.51,
        62.38,
        62.580000000000005,
        63.690000000000005,
        65.32,
        56.96,
        62.32,
        63.94,
        57.120000000000005,
        64.75,
        65.33,
        66.64,
        54.75,
        62.31,
        64.61,
        64.36,
        60.529999999999994,
        63.339999999999996,
        59.72,
        59.91,
        65.59,
        66.11,
        59.36,
        66.96,
        65.48,
        63.239999999999995,
        56.57,
        64.57,
        61.870000000000005,
        63.480000000000004,
        65.28,
        65.03999999999999,
        63.99,
        63.129999999999995,
        63.77,
        65.01,
        63.44,
        61.85000000000001,
        65.56,
        66.78,
        62.370000000000005,
        64.48,
        66.36,
        61.660000000000004,
        63.339999999999996,
        64.17,
        68.94,
        66.72,
        66.12,
        57.120000000000005,
        66.19,
        64.53999999999999,
        61.99,
        67.02,
        68.16,
        66.35,
        62.029999999999994,
        68.35,
        63.959999999999994,
        64.18,
        64.62,
        63.5,
        57.989999999999995,
        67.51,
        66.53,
        62.71,
        67.97999999999999,
        59.019999999999996,
        64.06,
        64.32,
        58.78,
        64.77000000000001,
        64.88000000000001,
        66.86,
        65.49000000000001,
        62.46000000000001,
        63.470000000000006,
        60.36,
        58.9,
        63.17,
        66.86999999999999,
        65.38000000000001,
        62.56,
        65.82000000000001,
        66.72,
        66.64,
        62.93,
        69.28,
        65.58,
        66.94,
        60.41,
        67.23,
        59.589999999999996,
        60.85,
        63.81,
        67.95,
        65.75999999999999,
        66.92,
        65.41,
        66.82000000000001,
        69.72,
        65.82000000000001,
        65.34,
        67.7,
        68.10000000000001,
        64.53999999999999,
        65.74,
        67.15,
        68.08999999999999,
        67.46,
        67.38,
        69.8,
        67.31,
        66.07,
        67.96,
        67.35,
        69.32000000000001,
        68.61,
        69.08,
