{
    "config": {
        "E": 2,
        "K": 5,
        "NUMBER_OF_CLIENTS": 100,
        "MAX_TIME": 2500,
        "BATCH_SIZE": 50,
        "VALIDATION_BATCH_SIZE": 500,
        "LR": 0.01,
        "DATA_DISTRIBUTION": "non-iid",
        "FED_AVG_M": false,
        "FED_AVG_M_BETA": 0.9,
        "FED_AVG_M_GAMMA": 1,
        "LR_DECAY": 0.99,
        "LOG_FREQUENCY": 25,
        "AUGMENTATION_PROB": 0.0,
        "SAVE_FREQUENCY": 100,
        "NORM_LAYER": ""
    },
    "alpha": 0.5,
    "accuracy": [
        10.0,
        13.94,
        18.84,
        25.840000000000003,
        21.8,
        30.65,
        25.8,
        34.949999999999996,
        39.12,
        34.42,
        32.53,
        39.800000000000004,
        42.55,
        36.980000000000004,
        45.36,
        39.629999999999995,
        42.79,
        40.94,
        40.6,
        35.839999999999996,
        49.55,
        38.17,
        45.46,
        47.980000000000004,
        53.7,
        46.89,
        46.77,
        53.09,
        51.660000000000004,
        53.32,
        40.11,
        50.25000000000001,
        57.769999999999996,
        57.08,
        55.769999999999996,
        54.75,
        53.97,
        56.97,
        55.66,
        59.330000000000005,
        58.18,
        59.8,
        52.300000000000004,
        51.44,
        49.14,
        58.64,
        56.71000000000001,
        57.42,
        59.01,
        60.17,
        58.720000000000006,
        58.78,
        61.92999999999999,
        56.64,
        54.42,
        57.550000000000004,
        56.58,
        61.919999999999995,
        59.150000000000006,
        59.099999999999994,
        62.12,
        57.58,
        59.41,
        65.32,
        63.7,
        55.43,
        56.87,
        61.050000000000004,
        53.790000000000006,
        62.870000000000005,
        62.1,
        64.22,
        60.160000000000004,
        56.99999999999999,
        61.46,
        60.9,
        47.48,
        62.25000000000001,
        64.92,
        61.47,
        63.57000000000001,
        63.04,
        65.03,
        58.97,
        64.8,
        51.22,
        57.010000000000005,
        61.260000000000005,
        59.28,
        61.79,
        65.53999999999999,
        62.13999999999999,
        67.28,
        65.47,
        66.82000000000001,
        63.519999999999996,
        58.650000000000006,
        66.72,
        64.3,
        63.32
    ]
}