{
    "config": {
        "E": 1,
        "K": 10,
        "NUMBER_OF_CLIENTS": 100,
        "MAX_TIME": 10000,
        "BATCH_SIZE": 50,
        "VALIDATION_BATCH_SIZE": 500,
        "LR": 0.01,
        "WEIGHT_DECAY": 0.0004,
        "DATA_DISTRIBUTION": "non-iid",
        "FED_AVG_M": false,
        "FED_AVG_M_BETA": 0.9,
        "FED_AVG_M_GAMMA": 1,
        "LR_DECAY": 0.99,
        "LOG_FREQUENCY": 25,
        "AUGMENTATION_PROB": 0.0,
        "SAVE_FREQUENCY": 500,
        "NORM_LAYER": ""
    },
    "alpha": 0.2,
    "accuracy": [
        10.65,
        15.53,
        15.4,
        18.180000000000003,
        21.6,
        26.740000000000002,
        18.89,
        23.05,
        27.810000000000002,
        28.550000000000004,
        29.909999999999997,
        30.44,
        36.730000000000004,
        36.33,
        37.59,
        32.86,
        33.879999999999995,
        30.98,
        41.099999999999994,
        36.95,
        36.85,
        42.19,
        33.76,
        36.46,
        33.550000000000004,
        37.03,
        42.4,
        45.26,
        43.15,
        40.28,
        40.43,
        43.05,
        45.69,
        48.480000000000004,
        44.75,
        41.58,
        50.35000000000001,
        39.300000000000004,
        50.46000000000001,
        46.75,
        51.339999999999996,
        46.93,
        41.97,
        41.93,
        48.559999999999995,
        43.37,
        50.080000000000005,
        50.45,
        44.79,
        47.25,
        50.72,
        48.15,
        47.94,
        52.92,
        48.449999999999996,
        53.73,
        53.0,
        54.58,
        53.33,
        51.349999999999994,
        53.400000000000006,
        54.96,
        52.0,
        56.38999999999999,
        54.14,
        53.65,
        54.449999999999996,
        51.21,
        56.3,
        55.63,
        54.559999999999995,
        53.14,
        54.67999999999999,
        57.379999999999995,
        57.05,
        56.65,
        57.15,
        53.54,
        54.18000000000001,
        53.65,
        52.870000000000005,
        58.67,
        60.099999999999994,
        57.84,
        55.720000000000006,
        56.04,
        58.78,
        55.7,
        60.050000000000004,
        55.26,
        59.35,
        59.01,
        57.36,
        60.5,
        61.129999999999995,
        57.46,
        60.07,
        59.58,
        60.22,
        57.79,
        60.97,
        52.580000000000005,
        59.48,
        56.87,
        63.55,
        60.61,
        56.86,
        56.589999999999996,
        58.41,
        63.349999999999994,
        62.529999999999994,
        57.269999999999996,
        61.050000000000004,
        63.959999999999994,
        58.18,
        63.4,
        64.96,
        63.54,
        62.160000000000004,
        58.58,
        59.57,
        62.59,
        64.11,
        57.209999999999994,
        64.58,
        63.88,
        62.73,
        62.7,
        59.85,
        60.419999999999995,
        63.6,
        58.48,
        61.760000000000005,
        63.72,
        62.86000000000001,
        63.080000000000005,
        61.28,
        64.35,
        60.57,
        60.089999999999996,
        62.71,
        61.47,
        61.51,
        60.72,
        58.489999999999995,
        58.52,
        56.89999999999999,
        59.199999999999996,
        58.10999999999999,
        63.019999999999996,
        60.39,
        57.74,
        63.22,
        64.46,
        63.4,
        62.9,
        64.38000000000001,
        64.14,
        60.19,
        64.75999999999999,
        66.19,
        66.74,
        63.7,
        65.06,
        65.72,
        62.61,
        66.64,
        63.59,
        66.23,
        65.84,
        64.49000000000001,
        67.36999999999999,
        65.12,
        65.14,
        66.22,
        65.03999999999999,
        65.14,
        65.82000000000001,
        61.24000000000001,
        67.47999999999999,
        67.08999999999999,
        61.970000000000006,
        62.470000000000006,
        65.66,
        65.29,
        67.61,
        64.67,
        66.3,
        62.7,
        65.96,
        69.04,
        66.42,
        65.42,
        61.78,
        66.14,
        66.51,
        68.94,
        65.92,
        66.33,
        67.80000000000001,
        64.97,
        66.4,
        66.10000000000001,
        63.190000000000005,
        66.7,
        66.33,
        67.36999999999999,
        67.33,
        65.98,
        63.59,
        67.62,
        67.83,
        66.62,
        66.69,
        68.8,
        66.94,
        64.32,
        68.28,
        66.97,
        67.67,
        67.28,
        60.39,
        65.89,
        67.35,
        63.82,
        66.3,
        67.62,
        65.06,
        69.54,
        66.03,
        67.16,
        66.31,
        67.83,
        68.45,
        66.77,
        67.56,
        67.63,
        66.93,
        65.59,
        68.74,
        66.95,
        69.73,
        67.45,
        67.67999999999999,
        66.59,
        69.94,
        67.75999999999999,
        66.75999999999999,
        68.5,
        69.69999999999999,
        68.56,
        67.83,
        69.12,
        67.31,
        68.85,
        69.6,
        66.60000000000001,
        67.28,
        67.55,
        68.9,
        65.45,
        68.19,
        67.57,
        68.78,
        68.63,
        68.35,
        69.07,
        68.05,
        70.27,
        66.55,
        67.67,
        69.5,
        66.79,
        68.69999999999999,
        69.28,
        68.78,
        70.28,
        70.57,
        66.8,
        68.41000000000001,
        68.77,
        67.51,
        69.73,
        68.45,
        69.89,
        66.64999999999999,
        67.21000000000001,
        63.449999999999996,
        68.75,
        69.50999999999999,
        69.69,
        70.55,
        71.26,
        67.55,
        68.28999999999999,
        69.58,
        67.95,
        67.94,
        67.2,
        66.91,
        67.07,
        68.17999999999999,
        67.34,
        66.39,
        69.14,
        68.8,
        68.47999999999999,
        69.8,
        70.73,
        69.42,
        69.82000000000001,
        67.53,
        68.94,
        68.66,
        67.42,
        68.27,
        68.88,
        70.91999999999999,
        67.78,
        69.57,
        69.58,
        70.78,
        65.78,
        69.78,
        71.22,
        65.31,
        66.72,
        69.22,
        70.42,
        69.71,
        70.91999999999999,
        68.64,
        69.64,
        70.57,
        70.43,
        68.77,
        70.16,
        69.66,
        69.84,
        70.0,
        70.43,
        70.07,
        70.86,
        69.23,
        70.19999999999999,
        69.58,
        69.13,
        71.16,
        70.49,
        69.73,
        70.8,
        70.49,
        70.77,
        71.07,
        67.65,
        70.55,
        68.8,
        70.73,
        70.34,
        66.83,
        69.57,
        70.17999999999999,
        70.73,
        69.17,
        71.00999999999999,
        68.49,
        70.87,
        67.97,
        67.89,
        69.78999999999999,
        70.97,
        67.62,
        70.50999999999999,
        70.93,
        70.03,
        70.86,
        68.15,
        71.85000000000001,
        70.30999999999999,
        71.19,
        70.17999999999999,
        71.71,
        71.36,
        68.64,
        69.86,
        70.17,
        69.48,
        70.19,
        70.05,
        69.92,
        70.53,
        70.52000000000001,
        71.28,
        70.77,
        70.30999999999999,
        70.48,
        71.05,
        70.41,
        69.8,
        70.99
    ]
}