{
    "config": {
        "E": 1,
        "K": 5,
        "NUMBER_OF_CLIENTS": 100,
        "MAX_TIME": 2500,
        "BATCH_SIZE": 50,
        "VALIDATION_BATCH_SIZE": 500,
        "LR": 0.01,
        "DATA_DISTRIBUTION": "non-iid",
        "FED_AVG_M": false,
        "FED_AVG_M_BETA": 0.9,
        "FED_AVG_M_GAMMA": 1,
        "LR_DECAY": 0.99,
        "LOG_FREQUENCY": 25,
        "AUGMENTATION_PROB": 0.5,
        "SAVE_FREQUENCY": 100,
        "NORM_LAYER": ""
    },
    "alpha": 0.2,
    "accuracy": [
        11.22,
        10.0,
        10.0,
        17.34,
        15.27,
        19.84,
        16.63,
        18.740000000000002,
        23.13,
        22.720000000000002,
        20.01,
        22.66,
        24.43,
        18.34,
        28.000000000000004,
        24.72,
        24.610000000000003,
        22.36,
        33.51,
        23.32,
        32.96,
        34.88,
        32.95,
        31.259999999999998,
        25.040000000000003,
        34.760000000000005,
        32.24,
        38.879999999999995,
        42.32,
        34.160000000000004,
        31.96,
        29.59,
        32.76,
        37.44,
        39.98,
        31.31,
        28.410000000000004,
        33.36,
        15.43,
        37.76,
        40.81,
        36.7,
        30.69,
        40.03,
        42.49,
        39.97,
        33.37,
        32.11,
        42.03,
        29.28,
        41.23,
        37.13,
        45.24,
        41.03,
        41.199999999999996,
        36.54,
        27.97,
        47.92,
        41.199999999999996,
        49.480000000000004,
        42.53,
        40.47,
        47.3,
        39.32,
        47.73,
        39.53,
        47.02,
        44.42,
        52.82,
        31.380000000000003,
        45.98,
        41.08,
        48.86,
        43.91,
        50.49,
        51.67,
        48.14,
        46.379999999999995,
        40.99,
        43.69,
        41.349999999999994,
        46.98,
        49.309999999999995,
        43.51,
        49.3,
        55.06999999999999,
        48.6,
        44.04,
        53.580000000000005,
        51.59,
        54.06999999999999,
        47.74,
        50.28,
        45.48,
        52.94,
        48.949999999999996,
        47.660000000000004,
        55.910000000000004,
        55.57,
        53.239999999999995
    ]
}