{
    "config": {
        "E": 1,
        "K": 5,
        "NUMBER_OF_CLIENTS": 100,
        "MAX_TIME": 10000,
        "BATCH_SIZE": 50,
        "VALIDATION_BATCH_SIZE": 500,
        "LR": 0.01,
        "WEIGHT_DECAY": 0.0004,
        "DATA_DISTRIBUTION": "non-iid",
        "DIRICHELET_ALPHA": "[ 0 . 0 ,   0 . 0 5 ,   0 . 1 ,   0 . 2 ,   0 . 5 ,   1 . 0 ,   1 0 . 0 ,   1 0 0 . 0 ]",
        "AVERAGE_ACCURACY": "[0.2589 0.5169 0.5339 0.6101 0.6756 0.6973 0.7448 0.    ]",
        "FED_AVG_M": false,
        "FED_AVG_M_BETA": 0.9,
        "FED_AVG_M_GAMMA": 1,
        "LR_DECAY": 0.99,
        "LOG_FREQUENCY": 25,
        "AUGMENTATION_PROB": 0.0,
        "SAVE_FREQUENCY": 500,
        "NORM_LAYER": "bn"
    },
    "alpha": "1 0 . 0",
    "accuracy": [
        11.03,
        36.89,
        47.21,
        50.01,
        51.55,
        57.31,
        60.12,
        59.48,
        60.4,
        66.10000000000001,
        60.5,
        65.58,
        67.64,
        66.02,
        68.13,
        67.36,
        68.15,
        69.38,
        69.61,
        69.12,
        70.1,
        71.34,
        68.91000000000001,
        70.91,
        71.95,
        71.05,
        69.5,
        66.89,
        69.89,
        71.38,
        70.65,
        71.50999999999999,
        72.25,
        70.6,
        72.46000000000001,
        71.44,
        72.61,
        72.43,
        70.38,
        72.22999999999999,
        72.28,
        72.00999999999999,
        73.36,
        71.65,
        72.16,
        71.33,
        72.85000000000001,
        73.45,
        71.08,
        73.36,
        74.48,
        70.41,
        70.23,
        74.02,
        72.8,
        72.83,
        73.4,
        73.06,
        71.59,
        72.91,
        73.07000000000001,
        72.92,
        71.5,
        73.98,
        71.99,
        73.55000000000001,
        73.92999999999999,
        73.11,
        72.61999999999999,
        73.9,
        73.24000000000001,
        71.45,
        72.76,
        72.78,
        73.91,
        71.39999999999999,
        73.48,
        73.49,
        73.15,
        73.42999999999999,
        73.06,
        73.65,
        72.81,
        73.29,
        73.66,
        73.06,
        73.2,
        73.3,
        73.61999999999999,
        72.82,
        73.44000000000001,
        72.95,
        73.25,
        72.11999999999999,
        72.69,
        73.25,
        72.54,
        72.48,
        73.33,
        73.05,
        72.92999999999999,
        73.2,
        73.31,
        72.95,
        73.61,
        73.72,
        72.89999999999999,
        73.35000000000001,
        73.52,
        73.05,
        73.26,
        72.81,
        71.35000000000001,
        73.39,
        72.92999999999999,
        72.82,
        72.87,
        72.84,
        73.49,
        73.25,
        73.59,
        73.45,
        73.65,
        73.53,
        73.78,
        72.50999999999999,
        73.3,
        72.27,
        72.34,
        73.42,
        73.03,
        73.46000000000001,
        72.72999999999999,
        73.41,
        73.03,
        73.2,
        73.6,
        73.11999999999999,
        72.88,
        72.77,
        73.48,
        73.27,
        73.19,
        73.1,
        73.22,
        73.48,
        73.22999999999999,
        73.4,
        73.37,
        73.37,
        73.61,
        73.36,
        73.36,
        73.6,
        73.2,
        72.92,
        73.02,
        73.32,
        73.1,
        73.42,
        73.9,
        73.76,
        73.42,
        73.31,
        73.61999999999999,
        73.41,
        73.29,
        73.39,
        73.27,
        73.72,
        73.22,
        73.36,
        73.61,
        73.29,
        72.78999999999999,
        73.37,
        73.33999999999999,
        72.39,
        73.33,
        73.11999999999999,
        73.35000000000001,
        73.21,
        73.55000000000001,
        73.06,
        73.38,
        73.57000000000001,
        73.47,
        73.26,
        73.49,
        73.4,
        73.35000000000001,
        73.39,
        73.76,
        73.38,
        73.59,
        73.37,
        73.22,
        73.00999999999999,
        73.02,
        73.58,
        73.38,
        73.02,
        73.22,
        68.2,
        73.67,
        73.49,
        73.46000000000001,
        73.37,
        72.83,
        73.46000000000001,
        73.4,
        73.11999999999999,
        73.48,
        73.24,
        73.22,
        73.39,
        73.42,
        73.48,
        73.47,
        73.5,
        73.27,
        73.32,
        73.32,
        73.28,
        73.0,
        73.33999999999999,
        71.92999999999999,
        73.41,
        72.85000000000001,
        73.29,
        73.37,
        73.14,
        73.09,
        71.27,
        73.3,
        72.8,
        73.48,
        73.19,
        73.15,
        73.49,
        73.11,
        73.25,
        73.13,
        73.53,
        73.34,
        73.21,
        73.11,
        73.33,
        73.14,
        72.98,
        74.03,
        73.25,
        73.44,
        73.13,
        73.13,
        73.25,
        73.19,
        73.18,
        73.03,
        72.78,
        74.16,
        73.68,
        73.33,
        73.5,
        72.95,
        73.37,
        73.68,
        73.49,
        73.4,
        73.55000000000001,
        73.64,
        73.58,
        73.34,
        73.45,
        73.14,
        73.37,
        73.27,
        72.95,
        72.92999999999999,
        73.03,
        73.21,
        73.22,
        73.39,
        73.29,
        72.97,
        73.15,
        72.78999999999999,
        73.08,
        73.77,
        73.71,
        73.61,
        73.41,
        73.61999999999999,
        73.33999999999999,
        73.42999999999999,
        73.22999999999999,
        73.04,
        73.07000000000001,
        74.02,
        73.65,
        73.41,
        73.37,
        73.42,
        73.14,
        73.09,
        73.11,
        73.33,
        73.35000000000001,
        72.92,
        73.27,
        73.11999999999999,
        73.66,
        73.45,
        73.33999999999999,
        73.16,
        72.89999999999999,
        73.15,
        73.16,
        73.19,
        73.26,
        73.22,
        71.91,
        73.46000000000001,
        73.38,
        73.28,
        73.42999999999999,
        73.11999999999999,
        73.35000000000001,
        73.72999999999999,
        73.65,
        73.39,
        73.13,
        73.26,
        73.56,
        73.09,
        73.21,
        73.24,
        73.11,
        73.04,
        73.16,
        72.95,
        73.08,
        73.06,
        72.71,
        73.26,
        73.8,
        73.7,
        73.47,
        73.22,
        73.18,
        73.25,
        73.31,
        73.3,
        73.49,
        73.18,
        73.19,
        73.4,
        73.05,
        73.2,
        72.94,
        72.81,
        73.17,
        73.77,
        73.75,
        73.17,
        73.1,
        73.25,
        73.45,
        73.6,
        73.63,
        73.45,
        72.98,
        73.26,
        73.29,
        73.35000000000001,
        73.08,
        72.82,
        73.33,
        73.46000000000001,
        73.46000000000001,
        73.22999999999999,
        73.21,
        73.26,
        73.36,
        73.19,
        72.08,
        73.57000000000001,
        73.65,
        73.07000000000001,
        73.0,
        73.47,
        73.33,
        73.37,
        73.38,
        73.37,
        73.13,
        72.97,
        73.15,
        73.25,
        72.63
    ]
}