{
    "config": {
        "E": 1,
        "K": 20,
        "NUMBER_OF_CLIENTS": 100,
        "MAX_TIME": 5000,
        "BATCH_SIZE": 50,
        "VALIDATION_BATCH_SIZE": 500,
        "LR": 0.01,
        "WEIGHT_DECAY": 0.0004,
        "DATA_DISTRIBUTION": "non-iid",
        "FED_AVG_M": false,
        "FED_AVG_M_BETA": 0.9,
        "FED_AVG_M_GAMMA": 1,
        "LR_DECAY": 0.99,
        "LOG_FREQUENCY": 25,
        "AUGMENTATION_PROB": 0.0,
        "SAVE_FREQUENCY": 500,
        "NORM_LAYER": ""
    },
    "alpha": 0.1,
    "accuracy": [
        10.040000000000001,
        14.52,
        10.85,
        23.64,
        23.79,
        26.479999999999997,
        26.150000000000002,
        25.78,
        29.59,
        27.91,
        28.83,
        31.569999999999997,
        29.330000000000002,
        34.849999999999994,
        35.339999999999996,
        37.84,
        37.18,
        37.61,
        38.96,
        40.510000000000005,
        40.67,
        34.39,
        35.24,
        36.620000000000005,
        36.34,
        39.06,
        43.8,
        41.589999999999996,
        41.99,
        45.49,
        43.81,
        44.58,
        37.18,
        40.71,
        39.89,
        45.12,
        46.43,
        42.02,
        45.07,
        45.03,
        46.63,
        47.55,
        45.93,
        49.35,
        46.12,
        46.85,
        48.67,
        48.68,
        40.83,
        48.43,
        46.739999999999995,
        41.089999999999996,
        49.33,
        49.720000000000006,
        48.510000000000005,
        49.16,
        50.080000000000005,
        49.480000000000004,
        51.339999999999996,
        51.03,
        47.449999999999996,
        53.93,
        52.18000000000001,
        52.49,
        48.05,
        50.870000000000005,
        50.690000000000005,
        52.16,
        49.9,
        47.11,
        54.74,
        51.160000000000004,
        55.59,
        50.129999999999995,
        55.410000000000004,
        51.6,
        53.32,
        53.080000000000005,
        56.279999999999994,
        51.74999999999999,
        55.769999999999996,
        56.24,
        55.03,
        56.50000000000001,
        55.379999999999995,
        53.94,
        57.099999999999994,
        56.93,
        55.63,
        56.13,
        54.63,
        54.99000000000001,
        52.01,
        56.35,
        57.11000000000001,
        55.35,
        57.93000000000001,
        59.040000000000006,
        58.58,
        53.28000000000001,
        57.3,
        55.78999999999999,
        57.99999999999999,
        59.07,
        59.150000000000006,
        56.31,
        59.34,
        60.64000000000001,
        59.03,
        60.03000000000001,
        56.42,
        60.12,
        60.36,
        60.540000000000006,
        61.49,
        59.199999999999996,
        58.660000000000004,
        59.79,
        60.040000000000006,
        59.57,
        61.129999999999995,
        61.5,
        59.46,
        61.970000000000006,
        62.23,
        60.39,
        60.08,
        59.63,
        62.03999999999999,
        62.71,
        62.470000000000006,
        60.9,
        58.209999999999994,
        60.660000000000004,
        60.95,
        62.629999999999995,
        60.589999999999996,
        60.089999999999996,
        63.029999999999994,
        62.11,
        62.67,
        63.11,
        62.83,
        63.849999999999994,
        61.31999999999999,
        61.809999999999995,
        63.32,
        63.68000000000001,
        62.53999999999999,
        63.83,
        64.75999999999999,
        64.32,
        63.42,
        62.86000000000001,
        64.24,
        61.28,
        62.839999999999996,
        62.870000000000005,
        63.79,
        64.96,
        64.87,
        64.28,
        64.19,
        65.28,
        66.16,
        65.91,
        64.53,
        64.98,
        64.91,
        61.53999999999999,
        61.17,
        61.94,
        63.54,
        66.17,
        63.629999999999995,
        63.370000000000005,
        64.0,
        65.48,
        66.46,
        64.97,
        64.75,
        65.4,
        62.28,
        65.36999999999999,
        66.31,
        65.36,
        65.81,
        64.53999999999999,
        62.64999999999999,
        64.38000000000001,
        63.9,
        66.31,
        64.22,
        65.45,
        64.14,
        67.60000000000001,
        63.28,
        65.96,
        66.10000000000001,
        65.97
    ]
}