{
    "config": {
        "E": 1,
        "K": 5,
        "NUMBER_OF_CLIENTS": 100,
        "MAX_TIME": 10000,
        "BATCH_SIZE": 50,
        "VALIDATION_BATCH_SIZE": 500,
        "LR": 0.01,
        "WEIGHT_DECAY": 0.0004,
        "DATA_DISTRIBUTION": "non-iid",
        "DIRICHELET_ALPHA": "[ 0 . 0 ,   0 . 0 5 ,   0 . 1 ,   0 . 2 ,   0 . 5 ,   1 . 0 ,   1 0 . 0 ,   1 0 0 . 0 ]",
        "AVERAGE_ACCURACY": "[0.2589 0.5169 0.5339 0.6101 0.     0.     0.     0.    ]",
        "FED_AVG_M": false,
        "FED_AVG_M_BETA": 0.9,
        "FED_AVG_M_GAMMA": 1,
        "LR_DECAY": 0.99,
        "LOG_FREQUENCY": 25,
        "AUGMENTATION_PROB": 0.0,
        "SAVE_FREQUENCY": 500,
        "NORM_LAYER": "bn"
    },
    "alpha": "0 . 2",
    "accuracy": [
        10.010000000000002,
        22.759999999999998,
        18.560000000000002,
        24.62,
        18.790000000000003,
        32.379999999999995,
        33.879999999999995,
        28.599999999999998,
        34.54,
        30.470000000000002,
        39.160000000000004,
        42.52,
        46.19,
        42.69,
        37.419999999999995,
        36.059999999999995,
        43.26,
        42.25,
        40.18,
        36.41,
        49.92,
        31.269999999999996,
        46.739999999999995,
        39.44,
        41.65,
        34.44,
        46.02,
        47.620000000000005,
        52.059999999999995,
        33.93,
        50.550000000000004,
        40.32,
        46.92,
        47.21,
        52.459999999999994,
        45.16,
        51.42,
        52.15,
        46.03,
        47.07,
        37.59,
        37.97,
        45.23,
        52.980000000000004,
        56.330000000000005,
        43.61,
        39.23,
        49.870000000000005,
        51.86000000000001,
        46.37,
        43.01,
        49.3,
        48.980000000000004,
        46.46,
        51.93,
        53.56999999999999,
        43.37,
        44.47,
        50.849999999999994,
        45.04,
        51.21,
        48.64,
        45.92,
        50.5,
        47.589999999999996,
        53.949999999999996,
        51.67,
        51.0,
        46.32,
        50.0,
        55.71,
        45.75,
        46.52,
        42.82,
        49.74,
        44.49,
        42.53,
        39.98,
        48.870000000000005,
        45.0,
        47.0,
        55.00000000000001,
        56.3,
        54.65,
        54.94,
        43.85,
        46.1,
        54.0,
        55.00000000000001,
        52.6,
        52.72,
        49.559999999999995,
        52.28,
        49.01,
        46.29,
        48.4,
        50.760000000000005,
        50.370000000000005,
        44.22,
        47.44,
        56.04,
        54.21,
        57.089999999999996,
        51.89,
        54.879999999999995,
        53.290000000000006,
        40.06,
        52.849999999999994,
        55.290000000000006,
        51.46000000000001,
        50.519999999999996,
        57.66,
        48.14,
        56.81,
        53.559999999999995,
        46.35,
        49.95,
        52.480000000000004,
        54.949999999999996,
        56.230000000000004,
        47.25,
        43.87,
        55.589999999999996,
        56.410000000000004,
        56.11000000000001,
        51.71,
        53.43,
        50.71,
        51.04,
        47.79,
        50.71,
        44.51,
        55.290000000000006,
        56.879999999999995,
        55.43,
        55.800000000000004,
        56.96,
        60.24,
        52.78,
        44.18,
        50.370000000000005,
        53.52,
        49.75,
        54.53,
        52.300000000000004,
        53.349999999999994,
        55.059999999999995,
        47.77,
        52.49,
        51.09,
        48.870000000000005,
        52.1,
        54.010000000000005,
        39.69,
        48.3,
        50.739999999999995,
        52.88,
        48.59,
        53.73,
        55.86,
        52.410000000000004,
        49.7,
        51.459999999999994,
        39.09,
        51.73,
        56.57,
        52.790000000000006,
        51.449999999999996,
        46.62,
        55.03,
        51.41,
        50.260000000000005,
        56.64,
        50.64999999999999,
        55.34,
        52.31,
        50.63999999999999,
        53.61,
        52.39,
        59.150000000000006,
        54.52,
        49.559999999999995,
        56.04,
        56.37,
        51.239999999999995,
        52.88,
        54.13,
        52.83,
        54.42,
        50.33,
        52.43,
        48.230000000000004,
        47.099999999999994,
        55.31,
        54.64,
        52.11,
        53.56999999999999,
        44.85,
        59.330000000000005,
        54.169999999999995,
        52.09,
        50.739999999999995,
        56.86,
        54.1,
        58.91,
        40.77,
        54.86,
        57.34,
        57.97,
        57.75,
        52.81,
        54.6,
        57.37,
        56.28999999999999,
        48.85,
        46.03,
        54.47,
        54.48,
        54.85,
        56.55,
        51.22,
        54.26,
        52.629999999999995,
        54.82,
        55.11000000000001,
        53.480000000000004,
        50.160000000000004,
        53.92,
        56.86,
        54.300000000000004,
        56.38999999999999,
        55.559999999999995,
        36.85,
        49.71,
        49.89,
        53.449999999999996,
        55.730000000000004,
        53.14,
        52.76,
        56.84,
        58.089999999999996,
        53.93,
        50.54,
        52.339999999999996,
        54.97,
        56.620000000000005,
        57.02,
        56.14,
        55.379999999999995,
        55.300000000000004,
        50.51,
        53.64,
        47.92,
        56.44,
        53.88,
        53.690000000000005,
        56.830000000000005,
        55.06999999999999,
        55.059999999999995,
        56.67,
        49.64,
        54.22,
        60.24,
        57.4,
        50.43,
        52.959999999999994,
        56.64,
        57.31,
        54.22,
        50.83,
        53.61,
        56.04,
        56.44,
        56.300000000000004,
        55.57,
        52.580000000000005,
        54.02,
        55.14,
        50.13999999999999,
        56.19,
        58.52,
        57.29,
        54.16,
        52.480000000000004,
        53.63,
        55.25,
        57.34,
        53.33,
        54.94,
        56.93,
        54.39000000000001,
        53.09,
        56.26,
        53.81,
        53.839999999999996,
        55.900000000000006,
        56.00000000000001,
        55.589999999999996,
        53.7,
        53.76,
        51.160000000000004,
        55.169999999999995,
        54.56999999999999,
        53.44,
        57.42,
        53.09,
        57.989999999999995,
        53.190000000000005,
        56.32,
        51.4,
        46.21,
        43.69,
        57.48,
        52.580000000000005,
        55.92,
        54.790000000000006,
        56.65,
        55.04,
        57.38999999999999,
        55.61000000000001,
        53.769999999999996,
        54.11,
        55.05,
        55.669999999999995,
        50.99,
        55.94,
        55.61000000000001,
        56.87,
        45.43,
        56.19,
        54.879999999999995,
        51.760000000000005,
        57.4,
        54.669999999999995,
        52.790000000000006,
        53.510000000000005,
        55.36,
        56.410000000000004,
        51.46000000000001,
        58.85,
        57.34,
        54.290000000000006,
        58.96,
        59.28,
        51.519999999999996,
        55.65,
        53.42,
        55.97,
        53.7,
        60.540000000000006,
        53.949999999999996,
        55.1,
        54.730000000000004,
        52.35999999999999,
        58.77,
        58.17,
        58.36,
        57.49999999999999,
        56.69,
        58.43000000000001,
        48.39,
        45.269999999999996,
        55.42,
        56.63,
        52.51,
        56.53,
        57.78,
        54.82,
        59.27,
        57.31,
        57.58,
        55.44,
        57.86,
