{
    "config": {
        "E": 2,
        "K": 5,
        "NUMBER_OF_CLIENTS": 100,
        "MAX_TIME": 2500,
        "BATCH_SIZE": 50,
        "VALIDATION_BATCH_SIZE": 500,
        "LR": 0.01,
        "DATA_DISTRIBUTION": "non-iid",
        "DIRICHELET_ALPHA": "[ 0 . 0 ,   0 . 0 5 ,   0 . 1 ,   0 . 2 ,   0 . 5 ,   1 . 0 ,   1 0 . 0 ,   1 0 0 . 0 ]",
        "AVERAGE_ACCURACY": "[0.4685 0.5826 0.6057 0.6121 0.6728 0.6805 0.7205 0.7206]",
        "FED_AVG_M": false,
        "FED_AVG_M_BETA": 0.9,
        "FED_AVG_M_GAMMA": 1,
        "LR_DECAY": 0.99,
        "LOG_FREQUENCY": 25,
        "AUGMENTATION_PROB": 0.0,
        "SAVE_FREQUENCY": 100,
        "NORM_LAYER": ""
    },
    "alpha": "1 0 0 . 0",
    "accuracy": [
        11.0,
        32.2,
        40.96,
        45.690000000000005,
        50.0,
        51.64,
        52.800000000000004,
        56.93,
        58.29,
        60.589999999999996,
        62.019999999999996,
        63.080000000000005,
        64.72,
        65.75999999999999,
        66.29,
        67.25999999999999,
        68.13,
        68.9,
        68.61,
        69.71,
        69.59,
        69.53,
        70.13000000000001,
        70.34,
        70.73,
        70.76,
        71.50999999999999,
        71.6,
        71.41,
        71.8,
        71.54,
        71.43,
        71.52,
        71.89999999999999,
        71.89,
        70.73,
        71.61999999999999,
        71.97,
        71.99,
        71.76,
        71.74000000000001,
        71.46000000000001,
        71.22,
        71.89999999999999,
        71.88,
        71.61,
        71.7,
        70.48,
        71.65,
        71.26,
        71.73,
        71.74000000000001,
        71.31,
        71.8,
        71.67999999999999,
        71.6,
        71.88,
        71.26,
        71.39999999999999,
        71.75,
        71.78999999999999,
        72.06,
        71.66,
        71.71,
        71.86,
        71.77,
        72.00999999999999,
        71.77,
        70.96000000000001,
        71.86,
        71.86,
        71.66,
        72.02,
        71.73,
        71.8,
        71.66,
        71.89999999999999,
        71.83,
        71.8,
        71.77,
        71.81,
        71.81,
        71.73,
        70.85000000000001,
        71.63000000000001,
        71.74000000000001,
        71.28,
        71.82,
        71.72,
        71.93,
        71.77,
        71.71,
        71.74000000000001,
        71.78,
        71.63000000000001,
        71.82,
        71.54,
        71.57,
        71.63000000000001,
        71.67
    ]
}