{
    "config": {
        "E": 1,
        "K": 10,
        "NUMBER_OF_CLIENTS": 100,
        "MAX_TIME": 2500,
        "BATCH_SIZE": 50,
        "VALIDATION_BATCH_SIZE": 500,
        "LR": 0.01,
        "WEIGHT_DECAY": 0.0004,
        "DATA_DISTRIBUTION": "non-iid",
        "FED_AVG_M": false,
        "FED_AVG_M_BETA": 0.9,
        "FED_AVG_M_GAMMA": 1,
        "LR_DECAY": 0.99,
        "LOG_FREQUENCY": 25,
        "AUGMENTATION_PROB": 0.0,
        "SAVE_FREQUENCY": 500,
        "NORM_LAYER": ""
    },
    "alpha": 0.5,
    "accuracy": [
        10.61,
        13.170000000000002,
        21.91,
        30.25,
        26.640000000000004,
        23.990000000000002,
        28.95,
        29.81,
        34.050000000000004,
        36.370000000000005,
        33.53,
        39.11,
        38.2,
        42.29,
        40.510000000000005,
        35.29,
        40.86,
        46.050000000000004,
        44.800000000000004,
        44.1,
        46.65,
        47.29,
        49.18,
        48.86,
        49.16,
        45.62,
        48.83,
        52.949999999999996,
        39.04,
        51.18000000000001,
        50.44,
        49.13,
        48.71,
        52.5,
        49.74,
        54.92,
        51.59,
        53.559999999999995,
        53.339999999999996,
        52.739999999999995,
        54.17999999999999,
        53.800000000000004,
        53.839999999999996,
        57.82000000000001,
        55.50000000000001,
        58.95,
        56.15,
        54.7,
        55.75,
        57.05,
        56.14,
        58.37,
        57.50999999999999,
        59.709999999999994,
        55.46,
        57.209999999999994,
        58.69,
        62.77,
        60.209999999999994,
        57.620000000000005,
        58.660000000000004,
        61.78,
        57.769999999999996,
        61.260000000000005,
        60.36,
        60.34,
        60.589999999999996,
        61.86000000000001,
        59.95,
        62.59,
        62.19,
        60.03000000000001,
        62.33,
        64.47,
        63.160000000000004,
        62.29,
        63.62,
        63.12,
        65.72,
        64.38000000000001,
        61.18,
        63.260000000000005,
        63.129999999999995,
        63.38,
        63.239999999999995,
        63.04,
        57.709999999999994,
        64.72,
        64.39,
        64.75999999999999,
        66.34,
        63.519999999999996,
        62.470000000000006,
        66.23,
        65.38000000000001,
        66.44,
        62.28,
        64.89,
        63.56,
        67.14
    ]
}