{
    "config": {
        "E": 5,
        "K": 5,
        "NUMBER_OF_CLIENTS": 100,
        "MAX_TIME": 2500,
        "BATCH_SIZE": 50,
        "VALIDATION_BATCH_SIZE": 500,
        "LR": 0.01,
        "WEIGHT_DECAY": 0.0004,
        "DATA_DISTRIBUTION": "non-iid",
        "DIRICHELET_ALPHA": "[ 0 . 0 5 ]",
        "AVERAGE_ACCURACY": "[0.5764 0.     0.     0.     0.     0.     0.     0.    ]",
        "FED_AVG_M": false,
        "FED_AVG_M_BETA": 0.9,
        "FED_AVG_M_GAMMA": 1,
        "LR_DECAY": 0.99,
        "LOG_FREQUENCY": 25,
        "AUGMENTATION_PROB": 0.0,
        "SAVE_FREQUENCY": 100,
        "NORM_LAYER": ""
    },
    "alpha": "0 . 0 5",
    "accuracy": [
        10.0,
        12.629999999999999,
        14.96,
        22.970000000000002,
        16.61,
        20.880000000000003,
        17.39,
        24.43,
        25.069999999999997,
        33.95,
        21.84,
        32.51,
        25.53,
        31.880000000000003,
        35.03,
        36.11,
        22.13,
        31.06,
        30.48,
        35.08,
        36.27,
        30.870000000000005,
        41.089999999999996,
        35.96,
        35.77,
        32.7,
        43.38,
        23.06,
        20.9,
        30.06,
        43.480000000000004,
        32.84,
        33.83,
        46.2,
        46.19,
        45.15,
        43.18,
        34.08,
        50.28,
        49.370000000000005,
        41.94,
        53.11,
        38.73,
        48.120000000000005,
        48.120000000000005,
        52.1,
        45.83,
        50.71,
        48.370000000000005,
        52.93,
        49.04,
        47.73,
        47.74,
        55.230000000000004,
        49.470000000000006,
        54.31,
        47.04,
        52.38,
        52.190000000000005,
        34.61,
        43.05,
        47.97,
        47.07,
        48.64,
        54.64,
        48.1,
        47.370000000000005,
        47.89,
        50.83,
        43.95,
        54.25,
        51.12,
        51.66,
        47.72,
        50.09,
        52.38,
        51.370000000000005,
        49.95,
        53.32,
        43.97,
        50.23,
        53.94,
        55.04,
        46.44,
        46.88,
        54.93,
        54.779999999999994,
        44.68,
        41.54,
        50.23,
        50.22,
        51.06,
        47.699999999999996,
        44.92,
        46.28,
        40.72,
        42.620000000000005,
        57.45,
        55.989999999999995,
        57.64
    ]
}