{
    "config": {
        "E": 1,
        "K": 5,
        "NUMBER_OF_CLIENTS": 100,
        "MAX_TIME": 10000,
        "BATCH_SIZE": 50,
        "VALIDATION_BATCH_SIZE": 500,
        "LR": 0.01,
        "WEIGHT_DECAY": 0.0004,
        "DATA_DISTRIBUTION": "non-iid",
        "FED_AVG_M": false,
        "FED_AVG_M_BETA": 0.9,
        "FED_AVG_M_GAMMA": 1,
        "LR_DECAY": 0.99,
        "LOG_FREQUENCY": 25,
        "AUGMENTATION_PROB": 0.0,
        "SAVE_FREQUENCY": 500,
        "NORM_LAYER": "gn"
    },
    "alpha": 10.0,
    "accuracy": [
        11.65,
        31.89,
        42.86,
        44.99,
        48.42,
        53.18000000000001,
        54.769999999999996,
        55.24,
        55.03,
        57.769999999999996,
        58.75,
        62.849999999999994,
        63.739999999999995,
        61.760000000000005,
        64.83,
        63.2,
        65.28,
        65.98,
        66.83,
        65.05,
        67.44,
        69.46,
        65.68,
        69.35,
        68.33,
        68.86,
        67.23,
        66.74,
        69.95,
        67.78,
        70.14,
        67.73,
        70.26,
        67.38,
        70.82,
        70.14,
        71.43,
        72.86,
        68.74,
        73.5,
        71.22,
        72.26,
        73.06,
        71.85000000000001,
        72.64,
        73.21,
        73.22999999999999,
        73.50999999999999,
        72.44,
        73.13,
        73.36,
        72.06,
        73.11,
        74.35000000000001,
        72.27,
        73.46000000000001,
        74.26,
        72.23,
        72.26,
        72.7,
        74.22999999999999,
        72.68,
        72.45,
        74.18,
        74.02,
        73.81,
        73.06,
        73.69,
        73.42,
        74.75,
        73.92,
        72.69,
        72.83,
        73.92999999999999,
        74.18,
        71.26,
        73.77,
        74.11999999999999,
        73.67,
        73.92999999999999,
        74.27,
        73.55000000000001,
        71.72,
        73.81,
        74.11999999999999,
        72.06,
        72.99,
        73.57000000000001,
        73.79,
        73.25,
        73.96000000000001,
        73.83999999999999,
        73.08,
        73.86,
        74.21,
        73.65,
        74.07000000000001,
        73.15,
        73.53999999999999,
        74.37,
        73.39,
        74.08,
        74.21,
        73.74,
        74.0,
        74.11,
        73.6,
        74.32,
        73.99,
        73.91,
        73.83,
        73.52,
        71.58,
        73.74,
        71.38,
        72.85000000000001,
        73.71,
        73.50999999999999,
        73.71,
        73.58,
        73.99,
        73.98,
        73.3,
        73.85000000000001,
        73.89,
        73.91,
        73.81,
        73.72,
        73.16,
        74.0,
        74.21,
        73.81,
        73.41,
        73.74,
        74.28,
        73.11999999999999,
        74.22,
        74.05000000000001,
        73.85000000000001,
        74.19,
        74.18,
        74.05000000000001,
        73.58,
        73.96000000000001,
        74.31,
        73.83,
        74.33999999999999,
        73.92,
        74.2,
        74.4,
        73.86,
        74.05000000000001,
        74.06,
        74.39,
        74.25,
        73.48,
        74.28,
        74.49,
        73.96000000000001,
        74.51,
        74.25,
        74.21,
        74.08,
        73.88,
        74.21,
        74.56,
        74.11999999999999,
        74.42,
        74.22,
        74.13,
        74.29,
        73.91,
        74.27,
        73.7,
        73.74,
        74.29,
        74.19,
        74.19,
        74.11999999999999,
        73.92,
        74.08,
        74.29,
        74.09,
        74.26,
        73.83999999999999,
        74.06,
        74.52,
        74.39,
        73.92,
        74.38,
        74.36,
        74.17,
        74.13,
        74.44,
        74.35000000000001,
        73.94,
        73.79,
        74.06,
        74.24,
        74.49,
        74.31,
        74.1,
        74.42,
        74.42999999999999,
        74.41,
        74.19,
        74.48,
        74.31,
        73.91,
        74.44,
        73.83,
        74.3,
        74.35000000000001,
        74.16,
        74.38,
        74.5,
        74.31,
        74.58,
        74.47,
        74.29,
        73.92,
        74.48,
        74.6,
        74.14,
        74.38,
        74.39,
        74.22,
        72.48,
        74.07000000000001,
        74.4,
        74.22,
        74.11,
        74.24,
        74.15,
        74.42999999999999,
        74.22999999999999,
        74.38,
        74.63,
        74.45,
        74.58,
        74.33999999999999,
        74.39,
        74.3,
        74.28,
        74.6,
        74.03,
        74.32,
        74.45,
        74.55000000000001,
        74.17,
        74.45,
        74.46000000000001,
        74.3,
        73.96000000000001,
        74.56,
        74.33,
        74.19,
        74.45,
        74.44,
        74.09,
        74.72,
        74.4,
        74.32,
        73.98,
        73.8,
        74.6,
        73.94,
        74.62,
        74.62,
        74.53,
        74.56,
        74.42999999999999,
        74.11,
        74.42,
        74.33999999999999,
        74.5,
        74.48,
        74.17,
        74.3,
        74.36,
        74.48,
        74.32,
        74.36,
        74.67,
        74.77000000000001,
        74.52,
        74.35000000000001,
        74.46000000000001,
        74.55000000000001,
        74.53,
        74.47,
        74.06,
        74.69,
        74.59,
        73.98,
        74.41,
        74.4,
        74.24,
        74.45,
        74.31,
        74.38,
        74.5,
        74.33999999999999,
        74.6,
        74.33999999999999,
        74.55000000000001,
        74.37,
        74.38,
        74.68,
        74.52,
        74.49,
        74.39,
        74.55000000000001,
        74.46000000000001,
        74.28,
        74.53999999999999,
        74.33999999999999,
        74.77000000000001,
        74.32,
        74.58,
        74.39,
        74.46000000000001,
        74.32,
        70.72,
        74.33999999999999,
        74.3,
        74.4,
        74.47,
        74.25,
        74.65,
        74.21,
        74.67,
        74.19,
        74.3,
        74.67,
        74.71,
        74.47,
        74.59,
        74.49,
        74.42,
        74.4,
        74.46000000000001,
        74.56,
        74.42999999999999,
        74.33999999999999,
        74.62,
        74.36,
        74.51,
        74.45,
        74.52,
        74.6,
        74.66000000000001,
        74.52,
        74.52,
        74.78,
        74.58,
        74.5,
        74.46000000000001,
        74.17,
        74.57000000000001,
        74.37,
        74.32,
        74.42999999999999,
        74.16,
        74.46000000000001,
        74.33,
        74.53999999999999,
        74.48,
        74.42,
        74.68,
        74.41,
        74.44,
        74.49,
        74.44,
        74.22999999999999,
        74.4,
        74.33999999999999,
        74.19,
        74.42,
        74.64,
        74.55000000000001,
        74.27,
        74.55000000000001,
        74.44,
        74.3,
        74.47,
        74.22,
        74.33,
        74.36,
        74.6,
        74.48,
        74.35000000000001,
        74.27,
        74.44,
        74.27,
        74.53999999999999,
        74.37,
        74.49,
        74.72,
        73.92999999999999
    ]
}