{
    "config": {
        "E": 2,
        "K": 5,
        "NUMBER_OF_CLIENTS": 100,
        "MAX_TIME": 2500,
        "BATCH_SIZE": 50,
        "VALIDATION_BATCH_SIZE": 500,
        "LR": 0.01,
        "DATA_DISTRIBUTION": "non-iid",
        "FED_AVG_M": false,
        "FED_AVG_M_BETA": 0.9,
        "FED_AVG_M_GAMMA": 1,
        "LR_DECAY": 0.99,
        "LOG_FREQUENCY": 25,
        "AUGMENTATION_PROB": 0.0,
        "SAVE_FREQUENCY": 100,
        "NORM_LAYER": ""
    },
    "alpha": 1.0,
    "accuracy": [
        10.0,
        23.96,
        21.17,
        29.14,
        33.85,
        36.559999999999995,
        39.26,
        42.6,
        42.980000000000004,
        42.1,
        42.92,
        47.599999999999994,
        43.36,
        40.56,
        49.51,
        47.29,
        40.38,
        50.519999999999996,
        49.02,
        51.67,
        48.480000000000004,
        41.46,
        54.67999999999999,
        53.37,
        50.529999999999994,
        46.79,
        58.35,
        53.89000000000001,
        59.13,
        57.010000000000005,
        59.01,
        58.74,
        52.76,
        60.41,
        54.59,
        58.35,
        58.919999999999995,
        56.60000000000001,
        56.07,
        58.269999999999996,
        57.57,
        62.839999999999996,
        63.94,
        57.74,
        60.29,
        61.78,
        63.27,
        63.04,
        63.349999999999994,
        61.25000000000001,
        61.57,
        56.65,
        63.92,
        45.48,
        60.419999999999995,
        61.91,
        61.23,
        56.57,
        59.99,
        61.08,
        61.75000000000001,
        60.519999999999996,
        64.05,
        64.95,
        59.309999999999995,
        64.96,
        65.64999999999999,
        63.580000000000005,
        63.18,
        65.29,
        62.660000000000004,
        59.39,
        66.64,
        64.49000000000001,
        63.23,
        61.95,
        66.06,
        65.39,
        66.0,
        60.6,
        58.9,
        66.23,
        66.36999999999999,
        66.35,
        64.60000000000001,
        65.75,
        66.45,
        65.06,
        64.66,
        67.25999999999999,
        62.970000000000006,
        67.0,
        65.67,
        65.14999999999999,
        66.75999999999999,
        68.05,
        66.02,
        67.36999999999999,
        65.18,
        65.53999999999999
    ]
}