{
    "config": {
        "E": 1,
        "K": 10,
        "NUMBER_OF_CLIENTS": 100,
        "MAX_TIME": 2500,
        "BATCH_SIZE": 50,
        "VALIDATION_BATCH_SIZE": 500,
        "LR": 0.01,
        "WEIGHT_DECAY": 0.0004,
        "DATA_DISTRIBUTION": "non-iid",
        "DIRICHELET_ALPHA": "[ 0 . 5 ,   1 . 0 ,   1 0 . 0 ,   1 0 0 . 0 ]",
        "AVERAGE_ACCURACY": "[0.6714 0.6918 0.7281 0.    ]",
        "FED_AVG_M": false,
        "FED_AVG_M_BETA": 0.9,
        "FED_AVG_M_GAMMA": 1,
        "LR_DECAY": 0.99,
        "LOG_FREQUENCY": 25,
        "AUGMENTATION_PROB": 0.0,
        "SAVE_FREQUENCY": 500,
        "NORM_LAYER": ""
    },
    "alpha": "1 0 . 0",
    "accuracy": [
        10.0,
        26.1,
        30.11,
        36.559999999999995,
        39.92,
        41.959999999999994,
        44.82,
        46.650000000000006,
        48.47,
        47.21,
        49.81,
        51.870000000000005,
        53.65,
        53.55,
        55.78999999999999,
        56.52,
        56.56,
        58.06,
        60.31999999999999,
        59.31999999999999,
        59.540000000000006,
        61.38,
        61.129999999999995,
        61.419999999999995,
        63.31,
        63.78,
        65.85,
        64.8,
        65.05,
        65.83,
        67.02,
        67.03,
        67.61,
        67.69,
        68.26,
        68.89,
        68.34,
        68.62,
        68.74,
        69.59,
        69.51,
        69.62,
        69.99,
        68.14,
        70.30999999999999,
        70.54,
        70.14,
        70.77,
        70.02000000000001,
        69.5,
        71.98,
        70.76,
        71.6,
        71.81,
        71.48,
        70.69,
        71.97,
        69.45,
        71.57,
        72.36,
        71.91,
        72.26,
        70.14,
        71.95,
        71.6,
        72.42,
        72.25,
        71.67999999999999,
        72.08,
        71.75,
        72.09,
        72.19,
        72.5,
        72.31,
        72.44,
        72.42999999999999,
        72.26,
        72.04,
        72.49,
        71.94,
        72.44,
        72.45,
        72.63,
        71.25,
        72.47,
        71.27,
        72.14,
        72.24000000000001,
        72.81,
        71.35000000000001,
        72.19,
        72.55,
        72.26,
        72.32,
        72.34,
        71.71,
        72.72999999999999,
        72.46000000000001,
        72.44,
        72.42999999999999
    ]
}