{
    "config": {
        "E": 1,
        "K": 5,
        "NUMBER_OF_CLIENTS": 100,
        "MAX_TIME": 2500,
        "BATCH_SIZE": 50,
        "VALIDATION_BATCH_SIZE": 500,
        "LR": 0.01,
        "DATA_DISTRIBUTION": "non-iid",
        "FED_AVG_M": false,
        "FED_AVG_M_BETA": 0.9,
        "FED_AVG_M_GAMMA": 1,
        "LR_DECAY": 0.99,
        "LOG_FREQUENCY": 25,
        "AUGMENTATION_PROB": 0.5,
        "SAVE_FREQUENCY": 100,
        "NORM_LAYER": ""
    },
    "alpha": 0.05,
    "accuracy": [
        9.610000000000001,
        10.0,
        10.0,
        11.21,
        21.4,
        18.9,
        15.58,
        13.51,
        11.34,
        14.7,
        17.09,
        19.68,
        19.56,
        22.96,
        20.35,
        19.13,
        14.16,
        20.0,
        28.749999999999996,
        25.15,
        11.600000000000001,
        21.17,
        25.669999999999998,
        29.189999999999998,
        30.18,
        25.740000000000002,
        23.37,
        28.58,
        25.869999999999997,
        31.069999999999997,
        34.39,
        34.23,
        18.29,
        31.53,
        27.250000000000004,
        36.25,
        22.68,
        26.700000000000003,
        28.46,
        31.130000000000003,
        37.480000000000004,
        35.43,
        28.33,
        34.870000000000005,
        31.39,
        33.1,
        31.319999999999997,
        39.89,
        19.63,
        25.11,
        40.73,
        35.199999999999996,
        27.189999999999998,
        31.47,
        38.54,
        35.29,
        34.37,
        34.47,
        30.270000000000003,
        32.29,
        38.7,
        41.809999999999995,
        42.809999999999995,
        42.3,
        33.87,
        43.14,
        37.35,
        42.66,
        43.82,
        47.97,
        43.54,
        33.5,
        37.65,
        41.15,
        37.78,
        48.199999999999996,
        44.07,
        39.410000000000004,
        45.15,
        46.63,
        40.06,
        42.620000000000005,
        31.759999999999998,
        46.5,
        47.36,
        43.0,
        46.45,
        45.300000000000004,
        48.13,
        42.69,
        44.800000000000004,
        44.18,
        50.7,
        49.88,
        46.42,
        43.96,
        44.43,
        36.559999999999995,
        46.04,
        42.39
    ]
}