{
    "config": {
        "E": 1,
        "K": 5,
        "NUMBER_OF_CLIENTS": 100,
        "MAX_TIME": 10000,
        "BATCH_SIZE": 50,
        "VALIDATION_BATCH_SIZE": 500,
        "LR": 0.01,
        "WEIGHT_DECAY": 0.0004,
        "DATA_DISTRIBUTION": "non-iid",
        "DIRICHELET_ALPHA": "[ 0 . 0 ,   0 . 0 5 ,   0 . 1 ,   0 . 2 ,   0 . 5 ,   1 . 0 ,   1 0 . 0 ,   1 0 0 . 0 ]",
        "AVERAGE_ACCURACY": "[0.2589 0.5169 0.5339 0.6101 0.6756 0.6973 0.7448 0.7584]",
        "FED_AVG_M": false,
        "FED_AVG_M_BETA": 0.9,
        "FED_AVG_M_GAMMA": 1,
        "LR_DECAY": 0.99,
        "LOG_FREQUENCY": 25,
        "AUGMENTATION_PROB": 0.0,
        "SAVE_FREQUENCY": 500,
        "NORM_LAYER": "bn"
    },
    "alpha": "1 0 0 . 0",
    "accuracy": [
        16.56,
        41.25,
        47.949999999999996,
        53.800000000000004,
        58.01,
        60.019999999999996,
        61.94,
        60.83,
        65.41,
        65.55,
        66.59,
        67.71000000000001,
        68.14,
        67.63,
        68.0,
        69.98,
        70.74000000000001,
        71.64,
        71.39,
        71.48,
        70.53,
        71.61,
        71.65,
        72.54,
        73.35000000000001,
        73.18,
        72.17,
        73.63,
        73.77,
        74.59,
        73.47,
        73.2,
        72.7,
        74.13,
        74.2,
        74.15,
        74.98,
        75.03999999999999,
        74.56,
        75.73,
        74.47,
        75.12,
        73.29,
        74.51,
        74.53999999999999,
        73.67,
        75.18,
        75.57000000000001,
        75.59,
        74.75,
        75.84,
        75.0,
        75.08,
        75.1,
        73.48,
        75.05000000000001,
        75.51,
        74.91,
        74.44,
        74.4,
        75.61,
        75.16000000000001,
        75.47,
        74.33,
        74.81,
        75.21,
        75.27000000000001,
        75.78,
        75.4,
        75.68,
        75.28,
        73.97,
        75.55,
        75.5,
        74.62,
        75.42999999999999,
        75.12,
        75.14,
        75.12,
        75.38,
        75.68,
        75.8,
        75.17,
        75.22999999999999,
        75.26,
        74.6,
        75.39,
        74.9,
        75.0,
        73.22,
        75.18,
        74.75,
        74.67,
        75.5,
        75.37,
        75.77000000000001,
        75.33999999999999,
        74.9,
        75.26,
        75.2,
        74.85000000000001,
        74.96000000000001,
        75.26,
        74.98,
        74.64,
        74.89,
        75.18,
        75.31,
        75.14,
        74.45,
        75.24,
        75.39,
        75.42,
        74.99,
        74.29,
        75.27000000000001,
        75.33999999999999,
        75.44,
        75.42,
        75.6,
        75.31,
        75.48,
        74.94,
        75.22,
        75.19,
        75.4,
        74.88,
        75.21,
        75.36,
        74.37,
        72.28999999999999,
        74.99,
        75.4,
        75.39,
        75.53,
        75.21,
        75.19,
        75.36,
        75.27000000000001,
        75.3,
        75.02,
        75.12,
        75.09,
        75.3,
        75.35,
        75.33,
        75.18,
        75.12,
        75.01,
        75.6,
        75.29,
        74.99,
        75.36,
        75.14,
        75.08,
        75.22999999999999,
        75.49,
        75.33,
        74.99,
        75.19,
        75.26,
        75.12,
        74.92,
        75.09,
        75.11,
        75.15,
        73.94,
        75.3,
        75.05,
        75.16000000000001,
        75.09,
        75.18,
        74.85000000000001,
        75.08,
        75.1,
        75.11,
        75.17,
        75.38,
        75.3,
        75.4,
        75.31,
        75.28,
        75.52,
        75.28,
        74.97,
        75.09,
        75.33999999999999,
        75.14,
        75.25,
        75.24,
        75.18,
        75.02,
        74.92999999999999,
        75.1,
        75.09,
        75.03,
        75.07000000000001,
        74.89,
        75.59,
        75.3,
        75.47,
        75.36,
        75.16000000000001,
        75.21,
        75.12,
        75.01,
        75.22,
        75.12,
        74.86,
        75.47,
        75.47,
        75.35,
        75.22,
        75.19,
        75.07000000000001,
        75.19,
        75.06,
        75.08,
        75.14,
        75.0,
        75.05000000000001,
        74.94,
        74.96000000000001,
        74.97,
        74.83999999999999,
        74.96000000000001,
        74.81,
        74.94,
        74.83,
        74.95,
        74.83,
        74.85000000000001,
        74.62,
        74.79,
        74.78,
        74.77000000000001,
        74.77000000000001,
        75.33999999999999,
        75.63,
        75.2,
        75.42999999999999,
        75.06,
        74.9,
        74.98,
        75.08,
        74.95,
        75.11,
        75.14999999999999,
        75.17,
        74.92,
        74.92,
        75.09,
        74.81,
        74.85000000000001,
        74.83999999999999,
        74.94,
        75.74,
        75.52,
        75.61,
        75.44,
        75.05,
        75.02,
        75.12,
        75.24,
        75.05,
        74.92,
        75.15,
        75.03,
        74.74,
        75.61,
        75.35000000000001,
        75.17,
        75.53999999999999,
        75.15,
        75.3,
        75.25,
        75.32,
        75.1,
        75.14999999999999,
        74.98,
        75.12,
        75.05,
        75.16000000000001,
        75.28,
        75.03999999999999,
        74.78,
        74.92,
        75.03,
        75.07000000000001,
        74.88,
        74.88,
        75.06,
        74.91,
        74.9,
        74.77000000000001,
        74.72,
        74.74,
        74.8,
        74.98,
        75.05,
        74.85,
        75.39,
        75.66000000000001,
        75.74,
        75.33,
        75.24,
        75.38,
        75.19,
        75.18,
        75.32,
        75.07000000000001,
        75.02,
        75.57000000000001,
        75.25,
        75.19,
        75.12,
        75.11,
        75.02,
        75.0,
        75.2,
        74.96000000000001,
        75.1,
        75.14999999999999,
        75.07000000000001,
        74.7,
        74.87,
        74.94,
        74.83,
        74.64,
        74.89,
        74.83999999999999,
        74.69,
        75.31,
        75.08,
        75.19,
        75.07000000000001,
        75.12,
        74.96000000000001,
        75.28,
        75.09,
        74.98,
        75.18,
        74.8,
        74.92999999999999,
        74.86,
        74.8,
        74.81,
        74.83999999999999,
        74.71,
        75.41,
        75.12,
        75.03999999999999,
        75.02,
        75.08,
        75.09,
        74.63,
        66.5,
        75.44,
        75.49,
        75.14999999999999,
        74.98,
        74.9,
        74.92,
        74.85000000000001,
        74.8,
        75.01,
        74.94,
        74.8,
        74.63,
        75.3,
        75.16000000000001,
        75.08,
        74.92999999999999,
        74.92,
        75.01,
        74.71,
        74.66000000000001,
        74.83,
        74.94,
        74.62,
        74.75,
        74.75,
        74.74,
        74.53,
        74.8,
        74.51,
        74.77000000000001,
        74.76,
        74.71,
        74.72999999999999,
        74.68,
        74.76,
        74.58,
        74.71,
        74.44,
        74.51,
        74.67,
        74.57000000000001,
        74.96000000000001,
        74.65
    ]
}