{
    "config": {
        "E": 5,
        "K": 5,
        "NUMBER_OF_CLIENTS": 100,
        "MAX_TIME": 2500,
        "BATCH_SIZE": 50,
        "VALIDATION_BATCH_SIZE": 500,
        "LR": 0.01,
        "DATA_DISTRIBUTION": "non-iid",
        "FED_AVG_M": false,
        "FED_AVG_M_BETA": 0.9,
        "FED_AVG_M_GAMMA": 1,
        "LR_DECAY": 0.99,
        "LOG_FREQUENCY": 25,
        "AUGMENTATION_PROB": 0.0,
        "SAVE_FREQUENCY": 100,
        "NORM_LAYER": ""
    },
    "alpha": 1.0,
    "accuracy": [
        13.520000000000001,
        44.26,
        52.52,
        55.76,
        62.18,
        63.56,
        65.77,
        66.58,
        66.96,
        67.75999999999999,
        68.12,
        68.41000000000001,
        68.36,
        68.78,
        68.71000000000001,
        68.89999999999999,
        69.35,
        69.36,
        69.87,
        69.8,
        68.45,
        69.78,
        69.59,
        69.69,
        69.46,
        69.67,
        69.85,
        69.83,
        69.48,
        69.55,
        69.41000000000001,
        69.98,
        69.67,
        69.71,
        69.6,
        69.52000000000001,
        69.57,
        69.77,
        69.23,
        70.06,
        69.38,
        69.88,
        69.17999999999999,
        69.07,
        69.43,
        70.0,
        69.75,
        69.39999999999999,
        69.36,
        69.85,
        70.34,
        69.72,
        69.28,
        70.17,
        69.78,
        67.24,
        69.97,
        69.86,
        70.19,
        69.84,
        70.16,
        69.36,
        70.15,
        69.58,
        70.1,
        70.05,
        69.82000000000001,
        70.04,
        70.0,
        68.54,
        70.25,
        70.15,
        70.35,
        70.23,
        69.88,
        70.02000000000001,
        70.12,
        69.73,
        70.09,
        70.0,
        70.25,
        70.39999999999999,
        70.30999999999999,
        70.00999999999999,
        70.19,
        69.94,
        69.71,
        69.97,
        70.25,
        70.04,
        70.22,
        70.12,
        70.16,
        70.6,
        70.37,
        69.92,
        70.5,
        70.37,
        70.28999999999999,
        70.42
    ]
}