{
    "config": {
        "E": 1,
        "K": 10,
        "NUMBER_OF_CLIENTS": 100,
        "MAX_TIME": 2500,
        "BATCH_SIZE": 50,
        "VALIDATION_BATCH_SIZE": 500,
        "LR": 0.01,
        "WEIGHT_DECAY": 0.0004,
        "DATA_DISTRIBUTION": "non-iid",
        "DIRICHELET_ALPHA": "[ 0 . 5 ,   1 . 0 ,   1 0 . 0 ,   1 0 0 . 0 ]",
        "AVERAGE_ACCURACY": "[0.6714 0.6918 0.     0.    ]",
        "FED_AVG_M": false,
        "FED_AVG_M_BETA": 0.9,
        "FED_AVG_M_GAMMA": 1,
        "LR_DECAY": 0.99,
        "LOG_FREQUENCY": 25,
        "AUGMENTATION_PROB": 0.0,
        "SAVE_FREQUENCY": 500,
        "NORM_LAYER": ""
    },
    "alpha": "1 . 0",
    "accuracy": [
        10.02,
        17.79,
        25.46,
        25.16,
        31.69,
        34.74,
        31.790000000000003,
        38.58,
        40.62,
        36.38,
        44.28,
        39.28,
        35.99,
        43.44,
        43.95,
        44.5,
        47.9,
        46.989999999999995,
        45.61,
        44.78,
        44.92,
        43.88,
        48.33,
        51.870000000000005,
        51.89,
        51.38,
        53.300000000000004,
        53.47,
        54.28000000000001,
        49.69,
        54.71,
        55.7,
        56.45,
        56.589999999999996,
        54.54,
        53.38,
        54.48,
        58.040000000000006,
        57.4,
        60.64000000000001,
        58.63,
        58.87,
        61.77,
        61.09,
        55.88999999999999,
        62.57,
        57.599999999999994,
        61.86000000000001,
        62.43,
        59.62,
        59.85,
        60.31999999999999,
        59.809999999999995,
        62.239999999999995,
        58.550000000000004,
        63.94,
        63.050000000000004,
        63.82,
        64.14,
        63.970000000000006,
        61.91,
        63.04,
        65.92,
        65.68,
        66.55,
        65.71000000000001,
        65.46,
        65.78,
        65.36,
        62.88,
        66.46,
        64.18,
        64.62,
        66.75999999999999,
        66.06,
        67.63,
        66.56,
        67.73,
        64.55,
        65.60000000000001,
        63.78,
        64.9,
        67.93,
        66.89,
        66.71000000000001,
        67.17999999999999,
        66.0,
        67.41,
        67.71000000000001,
        67.73,
        67.78,
        67.36,
        66.82000000000001,
        65.98,
        68.31,
        66.75,
        67.13,
        65.62,
        63.1,
        69.17999999999999
    ]
}