{
    "config": {
        "E": 1,
        "K": 5,
        "NUMBER_OF_CLIENTS": 100,
        "MAX_TIME": 2500,
        "BATCH_SIZE": 50,
        "VALIDATION_BATCH_SIZE": 500,
        "LR": 0.01,
        "DATA_DISTRIBUTION": "non-iid",
        "DIRICHELET_ALPHA": "[ 0 . 0 ,   0 . 0 5 ,   0 . 1 ,   0 . 2 ,   0 . 5 ,   1 . 0 ]",
        "AVERAGE_ACCURACY": "[0.4823 0.5541 0.5899 0.5924 0.6536 0.     0.     0.    ]",
        "FED_AVG_M": false,
        "FED_AVG_M_BETA": 0.9,
        "FED_AVG_M_GAMMA": 1,
        "LR_DECAY": 0.99,
        "LOG_FREQUENCY": 25,
        "AUGMENTATION_PROB": 0.0,
        "SAVE_FREQUENCY": 100,
        "NORM_LAYER": ""
    },
    "alpha": "0 . 5",
    "accuracy": [
        10.0,
        14.860000000000001,
        16.580000000000002,
        24.42,
        16.14,
        22.28,
        20.52,
        30.45,
        33.08,
        30.18,
        27.229999999999997,
        35.97,
        35.510000000000005,
        31.819999999999997,
        40.1,
        35.44,
        35.18,
        32.14,
        34.65,
        31.05,
        41.160000000000004,
        35.08,
        40.99,
        42.43,
        46.6,
        41.42,
        40.52,
        44.440000000000005,
        46.53,
        44.7,
        31.14,
        42.71,
        50.29,
        49.720000000000006,
        49.1,
        49.95,
        45.06,
        47.17,
        46.57,
        51.580000000000005,
        52.53,
        56.50000000000001,
        45.46,
        44.06,
        44.07,
        53.94,
        50.06,
        51.55,
        54.81,
        52.99,
        53.25,
        54.50000000000001,
        56.37,
        50.150000000000006,
        47.010000000000005,
        49.59,
        49.84,
        57.61000000000001,
        54.24,
        54.36,
        57.769999999999996,
        52.96999999999999,
        55.489999999999995,
        62.96000000000001,
        59.050000000000004,
        51.21,
        51.2,
        57.38999999999999,
        49.9,
        59.14,
        56.71000000000001,
        60.629999999999995,
        56.410000000000004,
        53.36,
        59.13,
        56.46,
        42.96,
        59.61,
        62.6,
        57.26,
        60.019999999999996,
        60.83,
        62.7,
        53.559999999999995,
        62.550000000000004,
        50.39,
        57.699999999999996,
        57.620000000000005,
        55.88999999999999,
        57.82000000000001,
        63.480000000000004,
        60.07,
        65.36,
        62.92,
        64.75,
        60.73,
        59.330000000000005,
        65.32,
        60.660000000000004,
        61.370000000000005
    ]
}