{
    "config": {
        "E": 1,
        "K": 5,
        "NUMBER_OF_CLIENTS": 100,
        "MAX_TIME": 10000,
        "BATCH_SIZE": 50,
        "VALIDATION_BATCH_SIZE": 500,
        "LR": 0.01,
        "WEIGHT_DECAY": 0.0004,
        "DATA_DISTRIBUTION": "non-iid",
        "DIRICHELET_ALPHA": "[ 0 . 0 ,   0 . 0 5 ,   0 . 1 ,   0 . 2 ,   0 . 5 ,   1 . 0 ,   1 0 . 0 ,   1 0 0 . 0 ]",
        "AVERAGE_ACCURACY": "[0.2589 0.     0.     0.     0.     0.     0.     0.    ]",
        "FED_AVG_M": false,
        "FED_AVG_M_BETA": 0.9,
        "FED_AVG_M_GAMMA": 1,
        "LR_DECAY": 0.99,
        "LOG_FREQUENCY": 25,
        "AUGMENTATION_PROB": 0.0,
        "SAVE_FREQUENCY": 500,
        "NORM_LAYER": "bn"
    },
    "alpha": "0 . 0",
    "accuracy": [
        10.0,
        10.010000000000002,
        10.0,
        10.299999999999999,
        10.0,
        10.0,
        10.23,
        10.88,
        18.19,
        17.810000000000002,
        10.89,
        22.63,
        11.98,
        21.130000000000003,
        18.37,
        20.71,
        13.850000000000001,
        15.42,
        13.91,
        17.46,
        14.75,
        25.89,
        23.71,
        16.48,
        24.91,
        21.89,
        14.35,
        14.63,
        21.55,
        11.07,
        13.530000000000001,
        22.2,
        17.79,
        19.63,
        20.74,
        16.89,
        23.36,
        20.07,
        17.66,
        23.669999999999998,
        16.87,
        12.4,
        18.85,
        24.84,
        23.21,
        20.52,
        13.36,
        25.369999999999997,
        22.48,
        20.43,
        14.150000000000002,
        23.21,
        20.66,
        18.2,
        15.47,
        20.46,
        23.650000000000002,
        12.1,
        14.219999999999999,
        20.150000000000002,
        21.67,
        14.980000000000002,
        19.720000000000002,
        18.740000000000002,
        23.49,
        22.7,
        17.49,
        20.94,
        23.71,
        19.93,
        22.61,
        17.76,
        12.509999999999998,
        15.329999999999998,
        19.7,
        17.03,
        15.21,
        22.34,
        15.290000000000001,
        17.93,
        15.0,
        19.45,
        12.659999999999998,
        15.61,
        20.39,
        17.3,
        21.78,
        19.39,
        20.78,
        10.81,
        19.27,
        12.3,
        20.73,
        22.98,
        19.96,
        15.079999999999998,
        13.73,
        19.63,
        17.68,
        11.93,
        10.76,
        13.819999999999999,
        22.040000000000003,
        15.02,
        19.11,
        19.56,
        19.509999999999998,
        18.93,
        19.89,
        14.84,
        18.65,
        20.84,
        18.98,
        17.02,
        17.549999999999997,
        13.56,
        20.44,
        13.16,
        15.17,
        20.62,
        18.57,
        19.98,
        19.49,
        17.29,
        14.71,
        21.03,
        16.46,
        17.78,
        16.18,
        21.95,
        17.22,
        20.54,
        21.2,
        18.9,
        16.17,
        12.41,
        20.26,
        15.950000000000001,
        21.86,
        12.629999999999999,
        17.91,
        19.66,
        18.86,
        15.540000000000001,
        12.9,
        17.919999999999998,
        12.86,
        21.349999999999998,
        16.41,
        11.35,
        19.27,
        20.07,
        16.78,
        18.04,
        14.649999999999999,
        16.85,
        20.75,
        17.119999999999997,
        18.01,
        18.87,
        18.23,
        16.88,
        17.3,
        17.64,
        16.57,
        15.46,
        11.99,
        18.13,
        22.82,
        11.790000000000001,
        17.97,
        17.45,
        13.47,
        21.91,
        19.27,
        19.14,
        18.44,
        16.2,
        17.45,
        17.07,
        15.079999999999998,
        20.1,
        16.74,
        18.4,
        15.879999999999999,
        17.62,
        16.37,
        16.689999999999998,
        11.09,
        15.45,
        14.63,
        16.91,
        20.23,
        18.2,
        14.350000000000001,
        19.17,
        21.060000000000002,
        17.330000000000002,
        17.14,
        18.95,
        19.93,
        12.06,
        18.46,
        17.53,
        19.74,
        19.27,
        15.5,
        19.040000000000003,
        18.9,
        11.03,
        19.57,
        15.299999999999999,
        14.91,
        19.82,
        18.05,
        22.84,
        18.34,
        17.44,
        19.43,
        12.57,
        16.7,
        11.49,
        19.36,
        15.690000000000001,
        17.919999999999998,
        14.360000000000001,
        21.57,
        19.97,
        19.689999999999998,
        18.9,
        20.07,
        16.89,
        17.65,
        16.18,
        18.64,
        16.27,
        15.509999999999998,
        13.07,
        16.39,
        17.82,
        13.86,
        10.280000000000001,
        19.580000000000002,
        15.83,
        19.63,
        19.1,
        16.64,
        17.49,
        19.830000000000002,
        18.09,
        17.31,
        20.41,
        18.67,
        18.89,
        13.669999999999998,
        19.66,
        20.39,
        16.8,
        15.620000000000001,
        16.220000000000002,
        19.35,
        17.03,
        14.940000000000001,
        10.75,
        21.4,
        13.55,
        16.45,
        18.17,
        19.25,
        18.94,
        16.720000000000002,
        20.51,
        16.650000000000002,
        18.7,
        12.1,
        22.48,
        14.74,
        19.770000000000003,
        17.87,
        15.35,
        17.990000000000002,
        11.950000000000001,
        18.080000000000002,
        17.669999999999998,
        13.15,
        20.22,
        17.02,
        19.87,
        15.32,
        12.7,
        12.01,
        19.38,
        18.67,
        20.020000000000003,
        21.610000000000003,
        20.27,
        16.09,
        18.42,
        19.78,
        20.8,
        17.669999999999998,
        18.82,
        21.66,
        21.240000000000002,
        18.12,
        20.6,
        13.94,
        18.95,
        18.48,
        15.14,
        11.8,
        14.32,
        17.810000000000002,
        13.040000000000001,
        16.03,
        21.46,
        19.03,
        19.0,
        21.19,
        22.13,
        14.540000000000001,
        15.049999999999999,
        15.1,
        17.7,
        17.07,
        21.67,
        15.06,
        19.33,
        20.86,
        18.47,
        16.82,
        12.659999999999998,
        15.28,
        17.94,
        18.42,
        13.98,
        15.540000000000001,
        14.66,
        15.160000000000002,
        14.85,
        12.840000000000002,
        18.63,
        18.54,
        17.49,
        15.27,
        15.98,
        18.61,
        18.01,
        15.690000000000001,
        17.919999999999998,
        20.1,
        16.14,
        19.7,
        17.78,
        17.5,
        15.57,
        17.19,
        18.080000000000002,
        17.28,
        17.740000000000002,
        16.770000000000003,
        18.78,
        20.27,
        19.91,
        15.58,
        16.400000000000002,
        17.669999999999998,
        15.97,
        17.32,
        19.79,
        16.0,
        13.22,
        18.71,
        21.5,
        19.259999999999998,
        13.33,
        19.13,
        15.39,
        15.959999999999999,
        16.45,
        17.05,
        16.240000000000002,
        19.25,
        20.990000000000002,
        18.47,
        19.23,
        18.740000000000002,
        14.23,
        15.39,
        12.58,
        19.3,
        18.099999999999998,
        18.759999999999998,
        18.360000000000003,
        18.080000000000002,
        17.84,
        20.79,
        19.0,
        17.400000000000002,
        14.56
    ]
}