{
    "config": {
        "E": 1,
        "K": 5,
        "NUMBER_OF_CLIENTS": 100,
        "MAX_TIME": 2500,
        "BATCH_SIZE": 50,
        "VALIDATION_BATCH_SIZE": 500,
        "LR": 0.01,
        "DATA_DISTRIBUTION": "non-iid",
        "FED_AVG_M": false,
        "FED_AVG_M_BETA": 0.9,
        "FED_AVG_M_GAMMA": 1,
        "LR_DECAY": 0.99,
        "LOG_FREQUENCY": 25,
        "AUGMENTATION_PROB": 0.5,
        "SAVE_FREQUENCY": 100,
        "NORM_LAYER": ""
    },
    "alpha": 0.5,
    "accuracy": [
        10.0,
        11.52,
        13.090000000000002,
        21.6,
        14.27,
        22.0,
        16.2,
        22.41,
        31.31,
        27.62,
        24.66,
        32.879999999999995,
        30.270000000000003,
        27.650000000000002,
        36.980000000000004,
        33.300000000000004,
        32.31,
        26.5,
        33.24,
        25.540000000000003,
        38.78,
        29.060000000000002,
        37.669999999999995,
        39.379999999999995,
        43.08,
        39.36,
        34.870000000000005,
        41.52,
        42.52,
        40.760000000000005,
        30.770000000000003,
        40.69,
        47.56,
        46.6,
        44.03,
        46.050000000000004,
        40.17,
        41.64,
        38.41,
        44.15,
        46.239999999999995,
        51.129999999999995,
        37.53,
        38.550000000000004,
        38.09,
        49.57,
        46.71,
        46.54,
        51.32,
        50.129999999999995,
        50.080000000000005,
        49.54,
        52.62,
        45.86,
        43.51,
        46.93,
        45.68,
        53.12,
        48.4,
        51.55,
        53.849999999999994,
        47.89,
        52.949999999999996,
        58.98,
        55.7,
        47.24,
        46.36,
        51.83,
        43.74,
        55.64,
        54.31,
        57.87,
        52.410000000000004,
        52.99,
        55.46,
        53.03,
        36.41,
        55.44,
        58.36,
        53.839999999999996,
        57.599999999999994,
        56.830000000000005,
        59.89,
        49.52,
        58.85,
        47.839999999999996,
        53.82,
        54.89000000000001,
        52.300000000000004,
        57.35,
        60.49,
        54.7,
        63.14999999999999,
        60.38,
        61.56,
        55.39000000000001,
        56.56,
        60.81999999999999,
        58.87,
        55.33
    ]
}