{
    "config": {
        "E": 2,
        "K": 5,
        "NUMBER_OF_CLIENTS": 100,
        "MAX_TIME": 2500,
        "BATCH_SIZE": 50,
        "VALIDATION_BATCH_SIZE": 500,
        "LR": 0.01,
        "DATA_DISTRIBUTION": "non-iid",
        "DIRICHELET_ALPHA": "[ 0 . 0 ,   0 . 0 5 ,   0 . 1 ,   0 . 2 ,   0 . 5 ,   1 . 0 ,   1 0 . 0 ,   1 0 0 . 0 ]",
        "AVERAGE_ACCURACY": "[0.4685 0.     0.     0.     0.     0.     0.     0.    ]",
        "FED_AVG_M": false,
        "FED_AVG_M_BETA": 0.9,
        "FED_AVG_M_GAMMA": 1,
        "LR_DECAY": 0.99,
        "LOG_FREQUENCY": 25,
        "AUGMENTATION_PROB": 0.0,
        "SAVE_FREQUENCY": 100,
        "NORM_LAYER": ""
    },
    "alpha": "0 . 0",
    "accuracy": [
        10.0,
        10.0,
        10.0,
        10.0,
        10.0,
        10.0,
        10.0,
        12.64,
        18.88,
        18.85,
        12.27,
        25.06,
        12.389999999999999,
        24.67,
        20.89,
        20.64,
        15.740000000000002,
        13.54,
        15.190000000000001,
        15.079999999999998,
        14.05,
        20.82,
        27.49,
        21.42,
        29.29,
        26.810000000000002,
        26.88,
        22.62,
        26.290000000000003,
        18.89,
        15.64,
        33.269999999999996,
        23.71,
        20.21,
        30.17,
        21.93,
        35.949999999999996,
        33.989999999999995,
        27.99,
        35.39,
        19.689999999999998,
        21.37,
        23.62,
        40.239999999999995,
        34.89,
        30.4,
        32.31,
        30.12,
        24.95,
        22.54,
        16.259999999999998,
        37.25,
        30.880000000000003,
        27.71,
        26.87,
        31.319999999999997,
        30.7,
        34.39,
        33.82,
        35.370000000000005,
        41.14,
        33.300000000000004,
        37.68,
        36.620000000000005,
        30.42,
        28.749999999999996,
        39.04,
        41.58,
        34.12,
        39.06,
        29.12,
        36.63,
        30.14,
        40.42,
        32.95,
        25.990000000000002,
        37.730000000000004,
        21.69,
        26.25,
        33.32,
        23.47,
        34.239999999999995,
        35.57,
        36.309999999999995,
        40.050000000000004,
        27.52,
        34.29,
        40.04,
        42.26,
        36.17,
        32.08,
        25.34,
        44.96,
        33.97,
        38.769999999999996,
        46.85,
        44.9,
        46.589999999999996,
        37.41,
        35.25
    ]
}