{
    "config": {
        "E": 1,
        "K": 20,
        "NUMBER_OF_CLIENTS": 100,
        "MAX_TIME": 5000,
        "BATCH_SIZE": 50,
        "VALIDATION_BATCH_SIZE": 500,
        "LR": 0.01,
        "WEIGHT_DECAY": 0.0004,
        "DATA_DISTRIBUTION": "non-iid",
        "DIRICHELET_ALPHA": "[ 0 . 0 ,   0 . 0 5 ,   0 . 1 ,   0 . 2 ,   0 . 5 ,   1 . 0 ,   1 0 . 0 ,   1 0 0 . 0 ]",
        "AVERAGE_ACCURACY": "[0.6288 0.6759 0.676  0.6783 0.7061 0.7134 0.7234 0.7391]",
        "FED_AVG_M": false,
        "FED_AVG_M_BETA": 0.9,
        "FED_AVG_M_GAMMA": 1,
        "LR_DECAY": 0.99,
        "LOG_FREQUENCY": 25,
        "AUGMENTATION_PROB": 0.0,
        "SAVE_FREQUENCY": 500,
        "NORM_LAYER": ""
    },
    "alpha": "1 0 0 . 0",
    "accuracy": [
        10.03,
        25.61,
        32.96,
        37.9,
        41.58,
        44.47,
        46.45,
        48.14,
        50.07,
        51.54,
        52.11,
        53.949999999999996,
        55.400000000000006,
        56.21000000000001,
        57.440000000000005,
        58.269999999999996,
        59.699999999999996,
        60.980000000000004,
        61.870000000000005,
        62.59,
        63.74999999999999,
        64.25999999999999,
        64.85,
        65.0,
        65.85,
        66.58,
        66.64,
        67.33,
        67.77,
        67.82000000000001,
        68.66,
        69.22,
        69.22,
        69.69999999999999,
        70.05,
        69.98,
        70.53,
        70.57,
        70.87,
        71.54,
        71.69,
        71.87,
        72.13000000000001,
        72.50999999999999,
        72.34,
        72.63,
        72.86,
        72.91,
        72.88,
        73.1,
        73.11999999999999,
        73.46000000000001,
        73.47,
        73.42,
        73.5,
        73.4,
        73.8,
        73.31,
        73.66,
        73.71,
        73.71,
        73.56,
        73.83,
        73.79,
        73.83,
        73.7,
        73.91,
        73.45,
        73.89,
        73.76,
        73.66,
        73.6,
        73.45,
        73.71,
        73.78,
        73.50999999999999,
        73.53999999999999,
        73.46000000000001,
        73.64,
        73.46000000000001,
        73.35000000000001,
        73.06,
        72.75,
        73.06,
        73.47,
        73.4,
        73.15,
        73.13,
        73.31,
        73.08,
        72.45,
        73.32,
        73.00999999999999,
        72.95,
        73.2,
        73.16,
        73.0,
        73.11,
        72.67,
        72.85000000000001,
        73.2,
        73.07000000000001,
        73.05,
        72.98,
        72.61,
        73.15,
        72.96000000000001,
        72.98,
        73.06,
        72.78999999999999,
        72.97,
        73.16,
        73.17,
        72.97,
        72.95,
        72.97,
        73.00999999999999,
        73.13,
        72.87,
        72.67,
        73.03,
        72.92,
        73.0,
        72.98,
        72.99,
        73.04,
        73.04,
        72.97,
        72.89999999999999,
        72.88,
        73.05,
        73.02,
        72.75,
        72.92999999999999,
        73.0,
        72.87,
        73.0,
        72.98,
        73.05,
        73.03,
        73.00999999999999,
        72.99,
        73.06,
        73.02,
        72.71,
        72.89999999999999,
        72.81,
        72.83,
        72.83,
        72.95,
        72.94,
        72.95,
        72.88,
        72.88,
        72.95,
        72.99,
        72.81,
        72.96000000000001,
        72.98,
        72.74000000000001,
        73.00999999999999,
        73.11999999999999,
        73.1,
        72.96000000000001,
        72.97,
        72.97,
        73.13,
        72.97,
        73.0,
        73.0,
        72.94,
        73.02,
        72.92999999999999,
        72.99,
        72.95,
        72.96000000000001,
        73.0,
        72.99,
        72.59,
        73.07000000000001,
        73.03,
        73.09,
        73.18,
        73.14,
        73.11999999999999,
        73.06,
        73.00999999999999,
        72.96000000000001,
        73.05,
        72.98,
        73.11,
        72.96000000000001,
        73.11,
        73.06,
        73.05,
        73.15,
        73.03,
        73.06,
        73.03,
        73.03
    ]
}