{
    "config": {
        "E": 5,
        "K": 5,
        "NUMBER_OF_CLIENTS": 100,
        "MAX_TIME": 2500,
        "BATCH_SIZE": 50,
        "VALIDATION_BATCH_SIZE": 500,
        "LR": 0.01,
        "WEIGHT_DECAY": 0.0004,
        "DATA_DISTRIBUTION": "non-iid",
        "FED_AVG_M": false,
        "FED_AVG_M_BETA": 0.9,
        "FED_AVG_M_GAMMA": 1,
        "LR_DECAY": 0.99,
        "LOG_FREQUENCY": 25,
        "AUGMENTATION_PROB": 0.0,
        "SAVE_FREQUENCY": 100,
        "NORM_LAYER": ""
    },
    "alpha": 0.05,
    "accuracy": [
        10.42,
        14.17,
        13.950000000000001,
        23.27,
        18.080000000000002,
        21.349999999999998,
        17.18,
        24.98,
        24.91,
        34.849999999999994,
        20.93,
        32.21,
        25.25,
        31.81,
        34.699999999999996,
        36.449999999999996,
        21.72,
        31.61,
        30.3,
        35.55,
        36.51,
        31.169999999999998,
        40.8,
        36.93,
        36.44,
        31.080000000000002,
        42.18,
        24.330000000000002,
        21.54,
        29.92,
        43.79,
        33.24,
        34.36,
        45.33,
        47.410000000000004,
        46.51,
        42.95,
        31.36,
        49.309999999999995,
        50.05,
        44.7,
        53.290000000000006,
        39.64,
        49.919999999999995,
        49.36,
        50.49,
        47.97,
        50.129999999999995,
        48.36,
        52.76,
        48.58,
        49.059999999999995,
        46.03,
        55.46,
        49.04,
        53.63,
        47.03,
        51.64,
        52.35999999999999,
        36.91,
        43.49,
        49.63,
        44.61,
        48.18,
        54.64,
        47.43,
        50.2,
        48.5,
        51.99,
        42.55,
        54.09,
        51.15,
        51.339999999999996,
        48.72,
        49.96,
        54.059999999999995,
        53.78000000000001,
        50.12,
        55.16,
        45.690000000000005,
        48.46,
        53.480000000000004,
        54.94,
        46.739999999999995,
        46.379999999999995,
        52.290000000000006,
        53.88,
        46.19,
        41.949999999999996,
        51.53,
        51.04,
        49.88,
        50.12,
        47.0,
        47.83,
        42.480000000000004,
        43.059999999999995,
        56.60000000000001,
        56.43,
        57.99999999999999
    ]
}