{
    "config": {
        "E": 1,
        "K": 5,
        "NUMBER_OF_CLIENTS": 100,
        "MAX_TIME": 10000,
        "BATCH_SIZE": 50,
        "VALIDATION_BATCH_SIZE": 500,
        "LR": 0.01,
        "WEIGHT_DECAY": 0.0004,
        "DATA_DISTRIBUTION": "non-iid",
        "FED_AVG_M": false,
        "FED_AVG_M_BETA": 0.9,
        "FED_AVG_M_GAMMA": 1,
        "LR_DECAY": 0.99,
        "LOG_FREQUENCY": 25,
        "AUGMENTATION_PROB": 0.0,
        "SAVE_FREQUENCY": 500,
        "NORM_LAYER": "gn"
    },
    "alpha": 0.5,
    "accuracy": [
        10.35,
        16.2,
        22.970000000000002,
        24.33,
        36.46,
        31.52,
        33.89,
        39.08,
        39.910000000000004,
        37.519999999999996,
        41.92,
        35.86,
        29.24,
        40.54,
        47.49,
        43.269999999999996,
        49.33,
        49.77,
        44.87,
        50.160000000000004,
        52.480000000000004,
        52.67000000000001,
        50.739999999999995,
        54.33,
        51.24999999999999,
        51.43,
        48.3,
        51.9,
        50.23,
        58.15,
        56.75,
        52.980000000000004,
        51.62,
        42.620000000000005,
        52.73,
        56.69,
        56.50000000000001,
        58.57,
        50.739999999999995,
        49.54,
        55.489999999999995,
        60.69,
        47.73,
        60.199999999999996,
        60.589999999999996,
        63.32,
        58.5,
        55.669999999999995,
        58.620000000000005,
        60.88,
        49.02,
        58.989999999999995,
        57.65,
        61.51,
        65.94,
        52.66,
        58.57,
        62.57,
        66.97999999999999,
        61.77,
        61.260000000000005,
        53.13,
        62.13999999999999,
        57.06,
        62.160000000000004,
        59.37,
        63.1,
        66.28,
        59.760000000000005,
        59.48,
        66.52,
        60.61,
        65.08,
        66.41,
        65.62,
        62.21,
        63.55,
        64.18,
        59.870000000000005,
        63.86000000000001,
        67.39,
        63.23,
        66.25999999999999,
        62.6,
        70.28999999999999,
        62.92,
        67.52,
        61.99,
        58.489999999999995,
        60.97,
        67.2,
        59.760000000000005,
        64.58,
        55.410000000000004,
        62.7,
        64.77000000000001,
        66.51,
        66.29,
        63.46000000000001,
        70.02000000000001,
        64.49000000000001,
        63.690000000000005,
        69.19999999999999,
        65.75,
        64.16,
        67.55,
        66.60000000000001,
        69.62,
        62.92,
        65.72,
        64.07000000000001,
        61.47,
        65.36,
        66.02,
        62.839999999999996,
        62.43,
        70.11,
        64.38000000000001,
        61.01,
        67.4,
        70.53,
        66.95,
        66.74,
        55.879999999999995,
        65.36999999999999,
        65.53999999999999,
        68.26,
        62.44,
        68.78,
        64.3,
        67.24,
        67.01,
        68.75,
        68.63,
        68.10000000000001,
        65.49000000000001,
        66.38,
        69.33,
        65.45,
        69.14,
        64.28,
        64.56,
        64.05,
        67.84,
        68.34,
        67.7,
        68.43,
        64.74,
        70.67,
        65.94,
        68.78999999999999,
        68.13,
        62.629999999999995,
        69.55,
        71.46000000000001,
        69.04,
        68.86,
        71.98,
        70.45,
        70.62,
        69.73,
        67.69,
        64.46,
        68.49,
        68.89,
        65.75999999999999,
        69.73,
        71.82,
        66.32000000000001,
        66.78,
        69.94,
        68.73,
        69.66,
        68.99,
        66.75,
        67.45,
        67.9,
        70.16,
        69.86,
        68.88,
        67.36,
        70.87,
        70.47,
        72.15,
        69.06,
        70.99,
        70.39999999999999,
        69.59,
        70.65,
        64.94,
        65.02,
        71.54,
        72.34,
        68.96,
        68.32000000000001,
        71.49,
        70.77,
        65.35,
        72.13000000000001,
        69.96,
        66.96,
        70.19999999999999,
        65.2,
        70.39999999999999,
        67.08,
        69.95,
        69.65,
        66.75,
        72.09,
        69.67999999999999,
        72.50999999999999,
        72.18,
        68.0,
        70.30999999999999,
        70.83,
        72.38,
        71.49,
        70.88,
        69.66,
        72.46000000000001,
        72.46000000000001,
        70.52,
        72.61,
        70.14,
        68.85,
        66.4,
        71.46000000000001,
        72.33,
        71.84,
        71.07,
        69.11,
        71.34,
        71.28,
        72.02,
        61.27,
        72.44,
        70.3,
        71.63000000000001,
        68.5,
        72.89999999999999,
        72.11,
        72.08,
        73.0,
        70.07,
        72.72,
        72.13,
        71.2,
        70.52000000000001,
        70.89,
        72.39,
        72.56,
        70.48,
        70.32000000000001,
        71.76,
        71.23,
        72.89999999999999,
        68.81,
        72.55,
        67.11,
        70.32000000000001,
        72.42,
        71.24000000000001,
        68.53,
        73.11,
        70.91,
        73.00999999999999,
        73.3,
        72.41,
        70.41,
        71.44,
        72.07000000000001,
        72.44,
        71.49,
        69.37,
        71.41,
        73.38,
        63.71,
        70.71,
        65.36999999999999,
        72.69,
        71.53,
        72.14,
        71.34,
        70.36,
        72.47,
        68.95,
        72.19,
        71.21,
        73.31,
        71.95,
        72.61999999999999,
        72.61,
        71.99,
        73.92,
        71.91,
        70.94,
        72.1,
        67.86999999999999,
        72.38,
        72.44,
        72.3,
        72.42999999999999,
        72.13,
        72.5,
        74.0,
        72.78999999999999,
        73.02,
        72.76,
        72.49,
        72.03,
        72.63,
        72.45,
        72.94,
        72.77,
        71.59,
        72.33,
        72.26,
        70.02000000000001,
        73.38,
        72.58,
        73.21,
        71.36,
        70.65,
        73.11999999999999,
        71.45,
        70.50999999999999,
        69.89,
        72.04,
        73.31,
        73.74,
        73.7,
        71.50999999999999,
        72.81,
        72.94,
        72.87,
        71.04,
        72.89,
        72.54,
        73.41,
        73.56,
        73.28,
        71.35000000000001,
        73.64,
        73.83,
        67.05,
        72.91,
        73.57000000000001,
        70.61,
        71.15,
        73.42999999999999,
        73.22,
        73.14,
        72.94,
        72.36,
        72.42999999999999,
        73.2,
        72.09,
        72.97,
        72.34,
        72.28,
        66.92,
        73.47,
        72.49,
        71.09,
        72.28,
        72.87,
        73.15,
        73.53999999999999,
        69.5,
        73.68,
        73.52,
        73.61999999999999,
        72.94,
        73.1,
        73.34,
        72.71,
        72.85000000000001,
        72.36,
        73.4,
        72.68,
        72.45,
        72.5,
        73.78,
        71.82,
        73.61999999999999,
        73.9,
        71.98,
        72.95,
        73.27,
        74.39,
        73.32,
        72.3,
        72.92,
        73.28,
        73.5,
        73.61999999999999,
        74.03999999999999,
        74.15,
        73.61999999999999,
        73.72999999999999
    ]
}