{
    "config": {
        "E": 5,
        "K": 5,
        "NUMBER_OF_CLIENTS": 100,
        "MAX_TIME": 2500,
        "BATCH_SIZE": 50,
        "VALIDATION_BATCH_SIZE": 500,
        "LR": 0.01,
        "WEIGHT_DECAY": 0.0004,
        "DATA_DISTRIBUTION": "non-iid",
        "DIRICHELET_ALPHA": "[ 0 . 2 ]",
        "AVERAGE_ACCURACY": "[0.6182 0.     0.     0.     0.     0.     0.     0.    ]",
        "FED_AVG_M": false,
        "FED_AVG_M_BETA": 0.9,
        "FED_AVG_M_GAMMA": 1,
        "LR_DECAY": 0.99,
        "LOG_FREQUENCY": 25,
        "AUGMENTATION_PROB": 0.0,
        "SAVE_FREQUENCY": 100,
        "NORM_LAYER": ""
    },
    "alpha": "0 . 2",
    "accuracy": [
        10.0,
        18.89,
        20.18,
        19.68,
        25.540000000000003,
        34.11,
        33.21,
        30.12,
        37.74,
        27.169999999999998,
        35.05,
        41.38,
        38.42,
        41.660000000000004,
        46.07,
        44.68,
        37.730000000000004,
        38.82,
        41.03,
        39.28,
        49.720000000000006,
        42.14,
        39.589999999999996,
        46.83,
        49.65,
        45.629999999999995,
        46.46,
        34.93,
        43.36,
        42.94,
        44.12,
        45.58,
        48.49,
        49.230000000000004,
        51.72,
        43.5,
        42.01,
        52.449999999999996,
        50.28,
        48.11,
        42.21,
        47.77,
        48.449999999999996,
        53.11,
        53.959999999999994,
        55.63,
        53.620000000000005,
        49.1,
        45.12,
        55.21,
        39.61,
        42.059999999999995,
        55.879999999999995,
        49.830000000000005,
        50.55,
        56.13,
        54.72,
        54.11,
        48.58,
        55.82,
        44.9,
        58.050000000000004,
        55.14,
        51.29,
        52.22,
        56.47,
        56.98,
        58.18,
        58.02,
        51.51,
        57.97,
        43.33,
        53.449999999999996,
        57.230000000000004,
        45.690000000000005,
        61.78,
        51.24999999999999,
        55.010000000000005,
        60.809999999999995,
        53.36,
        59.41,
        56.910000000000004,
        55.25,
        58.25,
        53.16,
        60.370000000000005,
        44.37,
        58.86,
        38.4,
        58.9,
        58.3,
        53.059999999999995,
        60.83,
        61.370000000000005,
        61.82,
        54.39000000000001,
        55.83,
        47.57,
        46.129999999999995,
        60.870000000000005
    ]
}