{
    "config": {
        "E": 1,
        "K": 5,
        "NUMBER_OF_CLIENTS": 100,
        "MAX_TIME": 2500,
        "BATCH_SIZE": 50,
        "VALIDATION_BATCH_SIZE": 500,
        "LR": 0.01,
        "DATA_DISTRIBUTION": "non-iid",
        "FED_AVG_M": false,
        "FED_AVG_M_BETA": 0.9,
        "FED_AVG_M_GAMMA": 1,
        "LR_DECAY": 0.99,
        "LOG_FREQUENCY": 25,
        "AUGMENTATION_PROB": 0.5,
        "SAVE_FREQUENCY": 100,
        "NORM_LAYER": ""
    },
    "alpha": 0.1,
    "accuracy": [
        10.0,
        10.0,
        10.0,
        10.0,
        10.590000000000002,
        13.950000000000001,
        22.86,
        14.08,
        16.46,
        16.36,
        23.39,
        21.88,
        28.07,
        13.950000000000001,
        14.63,
        18.82,
        22.58,
        24.6,
        18.73,
        27.140000000000004,
        18.85,
        22.96,
        22.99,
        31.14,
        33.12,
        21.87,
        26.69,
        18.48,
        26.68,
        37.69,
        34.99,
        23.95,
        39.900000000000006,
        26.22,
        30.159999999999997,
        30.53,
        35.120000000000005,
        31.72,
        27.290000000000003,
        34.38,
        34.99,
        31.980000000000004,
        23.68,
        37.34,
        41.58,
        37.86,
        35.67,
        30.94,
        33.6,
        32.41,
        29.410000000000004,
        34.88,
        37.79,
        36.02,
        29.24,
        38.99,
        27.16,
        35.56,
        45.57,
        27.66,
        39.64,
        40.72,
        43.39,
        37.31,
        42.15,
        42.19,
        41.870000000000005,
        42.5,
        43.33,
        46.800000000000004,
        41.54,
        45.379999999999995,
        49.46,
        31.64,
        37.11,
        44.629999999999995,
        47.1,
        32.440000000000005,
        47.99,
        43.71,
        44.64,
        32.93,
        46.88,
        41.8,
        45.489999999999995,
        26.900000000000002,
        43.3,
        49.14,
        43.86,
        48.980000000000004,
        39.07,
        53.410000000000004,
        37.769999999999996,
        48.449999999999996,
        45.89,
        43.28,
        42.63,
        47.870000000000005,
        37.56,
        55.38999999999999
    ]
}