{
    "config": {
        "E": 2,
        "K": 5,
        "NUMBER_OF_CLIENTS": 100,
        "MAX_TIME": 2500,
        "BATCH_SIZE": 50,
        "VALIDATION_BATCH_SIZE": 500,
        "LR": 0.01,
        "DATA_DISTRIBUTION": "non-iid",
        "FED_AVG_M": false,
        "FED_AVG_M_BETA": 0.9,
        "FED_AVG_M_GAMMA": 1,
        "LR_DECAY": 0.99,
        "LOG_FREQUENCY": 25,
        "AUGMENTATION_PROB": 0.0,
        "SAVE_FREQUENCY": 100,
        "NORM_LAYER": ""
    },
    "alpha": 0.1,
    "accuracy": [
        10.0,
        10.0,
        10.13,
        12.9,
        16.36,
        18.970000000000002,
        26.729999999999997,
        17.0,
        19.38,
        19.220000000000002,
        29.07,
        28.78,
        33.95,
        16.39,
        18.87,
        25.22,
        28.389999999999997,
        31.369999999999997,
        22.290000000000003,
        33.57,
        24.89,
        28.04,
        32.690000000000005,
        38.58,
        41.23,
        28.660000000000004,
        33.989999999999995,
        25.009999999999998,
        29.909999999999997,
        46.239999999999995,
        40.22,
        30.099999999999998,
        45.61,
        33.39,
        35.23,
        37.35,
        42.1,
        37.059999999999995,
        37.419999999999995,
        42.4,
        39.5,
        39.43,
        28.64,
        45.51,
        45.9,
        43.09,
        42.58,
        36.6,
        40.93,
        39.51,
        34.19,
        41.72,
        43.66,
        43.79,
        36.44,
        44.93,
        35.44,
        44.35,
        52.019999999999996,
        34.410000000000004,
        48.620000000000005,
        46.25,
        50.41,
        41.809999999999995,
        48.46,
        51.660000000000004,
        46.58,
        45.93,
        52.900000000000006,
        54.059999999999995,
        46.42,
        49.76,
        54.67999999999999,
        39.76,
        48.06,
        49.480000000000004,
        52.0,
        40.69,
        54.64,
        52.15,
        51.57000000000001,
        40.23,
        51.92,
        46.0,
        51.690000000000005,
        33.33,
        50.55,
        54.580000000000005,
        49.74,
        55.589999999999996,
        44.82,
        58.08,
        42.27,
        55.83,
        52.290000000000006,
        49.55,
        49.4,
        56.68,
        41.22,
        60.57
    ]
}