{
    "config": {
        "E": 1,
        "K": 5,
        "NUMBER_OF_CLIENTS": 100,
        "MAX_TIME": 2500,
        "BATCH_SIZE": 50,
        "VALIDATION_BATCH_SIZE": 500,
        "LR": 0.01,
        "DATA_DISTRIBUTION": "non-iid",
        "FED_AVG_M": false,
        "FED_AVG_M_BETA": 0.9,
        "FED_AVG_M_GAMMA": 1,
        "LR_DECAY": 0.99,
        "LOG_FREQUENCY": 25,
        "AUGMENTATION_PROB": 0.5,
        "SAVE_FREQUENCY": 100,
        "NORM_LAYER": ""
    },
    "alpha": 1.0,
    "accuracy": [
        9.860000000000001,
        11.52,
        13.05,
        19.970000000000002,
        26.88,
        25.41,
        30.870000000000005,
        33.410000000000004,
        32.99,
        32.15,
        32.78,
        35.23,
        26.040000000000003,
        31.119999999999997,
        39.79,
        37.56,
        33.5,
        42.19,
        39.79,
        40.12,
        34.43,
        35.39,
        44.82,
        41.980000000000004,
        39.22,
        34.82,
        45.96,
        44.24,
        47.349999999999994,
        47.370000000000005,
        45.93,
        48.03,
        41.160000000000004,
        44.26,
        40.400000000000006,
        50.88,
        46.47,
        44.87,
        48.32,
        48.29,
        48.75,
        53.78000000000001,
        54.92,
        45.01,
        51.519999999999996,
        52.339999999999996,
        56.71000000000001,
        52.66,
        54.67999999999999,
        54.44,
        55.25,
        47.23,
        57.47,
        45.1,
        52.459999999999994,
        55.089999999999996,
        53.81,
        47.88,
        52.15,
        53.839999999999996,
        55.510000000000005,
        51.61,
        57.730000000000004,
        59.9,
        56.620000000000005,
        56.75,
        62.25000000000001,
        60.4,
        56.87,
        61.31999999999999,
        57.03,
        56.14,
        62.0,
        61.36000000000001,
        58.19,
        53.6,
        60.92999999999999,
        60.5,
        60.67,
        61.78,
        56.779999999999994,
        64.4,
        62.1,
        64.51,
        59.809999999999995,
        62.029999999999994,
        64.74,
        58.01,
        63.24999999999999,
        64.52,
        60.79,
        63.13999999999999,
        63.23,
        63.57000000000001,
        67.25999999999999,
        66.9,
        63.55,
        63.71,
        59.67,
        63.019999999999996
    ]
}