{
    "config": {
        "E": 1,
        "K": 10,
        "NUMBER_OF_CLIENTS": 100,
        "MAX_TIME": 2500,
        "BATCH_SIZE": 50,
        "VALIDATION_BATCH_SIZE": 500,
        "LR": 0.01,
        "WEIGHT_DECAY": 0.0004,
        "DATA_DISTRIBUTION": "non-iid",
        "FED_AVG_M": false,
        "FED_AVG_M_BETA": 0.9,
        "FED_AVG_M_GAMMA": 1,
        "LR_DECAY": 0.99,
        "LOG_FREQUENCY": 25,
        "AUGMENTATION_PROB": 0.0,
        "SAVE_FREQUENCY": 500,
        "NORM_LAYER": ""
    },
    "alpha": 100.0,
    "accuracy": [
        10.03,
        24.9,
        32.129999999999995,
        37.5,
        41.25,
        44.1,
        46.6,
        47.96,
        49.830000000000005,
        50.41,
        52.49,
        54.22,
        55.03,
        56.489999999999995,
        57.269999999999996,
        58.48,
        59.760000000000005,
        60.46,
        61.09,
        62.51,
        62.99,
        63.82,
        64.73,
        65.29,
        65.28,
        66.11,
        66.25999999999999,
        66.66,
        67.25999999999999,
        67.64,
        67.96,
        68.62,
        68.88,
        69.11,
        69.52000000000001,
        69.69,
        70.30999999999999,
        70.42,
        70.65,
        70.63000000000001,
        71.1,
        71.11,
        71.75,
        71.89999999999999,
        72.1,
        72.18,
        72.27,
        72.42,
        72.42,
        72.34,
        72.57000000000001,
        72.57000000000001,
        73.00999999999999,
        72.52,
        72.68,
        72.8,
        72.64,
        73.21,
        72.86,
        73.32,
        73.25,
        73.00999999999999,
        72.99,
        72.95,
        73.14,
        73.19,
        73.3,
        72.88,
        73.35000000000001,
        73.02,
        73.15,
        73.45,
        72.74000000000001,
        73.16,
        72.78999999999999,
        73.36,
        72.6,
        73.28,
        72.83,
        73.08,
        73.13,
        72.96000000000001,
        73.06,
        72.96000000000001,
        73.03,
        72.92,
        72.69,
        72.98,
        72.97,
        73.11999999999999,
        72.65,
        72.88,
        73.07000000000001,
        72.75,
        73.00999999999999,
        72.92999999999999,
        73.05,
        72.75,
        73.05,
        72.81
    ]
}