{
    "config": {
        "E": 1,
        "K": 5,
        "NUMBER_OF_CLIENTS": 100,
        "MAX_TIME": 10000,
        "BATCH_SIZE": 50,
        "VALIDATION_BATCH_SIZE": 500,
        "LR": 0.01,
        "WEIGHT_DECAY": 0.0004,
        "DATA_DISTRIBUTION": "non-iid",
        "FED_AVG_M": false,
        "FED_AVG_M_BETA": 0.9,
        "FED_AVG_M_GAMMA": 1,
        "LR_DECAY": 0.99,
        "LOG_FREQUENCY": 25,
        "AUGMENTATION_PROB": 0.0,
        "SAVE_FREQUENCY": 500,
        "NORM_LAYER": "bn"
    },
    "alpha": 1.0,
    "accuracy": [
        10.05,
        18.91,
        30.67,
        28.32,
        36.79,
        43.38,
        37.93,
        44.330000000000005,
        53.580000000000005,
        53.480000000000004,
        51.129999999999995,
        57.4,
        50.239999999999995,
        52.339999999999996,
        54.21,
        59.74,
        51.949999999999996,
        59.699999999999996,
        56.05,
        51.65,
        55.489999999999995,
        41.92,
        48.22,
        51.49,
        51.49,
        59.99,
        61.59,
        59.97,
        56.88999999999999,
        65.08,
        62.89,
        61.28,
        61.77,
        56.19,
        56.620000000000005,
        53.31,
        64.45,
        56.03,
        57.52,
        60.760000000000005,
        58.93000000000001,
        63.519999999999996,
        61.61,
        62.74999999999999,
        66.84,
        66.64999999999999,
        62.580000000000005,
        65.63,
        65.88000000000001,
        58.86,
        58.57,
        59.440000000000005,
        62.69,
        65.19,
        68.37,
        60.9,
        63.17,
        64.2,
        60.650000000000006,
        63.57000000000001,
        67.14,
        65.08,
        63.5,
        67.05,
        65.89,
        59.64,
        68.56,
        63.63999999999999,
        61.47,
        64.57000000000001,
        64.82,
        65.33,
        65.98,
        64.7,
        66.78,
        67.25,
        67.21000000000001,
        67.03,
        61.78,
        68.67,
        62.970000000000006,
        61.199999999999996,
        63.22,
        67.33,
        67.57,
        61.07,
        66.43,
        63.71,
        66.53999999999999,
        67.32000000000001,
        63.5,
        68.47999999999999,
        61.56,
        63.690000000000005,
        69.47,
        65.60000000000001,
        65.41,
        55.24,
        67.71000000000001,
        65.64999999999999,
        63.59,
        66.95,
        69.16,
        67.67,
        65.51,
        67.13,
        63.42,
        65.81,
        60.8,
        67.41,
        66.62,
        66.72,
        68.13,
        63.88,
        64.21,
        69.65,
        68.25,
        67.63,
        59.419999999999995,
        69.14,
        63.21,
        64.75999999999999,
        63.56,
        66.29,
        65.86,
        66.95,
        62.470000000000006,
        68.4,
        63.7,
        64.0,
        64.75999999999999,
        64.22,
        66.89,
        67.51,
        68.26,
        61.58,
        68.47999999999999,
        65.64,
        68.26,
        64.18,
        62.78,
        65.99000000000001,
        65.97,
        67.01,
        65.60000000000001,
        64.79,
        68.8,
        66.5,
        68.46,
        68.53,
        65.86,
        67.86,
        67.84,
        63.91,
        68.08999999999999,
        66.13,
        67.19000000000001,
        66.83,
        64.24,
        67.95,
        68.85,
        67.36999999999999,
        64.96,
        67.65,
        59.79,
        67.53,
        67.84,
        66.8,
        65.81,
        68.55,
        66.5,
        66.46,
        68.16,
        60.919999999999995,
        65.92,
        66.96,
        65.53999999999999,
        67.28,
        68.2,
        66.02,
        67.15,
        67.09,
        67.28,
        68.23,
        62.39,
        67.91,
        68.56,
        65.94,
        64.88000000000001,
        66.46,
        68.58999999999999,
        66.67999999999999,
        66.94,
        67.67,
        62.55,
        69.27,
        68.52000000000001,
        64.72,
        67.12,
        68.26,
        69.17,
        69.28999999999999,
        69.08999999999999,
        63.44,
        67.88,
        66.06,
        69.33,
        68.73,
        69.54,
        67.83,
        69.06,
        69.02000000000001,
        66.45,
        67.34,
        67.88,
        67.38,
        69.23,
        68.49,
        67.07,
        67.95,
        67.57,
        66.48,
        68.51,
        68.26,
        67.30000000000001,
        69.43,
        69.28999999999999,
        67.73,
        67.65,
        67.03,
        68.41000000000001,
        66.85,
        69.07,
        68.67,
        68.94,
        68.35,
        68.27,
        67.33,
        65.55,
        69.1,
        66.89,
        68.19999999999999,
        68.55,
        68.74,
        69.11,
        68.25,
        68.27,
        68.51,
        68.8,
        66.77,
        66.82000000000001,
        67.95,
        66.38,
        68.85,
        68.37,
        68.45,
        68.67,
        68.83,
        68.76,
        68.05,
        67.33,
        67.9,
        68.82000000000001,
        68.05,
        69.13,
        68.37,
        67.47999999999999,
        67.47,
        68.47999999999999,
        68.01,
        67.43,
        68.65,
        68.96,
        68.14,
        66.88,
        68.44,
        66.53999999999999,
        67.46,
        66.51,
        68.46,
        68.05,
        68.15,
        65.72,
        68.56,
        67.78999999999999,
        66.53999999999999,
        69.16,
        69.07,
        67.43,
        66.82000000000001,
        68.61,
        69.11,
        67.36999999999999,
        68.19,
        69.57,
        68.28999999999999,
        67.73,
        66.53,
        68.56,
        68.83,
        67.14,
        67.94,
        67.99000000000001,
        67.74,
        69.11,
        59.089999999999996,
        67.5,
        67.17999999999999,
        67.94,
        68.84,
        68.78,
        68.22,
        68.17,
        68.31,
        67.97,
        68.47,
        69.34,
        66.83,
        69.43,
        68.99,
        66.05,
        68.94,
        69.1,
        67.45,
        67.44,
        67.05,
        68.21000000000001,
        67.36999999999999,
        69.17,
        68.61,
        69.44,
        68.17999999999999,
        68.97,
        67.49,
        68.96,
        65.96,
        69.34,
        68.44,
        69.19999999999999,
        68.17999999999999,
        68.51,
        68.44,
        66.73,
        68.82000000000001,
        68.28999999999999,
        68.58,
        69.08999999999999,
        68.2,
        69.31,
        69.72,
        67.78999999999999,
        68.43,
        68.51,
        68.32000000000001,
        68.34,
        67.09,
        68.78999999999999,
        67.83,
        68.67,
        69.15,
        68.78999999999999,
        69.27,
        68.63,
        66.75999999999999,
        69.22,
        67.78,
        68.21000000000001,
        69.02000000000001,
        69.27,
        68.33,
        69.55,
        69.73,
        66.82000000000001,
        68.64,
        65.73,
        68.21000000000001,
        68.27,
        68.17999999999999,
        68.87,
        68.12,
        69.56,
        67.57,
        69.17,
        68.0,
        67.42,
        68.41000000000001,
        69.02000000000001,
        68.49,
        68.28,
        68.12,
        68.76,
        69.22,
        68.13,
        68.16,
        68.35,
        69.05,
        68.56,
        68.08,
        68.03,
        68.94
    ]
}