{
    "config": {
        "E": 5,
        "K": 5,
        "NUMBER_OF_CLIENTS": 100,
        "MAX_TIME": 2500,
        "BATCH_SIZE": 50,
        "VALIDATION_BATCH_SIZE": 500,
        "LR": 0.01,
        "DATA_DISTRIBUTION": "non-iid",
        "DIRICHELET_ALPHA": "[ 0 . 5 ,   1 . 0 ,   1 0 . 0 ]",
        "AVERAGE_ACCURACY": "[0.6636 0.6623 0.6955]",
        "FED_AVG_M": false,
        "FED_AVG_M_BETA": 0.9,
        "FED_AVG_M_GAMMA": 1,
        "LR_DECAY": 0.99,
        "LOG_FREQUENCY": 25,
        "AUGMENTATION_PROB": 0.0,
        "SAVE_FREQUENCY": 100,
        "NORM_LAYER": ""
    },
    "alpha": "1 0 . 0",
    "accuracy": [
        10.0,
        39.56,
        46.67,
        52.739999999999995,
        55.46,
        59.69,
        59.95,
        63.59,
        60.25,
        64.84,
        65.97,
        66.39,
        66.22,
        66.55,
        66.75999999999999,
        67.30000000000001,
        65.16999999999999,
        67.84,
        66.94,
        66.42,
        67.91,
        66.60000000000001,
        66.96,
        67.47999999999999,
        66.83,
        66.72,
        67.54,
        68.39999999999999,
        67.96,
        68.08,
        68.36,
        68.08,
        68.38,
        66.14999999999999,
        67.04,
        68.57,
        68.81,
        67.58999999999999,
        68.73,
        68.73,
        68.57,
        68.28999999999999,
        66.91,
        67.99,
        68.8,
        67.36,
        69.04,
        67.77,
        68.69,
        68.88,
        67.84,
        67.93,
        68.64,
        68.41000000000001,
        68.95,
        67.84,
        69.06,
        67.89,
        68.58999999999999,
        68.53,
        66.94,
        68.57,
        68.54,
        69.38,
        67.33,
        68.49,
        67.84,
        69.19,
        69.1,
        69.16,
        68.76,
        68.62,
        69.01,
        69.1,
        68.39,
        68.97999999999999,
        68.6,
        66.53,
        68.26,
        68.81,
        68.39,
        68.94,
        69.42,
        69.24,
        69.1,
        68.64,
        68.64,
        68.93,
        68.97999999999999,
        68.91000000000001,
        69.19999999999999,
        68.89999999999999,
        68.21000000000001,
        68.93,
        69.39999999999999,
        69.28999999999999,
        69.55,
        68.85,
        69.25,
        68.73
    ]
}