{
    "config": {
        "E": 1,
        "K": 5,
        "NUMBER_OF_CLIENTS": 100,
        "MAX_TIME": 2500,
        "BATCH_SIZE": 50,
        "VALIDATION_BATCH_SIZE": 500,
        "LR": 0.01,
        "DATA_DISTRIBUTION": "non-iid",
        "DIRICHELET_ALPHA": "[ 0 . 0 ,   0 . 0 5 ,   0 . 1 ,   0 . 2 ,   0 . 5 ,   1 . 0 ]",
        "AVERAGE_ACCURACY": "[0.4823 0.5541 0.     0.     0.     0.     0.     0.    ]",
        "FED_AVG_M": false,
        "FED_AVG_M_BETA": 0.9,
        "FED_AVG_M_GAMMA": 1,
        "LR_DECAY": 0.99,
        "LOG_FREQUENCY": 25,
        "AUGMENTATION_PROB": 0.0,
        "SAVE_FREQUENCY": 100,
        "NORM_LAYER": ""
    },
    "alpha": "0 . 0 5",
    "accuracy": [
        10.77,
        10.0,
        10.0,
        12.290000000000001,
        20.61,
        21.48,
        19.25,
        16.3,
        12.47,
        14.26,
        19.35,
        23.020000000000003,
        23.62,
        25.82,
        22.2,
        23.5,
        17.03,
        24.75,
        32.97,
        28.16,
        15.590000000000002,
        26.950000000000003,
        31.19,
        33.6,
        35.32,
        31.46,
        27.46,
        31.25,
        32.06,
        37.86,
        38.41,
        38.51,
        24.610000000000003,
        37.1,
        32.92,
        40.599999999999994,
        28.599999999999998,
        35.72,
        29.65,
        35.449999999999996,
        39.339999999999996,
        37.41,
        32.45,
        38.1,
        35.27,
        39.269999999999996,
        36.809999999999995,
        42.6,
        22.650000000000002,
        30.56,
        44.83,
        38.26,
        32.5,
        33.82,
        45.89,
        39.589999999999996,
        38.019999999999996,
        37.34,
        35.5,
        38.86,
        43.28,
        46.489999999999995,
        47.17,
        46.71,
        38.66,
        48.04,
        40.2,
        46.56,
        48.160000000000004,
        51.04,
        47.07,
        38.72,
        43.47,
        48.58,
        44.06,
        52.449999999999996,
        47.17,
        46.08,
        48.66,
        51.18000000000001,
        46.45,
        46.32,
        39.36,
        51.17,
        51.03,
        48.21,
        51.0,
        48.78,
        50.160000000000004,
        45.53,
        48.949999999999996,
        48.0,
        55.410000000000004,
        54.949999999999996,
        51.23,
        49.55,
        47.589999999999996,
        44.74,
        52.15,
        47.25
    ]
}