{
    "config": {
        "E": 5,
        "K": 5,
        "NUMBER_OF_CLIENTS": 100,
        "MAX_TIME": 2500,
        "BATCH_SIZE": 50,
        "VALIDATION_BATCH_SIZE": 500,
        "LR": 0.01,
        "DATA_DISTRIBUTION": "non-iid",
        "DIRICHELET_ALPHA": "[ 0 . 5 ,   1 . 0 ,   1 0 . 0 ]",
        "AVERAGE_ACCURACY": "[0.6636 0.6623 0.    ]",
        "FED_AVG_M": false,
        "FED_AVG_M_BETA": 0.9,
        "FED_AVG_M_GAMMA": 1,
        "LR_DECAY": 0.99,
        "LOG_FREQUENCY": 25,
        "AUGMENTATION_PROB": 0.0,
        "SAVE_FREQUENCY": 100,
        "NORM_LAYER": ""
    },
    "alpha": "1 . 0",
    "accuracy": [
        10.0,
        23.080000000000002,
        34.6,
        33.32,
        41.21,
        42.25,
        49.43,
        51.24999999999999,
        45.57,
        49.82,
        54.11,
        55.1,
        54.02,
        54.74,
        53.82,
        52.690000000000005,
        53.09,
        56.68,
        57.65,
        59.17,
        55.64,
        60.0,
        59.650000000000006,
        56.269999999999996,
        57.709999999999994,
        57.809999999999995,
        55.06999999999999,
        53.73,
        45.0,
        55.010000000000005,
        58.599999999999994,
        60.28,
        62.99,
        60.92999999999999,
        60.980000000000004,
        57.74,
        59.519999999999996,
        59.06,
        57.45,
        59.440000000000005,
        55.08,
        61.92999999999999,
        60.35,
        61.35,
        60.980000000000004,
        59.440000000000005,
        61.18,
        55.00000000000001,
        61.629999999999995,
        61.949999999999996,
        60.28,
        59.72,
        63.71,
        57.31,
        59.58,
        61.23,
        60.17,
        60.46,
        59.69,
        62.22,
        61.040000000000006,
        64.97,
        60.35,
        63.28,
        63.44,
        64.53,
        62.19,
        62.760000000000005,
        61.19,
        61.019999999999996,
        57.18,
        62.6,
        65.73,
        61.86000000000001,
        60.25,
        57.86,
        64.5,
        56.37,
        64.57000000000001,
        66.23,
        62.739999999999995,
        59.88,
        63.77,
        63.67,
        65.2,
        59.919999999999995,
        63.629999999999995,
        64.69,
        63.260000000000005,
        62.31,
        59.63,
        62.370000000000005,
        64.87,
        65.47,
        64.33,
        59.19,
        63.57000000000001,
        59.98,
        65.24,
        64.25
    ]
}