{
    "config": {
        "E": 1,
        "K": 5,
        "NUMBER_OF_CLIENTS": 100,
        "MAX_TIME": 10000,
        "BATCH_SIZE": 50,
        "VALIDATION_BATCH_SIZE": 500,
        "LR": 0.01,
        "WEIGHT_DECAY": 0.0004,
        "DATA_DISTRIBUTION": "non-iid",
        "FED_AVG_M": false,
        "FED_AVG_M_BETA": 0.9,
        "FED_AVG_M_GAMMA": 1,
        "LR_DECAY": 0.99,
        "LOG_FREQUENCY": 25,
        "AUGMENTATION_PROB": 0.0,
        "SAVE_FREQUENCY": 500,
        "NORM_LAYER": "bn"
    },
    "alpha": 0.5,
    "accuracy": [
        10.200000000000001,
        15.590000000000002,
        26.05,
        28.200000000000003,
        42.0,
        38.25,
        36.46,
        42.54,
        43.69,
        39.190000000000005,
        48.88,
        38.01,
        33.69,
        43.53,
        49.04,
        48.010000000000005,
        51.09,
        52.32,
        44.18,
        52.89,
        48.620000000000005,
        56.76,
        51.1,
        55.57,
        52.82,
        53.26,
        49.95,
        52.57000000000001,
        50.41,
        57.18,
        57.709999999999994,
        55.910000000000004,
        49.94,
        49.6,
        58.63,
        60.209999999999994,
        57.220000000000006,
        61.79,
        55.86,
        51.23,
        57.830000000000005,
        60.92999999999999,
        48.58,
        56.7,
        62.61,
        63.839999999999996,
        58.720000000000006,
        56.32,
        54.459999999999994,
        57.199999999999996,
        55.279999999999994,
        56.44,
        53.75,
        58.03,
        65.49000000000001,
        52.14,
        58.60999999999999,
        57.830000000000005,
        65.03999999999999,
        57.15,
        57.89,
        49.64,
        58.78,
        56.05,
        58.52,
        61.14000000000001,
        59.760000000000005,
        62.62,
        58.28,
        61.46,
        64.02,
        56.95,
        63.23,
        60.14000000000001,
        62.68,
        58.5,
        59.68,
        62.38,
        56.730000000000004,
        63.05,
        63.75999999999999,
        60.01,
        61.370000000000005,
        59.63,
        67.56,
        61.529999999999994,
        64.39,
        59.919999999999995,
        59.660000000000004,
        56.85,
        60.9,
        58.540000000000006,
        59.91,
        54.93,
        62.41,
        58.730000000000004,
        63.839999999999996,
        62.0,
        60.11,
        67.04,
        60.23,
        60.77,
        65.3,
        61.050000000000004,
        59.93000000000001,
        59.02,
        61.650000000000006,
        65.29,
        59.45,
        57.220000000000006,
        61.62,
        57.13,
        59.75,
        63.44,
        58.730000000000004,
        53.580000000000005,
        63.49,
        60.980000000000004,
        57.21000000000001,
        60.74,
        65.05,
        60.89,
        63.29,
        52.49,
        60.67,
        61.67,
        56.67,
        60.79,
        62.32,
        59.709999999999994,
        58.309999999999995,
        59.660000000000004,
        62.61,
        64.78,
        64.03,
        61.39,
        61.980000000000004,
        64.42,
        59.47,
        61.29,
        62.839999999999996,
        61.85000000000001,
        59.540000000000006,
        63.21,
        64.94,
        64.17,
        64.67,
        61.129999999999995,
        65.8,
        59.870000000000005,
        65.06,
        63.62,
        57.49999999999999,
        63.43,
        65.53,
        64.49000000000001,
        63.67,
        64.61,
        64.44,
        63.92,
        61.75000000000001,
        63.38,
        58.64,
        63.01,
        64.02,
        62.160000000000004,
        60.24,
        63.160000000000004,
        60.96,
        62.11,
        62.86000000000001,
        63.99,
        64.72,
        63.65,
        63.849999999999994,
        61.47,
        62.470000000000006,
        63.33,
        63.629999999999995,
        64.03999999999999,
        59.650000000000006,
        64.84,
        65.52,
        66.21000000000001,
        61.41,
        64.69,
        65.27,
        64.01,
        63.67,
        60.62,
        62.31,
        65.72,
        65.83,
        60.83,
        62.4,
        65.74,
        63.67,
        54.800000000000004,
        66.02,
        62.519999999999996,
        63.33,
        61.519999999999996,
        60.419999999999995,
        63.519999999999996,
        60.35,
        61.95,
        62.21,
        61.59,
        64.09,
        60.4,
        64.84,
        64.08,
        62.260000000000005,
        63.029999999999994,
        64.7,
        66.86,
        63.01,
        65.34,
        62.93,
        66.21000000000001,
        65.74,
        66.16,
        64.95,
        65.07,
        63.42,
        60.18,
        64.77000000000001,
        65.77,
        64.13,
        63.480000000000004,
        62.17,
        65.56,
        63.739999999999995,
        64.03,
        56.71000000000001,
        64.38000000000001,
        64.71000000000001,
        63.94,
        62.6,
        65.95,
        63.46000000000001,
        65.48,
        65.44,
        63.14999999999999,
        61.58,
        63.129999999999995,
        64.33,
        65.48,
        60.58,
        65.41,
        66.63,
        63.86000000000001,
        60.78,
        64.31,
        62.45,
        65.01,
        61.95,
        65.9,
        59.57,
        62.44,
        65.94,
        65.16,
        64.42,
        65.53,
        64.07000000000001,
        66.01,
        65.61,
        63.349999999999994,
        65.79,
        65.10000000000001,
        61.58,
        65.18,
        65.14999999999999,
        62.3,
        64.94,
        64.0,
        62.0,
        62.1,
        58.809999999999995,
        65.42999999999999,
        65.08,
        64.03,
        64.09,
        63.690000000000005,
        64.83,
        63.949999999999996,
        65.85,
        63.59,
        65.38000000000001,
        59.48,
        65.94,
        66.10000000000001,
        64.22,
        65.74,
        65.5,
        63.93,
        65.42,
        62.99,
        67.29,
        65.09,
        64.32,
        66.59,
        64.94,
        66.29,
        66.64,
        65.29,
        63.949999999999996,
        64.45,
        64.17,
        66.33,
        65.28,
        65.07,
        66.03,
        65.58,
        63.85999999999999,
        63.370000000000005,
        65.33,
        60.13,
        66.47,
        66.35,
        66.44,
        63.65,
        61.870000000000005,
        65.53999999999999,
        64.7,
        63.01,
        64.97,
        65.64999999999999,
        66.44,
        65.47,
        64.29,
        60.760000000000005,
        65.3,
        66.24,
        65.48,
        63.06,
        65.31,
        64.46,
        66.28,
        65.61,
        65.72,
        65.28,
        65.49000000000001,
        65.83,
        64.55,
        64.09,
        65.4,
        61.150000000000006,
        63.12,
        61.58,
        65.78,
        65.01,
        65.16,
        64.33,
        62.49,
        65.69,
        65.60000000000001,
        66.33,
        62.56,
        65.72,
        63.89,
        66.17,
        61.46,
        64.05,
        63.870000000000005,
        64.53999999999999,
        64.57000000000001,
        64.94,
        58.63,
        65.94,
        64.01,
        66.01,
        64.29,
        65.02,
        65.95,
        65.29,
        63.79,
        65.52,
        65.75999999999999,
        64.45,
        64.86,
        64.87,
        66.33,
        64.78,
        65.61,
        66.73,
        65.81,
        65.41,
        64.86999999999999,
        66.44,
        64.61,
        66.79,
        64.11,
        65.71000000000001,
        62.480000000000004,
        65.06,
        66.73,
        65.93,
        64.85,
        65.57
    ]
}