{
    "config": {
        "E": 1,
        "K": 20,
        "NUMBER_OF_CLIENTS": 100,
        "MAX_TIME": 5000,
        "BATCH_SIZE": 50,
        "VALIDATION_BATCH_SIZE": 500,
        "LR": 0.01,
        "WEIGHT_DECAY": 0.0004,
        "DATA_DISTRIBUTION": "non-iid",
        "FED_AVG_M": false,
        "FED_AVG_M_BETA": 0.9,
        "FED_AVG_M_GAMMA": 1,
        "LR_DECAY": 0.99,
        "LOG_FREQUENCY": 25,
        "AUGMENTATION_PROB": 0.0,
        "SAVE_FREQUENCY": 500,
        "NORM_LAYER": ""
    },
    "alpha": 10.0,
    "accuracy": [
        9.25,
        26.68,
        31.2,
        36.75,
        40.47,
        43.71,
        44.2,
        47.260000000000005,
        48.9,
        50.080000000000005,
        50.870000000000005,
        51.5,
        53.910000000000004,
        54.190000000000005,
        55.989999999999995,
        57.120000000000005,
        56.98,
        58.97,
        59.14,
        60.17,
        60.51,
        62.150000000000006,
        62.550000000000004,
        63.449999999999996,
        62.99,
        64.21,
        64.27000000000001,
        65.60000000000001,
        65.52,
        65.75999999999999,
        66.29,
        67.01,
        65.24,
        68.0,
        67.65,
        68.44,
        68.21000000000001,
        68.62,
        69.27,
        68.86,
        68.88,
        69.74000000000001,
        69.85,
        69.75,
        70.42,
        71.06,
        70.61,
        70.96000000000001,
        71.1,
        71.1,
        70.82,
        71.33,
        70.16,
        71.35000000000001,
        71.47,
        71.46000000000001,
        71.7,
        71.86,
        71.89,
        71.78999999999999,
        72.34,
        71.87,
        71.91,
        72.21,
        72.06,
        71.83,
        71.67999999999999,
        71.97,
        71.95,
        72.16,
        71.69,
        72.05,
        72.18,
        71.96000000000001,
        71.65,
        71.8,
        72.17,
        71.95,
        71.72,
        72.00999999999999,
        71.94,
        71.83,
        71.73,
        71.85000000000001,
        72.05,
        71.54,
        71.92,
        71.97,
        71.85000000000001,
        71.66,
        71.72,
        71.98,
        72.00999999999999,
        71.95,
        72.00999999999999,
        72.07000000000001,
        71.96000000000001,
        72.14,
        72.09,
        71.95,
        71.88,
        71.96000000000001,
        71.85000000000001,
        72.06,
        71.72,
        72.05,
        72.14,
        71.85000000000001,
        72.07000000000001,
        72.09,
        71.53,
        72.21,
        72.0,
        72.2,
        72.04,
        71.96000000000001,
        72.11999999999999,
        72.08,
        71.95,
        72.02,
        72.04,
        71.87,
        71.89999999999999,
        72.18,
        71.99,
        72.15,
        72.05,
        71.94,
        72.1,
        71.94,
        72.03,
        72.1,
        71.87,
        72.1,
        71.83,
        71.89,
        71.91,
        71.75,
        72.07000000000001,
        72.02,
        71.92999999999999,
        72.03,
        71.88,
        72.09,
        72.05,
        72.04,
        72.2,
        72.11999999999999,
        71.81,
        72.26,
        72.16,
        72.27,
        72.08,
        72.28999999999999,
        72.00999999999999,
        71.61,
        71.92999999999999,
        72.08,
        72.11,
        72.03,
        72.04,
        72.25,
        72.07000000000001,
        72.11,
        72.16,
        72.19,
        72.14,
        72.34,
        72.26,
        72.2,
        72.11999999999999,
        72.18,
        72.1,
        72.11,
        72.09,
        72.13,
        72.02,
        72.09,
        72.13,
        72.14,
        72.08,
        71.84,
        71.99,
        72.27,
        72.33,
        72.24000000000001,
        72.05,
        71.98,
        72.0,
        72.22,
        71.83,
        72.19,
        71.91,
        72.03,
        72.02,
        72.16,
        72.11,
        71.97,
        72.24000000000001,
        72.28
    ]
}