{
    "config": {
        "E": 1,
        "K": 5,
        "NUMBER_OF_CLIENTS": 100,
        "MAX_TIME": 10000,
        "BATCH_SIZE": 50,
        "VALIDATION_BATCH_SIZE": 500,
        "LR": 0.01,
        "WEIGHT_DECAY": 0.0004,
        "DATA_DISTRIBUTION": "non-iid",
        "FED_AVG_M": false,
        "FED_AVG_M_BETA": 0.9,
        "FED_AVG_M_GAMMA": 1,
        "LR_DECAY": 0.99,
        "LOG_FREQUENCY": 25,
        "AUGMENTATION_PROB": 0.0,
        "SAVE_FREQUENCY": 500,
        "NORM_LAYER": "gn"
    },
    "alpha": 0.2,
    "accuracy": [
        10.0,
        15.959999999999999,
        17.21,
        23.89,
        19.32,
        29.45,
        31.319999999999997,
        26.69,
        35.38,
        31.86,
        40.61,
        41.410000000000004,
        43.95,
        39.11,
        35.099999999999994,
        40.04,
        39.87,
        37.580000000000005,
        40.19,
        35.410000000000004,
        47.75,
        32.1,
        45.79,
        37.08,
        37.05,
        36.05,
        43.82,
        50.12,
        46.86,
        35.38,
        46.379999999999995,
        46.08,
        44.7,
        45.37,
        52.800000000000004,
        48.89,
        52.949999999999996,
        51.09,
        48.27,
        49.830000000000005,
        52.77,
        49.39,
        46.410000000000004,
        55.230000000000004,
        53.63,
        53.31,
        45.269999999999996,
        51.449999999999996,
        49.620000000000005,
        53.93,
        49.09,
        54.790000000000006,
        54.96,
        49.02,
        55.2,
        55.49000000000001,
        51.629999999999995,
        45.22,
        55.50000000000001,
        58.620000000000005,
        50.41,
        59.24,
        55.92,
        54.790000000000006,
        53.190000000000005,
        60.089999999999996,
        60.19,
        59.37,
        56.3,
        55.279999999999994,
        63.029999999999994,
        55.81,
        58.120000000000005,
        56.76,
        57.86,
        55.13,
        56.28999999999999,
        58.07,
        57.96,
        52.86,
        61.95,
        63.959999999999994,
        63.24999999999999,
        60.150000000000006,
        61.36000000000001,
        57.3,
        56.86,
        63.24999999999999,
        61.629999999999995,
        62.23,
        59.41,
        57.95,
        63.7,
        59.25,
        54.339999999999996,
        57.14,
        61.77,
        59.56,
        55.45,
        60.19,
        66.24,
        62.12,
        67.04,
        61.69,
        63.62,
        59.919999999999995,
        55.910000000000004,
        59.74,
        58.96,
        59.3,
        61.36000000000001,
        63.27,
        53.97,
        67.14,
        62.38,
        59.38,
        59.13,
        62.03999999999999,
        66.0,
        65.41,
        62.23,
        53.22,
        61.0,
        65.9,
        66.51,
        64.95,
        61.870000000000005,
        63.04,
        61.82,
        55.21,
        60.27,
        67.03,
        64.89,
        62.239999999999995,
        65.44,
        68.0,
        66.34,
        66.89,
        61.129999999999995,
        53.42,
        63.54,
        65.45,
        64.02,
        66.44,
        63.41,
        63.949999999999996,
        65.11,
        56.86,
        64.87,
        64.45,
        61.239999999999995,
        61.75000000000001,
        64.12,
        58.32000000000001,
        58.67,
        62.44,
        62.82,
        64.57,
        67.99,
        68.77,
        67.30000000000001,
        65.28,
        61.919999999999995,
        70.05,
        62.86000000000001,
        68.88,
        68.42,
        63.24999999999999,
        60.36,
        65.03999999999999,
        66.9,
        63.89,
        69.59,
        58.730000000000004,
        67.05,
        64.69,
        64.88000000000001,
        65.7,
        67.31,
        68.81,
        68.28999999999999,
        64.77000000000001,
        67.42,
        64.06,
        65.79,
        64.75999999999999,
        70.36,
        65.75999999999999,
        63.42,
        65.46,
        64.52,
        58.199999999999996,
        63.21,
        66.05,
        61.870000000000005,
        65.95,
        67.57,
        55.67999999999999,
        68.47,
        65.19,
        67.42,
        65.03999999999999,
        70.44,
        69.14,
        68.73,
        61.980000000000004,
        68.94,
        69.63000000000001,
        71.87,
        70.76,
        66.17999999999999,
        68.92,
        68.77,
        70.58,
        69.34,
        61.650000000000006,
        67.89,
        67.14,
        63.660000000000004,
        69.58,
        63.7,
        64.96,
        67.86999999999999,
        62.09,
        70.67999999999999,
        67.41,
        63.68000000000001,
        69.78999999999999,
        70.91,
        64.16,
        69.54,
        68.42,
        60.980000000000004,
        66.16,
        62.45,
        69.99,
        69.33,
        65.14,
        70.06,
        70.78999999999999,
        68.23,
        72.53,
        65.36,
        68.91000000000001,
        69.35,
        68.74,
        71.43,
        71.78,
        70.39,
        70.21,
        68.41000000000001,
        63.849999999999994,
        64.25999999999999,
        72.38,
        70.28999999999999,
        68.46,
        66.2,
        68.03,
        66.74,
        69.96,
        68.86,
        70.24000000000001,
        72.64,
        65.64999999999999,
        65.39,
        69.74000000000001,
        69.15,
        72.89,
        66.36999999999999,
        70.93,
        70.53,
        70.19,
        71.78999999999999,
        71.28999999999999,
        70.34,
        71.17999999999999,
        71.89,
        70.41,
        71.45,
        70.69,
        71.37,
        70.77,
        66.42,
        62.43,
        71.11,
        68.13,
        73.67,
        70.56,
        69.87,
        73.42999999999999,
        70.39999999999999,
        67.41,
        71.3,
        65.88000000000001,
        68.45,
        71.89,
        73.02,
        69.75,
        71.77,
        68.24,
        72.82,
        70.91999999999999,
        69.08,
        68.88,
        67.17,
        71.11,
        70.67999999999999,
        69.3,
        73.07000000000001,
        67.95,
        66.60000000000001,
        69.07,
        73.5,
        68.35,
        70.34,
        72.84,
        73.79,
        63.85999999999999,
        72.42,
        70.32000000000001,
        64.53999999999999,
        66.53,
        74.42,
        72.15,
        71.75,
        72.56,
        70.08,
        72.0,
        63.44,
        67.66,
        70.77,
        69.25,
        74.0,
        71.21,
        68.7,
        68.67999999999999,
        72.38,
        72.45,
        71.08,
        72.14,
        73.6,
        70.03,
        73.72,
        72.78,
        68.35,
        73.25,
        70.82,
        71.43,
        68.88,
        72.26,
        72.71,
        72.54,
        69.28999999999999,
        72.87,
        74.71,
        73.14,
        71.86,
        73.16,
        72.26,
        67.79,
        70.24000000000001,
        65.03999999999999,
        72.59,
        73.22999999999999,
        71.7,
        70.36,
        69.54,
        71.98,
        72.03,
        69.52000000000001,
        73.06,
        72.97,
        71.8,
        71.44,
        67.7,
        72.61999999999999,
        72.3,
        72.26,
        71.22,
        70.82000000000001,
        72.55,
        71.81,
        70.50999999999999,
        72.92,
        72.78999999999999,
        71.0,
        70.62,
        70.43,
        70.89,
        72.04,
        70.83,
        68.49,
        71.41999999999999,
        70.47,
        72.38,
        69.44,
        72.44,
        72.2,
        73.18,
        66.82000000000001
    ]
}