{
    "config": {
        "E": 1,
        "K": 5,
        "NUMBER_OF_CLIENTS": 100,
        "MAX_TIME": 2500,
        "BATCH_SIZE": 50,
        "VALIDATION_BATCH_SIZE": 500,
        "LR": 0.01,
        "DATA_DISTRIBUTION": "non-iid",
        "DIRICHELET_ALPHA": "[ 0 . 0 ,   0 . 0 5 ,   0 . 1 ,   0 . 2 ,   0 . 5 ,   1 . 0 ]",
        "AVERAGE_ACCURACY": "[0.4823 0.     0.     0.     0.     0.     0.     0.    ]",
        "FED_AVG_M": false,
        "FED_AVG_M_BETA": 0.9,
        "FED_AVG_M_GAMMA": 1,
        "LR_DECAY": 0.99,
        "LOG_FREQUENCY": 25,
        "AUGMENTATION_PROB": 0.0,
        "SAVE_FREQUENCY": 100,
        "NORM_LAYER": ""
    },
    "alpha": "0 . 0",
    "accuracy": [
        10.0,
        10.0,
        10.0,
        10.0,
        10.0,
        10.0,
        10.0,
        13.94,
        18.86,
        19.73,
        12.23,
        25.169999999999998,
        13.309999999999999,
        24.0,
        20.810000000000002,
        21.3,
        18.2,
        14.780000000000001,
        16.720000000000002,
        16.3,
        16.99,
        22.89,
        28.99,
        23.68,
        30.48,
        28.26,
        27.52,
        25.45,
        27.939999999999998,
        21.19,
        17.64,
        35.25,
        24.91,
        23.28,
        31.53,
        24.04,
        38.129999999999995,
        34.63,
        29.95,
        36.93,
        23.05,
        23.98,
        26.200000000000003,
        41.63,
        36.94,
        32.49,
        33.300000000000004,
        30.8,
        29.7,
        25.319999999999997,
        20.21,
        39.900000000000006,
        32.879999999999995,
        30.9,
        29.9,
        33.37,
        33.01,
        37.230000000000004,
        35.72,
        37.24,
        42.41,
        34.52,
        38.92,
        37.87,
        33.62,
        30.34,
        40.97,
        42.02,
        36.88,
        40.65,
        32.18,
        38.93,
        31.619999999999997,
        41.88,
        35.809999999999995,
        28.67,
        40.82,
        24.57,
        28.43,
        34.61,
        26.119999999999997,
        36.54,
        38.72,
        38.86,
        40.73,
        29.049999999999997,
        36.61,
        42.14,
        44.99,
        39.900000000000006,
        35.47,
        29.89,
        46.21,
        37.46,
        40.9,
        47.870000000000005,
        45.85,
        48.230000000000004,
        40.38,
        39.48
    ]
}