{
    "config": {
        "E": 1,
        "K": 10,
        "NUMBER_OF_CLIENTS": 100,
        "MAX_TIME": 10000,
        "BATCH_SIZE": 50,
        "VALIDATION_BATCH_SIZE": 500,
        "LR": 0.01,
        "WEIGHT_DECAY": 0.0004,
        "DATA_DISTRIBUTION": "non-iid",
        "FED_AVG_M": false,
        "FED_AVG_M_BETA": 0.9,
        "FED_AVG_M_GAMMA": 1,
        "LR_DECAY": 0.99,
        "LOG_FREQUENCY": 25,
        "AUGMENTATION_PROB": 0.0,
        "SAVE_FREQUENCY": 500,
        "NORM_LAYER": ""
    },
    "alpha": 0.1,
    "accuracy": [
        9.72,
        10.010000000000002,
        14.49,
        10.3,
        17.1,
        16.35,
        20.66,
        25.46,
        22.32,
        24.860000000000003,
        23.51,
        28.73,
        32.5,
        30.380000000000003,
        14.97,
        34.63,
        35.57,
        25.650000000000002,
        36.36,
        34.73,
        33.4,
        38.019999999999996,
        33.900000000000006,
        34.98,
        40.65,
        35.699999999999996,
        36.83,
        34.550000000000004,
        33.6,
        33.75,
        41.65,
        34.75,
        38.07,
        39.04,
        41.510000000000005,
        42.29,
        43.36,
        45.5,
        47.27,
        35.949999999999996,
        45.71,
        39.25,
        39.26,
        49.65,
        44.78,
        45.75,
        45.410000000000004,
        49.28,
        49.72,
        39.78,
        43.26,
        45.660000000000004,
        50.19,
        48.809999999999995,
        49.41,
        37.34,
        50.59,
        49.04,
        45.5,
        51.15,
        47.949999999999996,
        50.01,
        52.26,
        52.55,
        50.260000000000005,
        45.839999999999996,
        50.93,
        50.51,
        39.72,
        40.949999999999996,
        50.82,
        41.449999999999996,
        43.15,
        49.480000000000004,
        52.14,
        48.17,
        50.09,
        45.1,
        51.190000000000005,
        48.74,
        51.28,
        54.910000000000004,
        52.559999999999995,
        58.5,
        51.580000000000005,
        55.95,
        54.06999999999999,
        53.73,
        54.53,
        55.25,
        53.09,
        49.19,
        54.35,
        56.60000000000001,
        56.47,
        58.17,
        51.449999999999996,
        59.209999999999994,
        55.620000000000005,
        57.54,
        55.74,
        55.84,
        56.07,
        58.589999999999996,
        54.52,
        58.48,
        54.99000000000001,
        56.510000000000005,
        58.540000000000006,
        58.28,
        49.81,
        58.02,
        58.620000000000005,
        59.58,
        52.57000000000001,
        57.37,
        58.160000000000004,
        54.65,
        57.879999999999995,
        55.86,
        58.08,
        61.08,
        58.099999999999994,
        56.989999999999995,
        53.74,
        59.93000000000001,
        62.31,
        56.81,
        57.620000000000005,
        55.690000000000005,
        57.010000000000005,
        60.6,
        56.11000000000001,
        58.489999999999995,
        55.85,
        60.18,
        55.15,
        59.43000000000001,
        60.69,
        60.660000000000004,
        61.73,
        61.29,
        62.82,
        61.73,
        62.370000000000005,
        51.2,
        55.769999999999996,
        48.1,
        61.22,
        56.45,
        63.55,
        61.650000000000006,
        61.18,
        63.160000000000004,
        61.14000000000001,
        62.92,
        61.029999999999994,
        59.24,
        54.790000000000006,
        63.22,
        59.35,
        58.87,
        60.660000000000004,
        60.199999999999996,
        62.72,
        56.879999999999995,
        64.09,
        63.59,
        58.37,
        58.489999999999995,
        62.739999999999995,
        63.23,
        63.74999999999999,
        63.160000000000004,
        62.11,
        60.27,
        60.8,
        64.87,
        62.3,
        65.19,
        58.53,
        65.28,
        65.18,
        64.75,
        58.18,
        61.550000000000004,
        62.74999999999999,
        65.33,
        66.75999999999999,
        65.0,
        64.17,
        59.96,
        60.14000000000001,
        63.49,
        61.980000000000004,
        66.84,
        51.839999999999996,
        66.44,
        65.7,
        60.230000000000004,
        62.339999999999996,
        62.56,
        63.9,
        63.239999999999995,
        64.98,
        63.75999999999999,
        68.51,
        66.34,
        66.29,
        66.7,
        67.25999999999999,
        66.95,
        66.2,
        60.9,
        66.27,
        68.32000000000001,
        66.7,
        65.42,
        67.17,
        58.699999999999996,
        66.56,
        65.94,
        62.67,
        67.85,
        66.24,
        69.22,
        65.23,
        63.739999999999995,
        66.06,
        67.38,
        58.37,
        66.86,
        62.43,
        64.19,
        62.7,
        67.71000000000001,
        68.2,
        65.09,
        68.65,
        68.07,
        68.37,
        66.71000000000001,
        63.24999999999999,
        68.56,
        66.64999999999999,
        67.84,
        62.46000000000001,
        64.3,
        58.78,
        68.34,
        65.57,
        66.34,
        68.5,
        65.35,
        67.97999999999999,
        66.14999999999999,
        67.95,
        68.8,
        67.39,
        64.03999999999999,
        68.51,
        67.15,
        68.0,
        67.65,
        61.79,
        69.04,
        65.61,
        69.67999999999999,
        63.91,
        68.97,
        68.85,
        69.45,
        67.46,
        68.96,
        67.91,
        67.61,
        68.42,
        68.45,
        67.39,
        65.55,
        67.60000000000001,
        65.05,
        68.88,
        67.62,
        70.39,
        65.79,
        69.16,
        68.76,
        69.43,
        68.97999999999999,
        68.84,
        66.60000000000001,
        69.03,
        69.97,
        62.77,
        69.15,
        68.4,
        69.62,
        70.73,
        68.77,
        66.91,
        69.84,
        64.17,
        70.15,
        68.43,
        67.32000000000001,
        68.39,
        69.27,
        66.47,
        70.46,
        69.77,
        68.49,
        66.95,
        68.05,
        70.56,
        68.67,
        68.21000000000001,
        69.19,
        67.75999999999999,
        65.49000000000001,
        70.95,
        69.37,
        67.77,
        69.69,
        70.3,
        67.96,
        69.83,
        66.32000000000001,
        70.47,
        64.99000000000001,
        70.89,
        69.08,
        69.16,
        68.37,
        63.800000000000004,
        68.60000000000001,
        67.66,
        69.11,
        67.07,
        69.42,
        67.25,
        71.45,
        70.46,
        67.85,
        70.06,
        70.19,
        67.49,
        65.64,
        69.46,
        69.17,
        65.31,
        70.52000000000001,
        68.60000000000001,
        69.14,
        70.54,
        69.52000000000001,
        64.38000000000001,
        69.97,
        68.77,
        70.71,
        59.43000000000001,
        69.48,
        67.75999999999999,
        65.01,
        70.27,
        70.57,
        68.87,
        70.21,
        69.86,
        71.71,
        68.0,
        69.94,
        70.89999999999999,
        70.21,
        70.72,
        68.6,
        69.27,
        70.38,
        68.78,
        69.77,
        70.00999999999999,
        71.50999999999999,
        68.56,
        69.85,
        71.28,
        69.66,
        71.19,
        68.44,
        66.66,
        69.93,
        70.46,
        71.64,
        70.41,
        71.24000000000001,
        69.27,
        70.98,
        68.89,
        70.21,
        65.18,
        66.64
    ]
}