{
    "config": {
        "E": 1,
        "K": 5,
        "NUMBER_OF_CLIENTS": 100,
        "MAX_TIME": 2500,
        "BATCH_SIZE": 50,
        "VALIDATION_BATCH_SIZE": 500,
        "LR": 0.01,
        "DATA_DISTRIBUTION": "non-iid",
        "FED_AVG_M": false,
        "FED_AVG_M_BETA": 0.9,
        "FED_AVG_M_GAMMA": 1,
        "LR_DECAY": 0.99,
        "LOG_FREQUENCY": 25,
        "AUGMENTATION_PROB": 0.5,
        "SAVE_FREQUENCY": 100,
        "NORM_LAYER": ""
    },
    "alpha": 0.0,
    "accuracy": [
        10.0,
        10.0,
        10.0,
        10.0,
        10.0,
        10.0,
        10.0,
        10.0,
        18.37,
        17.549999999999997,
        10.99,
        22.35,
        11.4,
        22.96,
        20.0,
        18.83,
        14.719999999999999,
        12.770000000000001,
        15.310000000000002,
        12.97,
        14.31,
        19.08,
        23.94,
        19.75,
        25.91,
        22.82,
        20.19,
        19.2,
        22.71,
        15.93,
        15.379999999999999,
        29.770000000000003,
        19.7,
        15.9,
        25.979999999999997,
        20.630000000000003,
        31.869999999999997,
        30.630000000000003,
        24.94,
        32.53,
        18.39,
        15.950000000000001,
        21.68,
        37.3,
        31.94,
        29.86,
        27.29,
        27.47,
        25.380000000000003,
        21.43,
        16.41,
        35.25,
        29.959999999999997,
        25.44,
        24.57,
        29.95,
        30.17,
        30.8,
        28.37,
        34.260000000000005,
        38.019999999999996,
        30.36,
        34.37,
        33.25,
        28.07,
        26.369999999999997,
        35.56,
        37.08,
        32.03,
        37.62,
        26.6,
        35.120000000000005,
        27.26,
        36.14,
        31.569999999999997,
        25.47,
        37.09,
        22.88,
        25.09,
        30.270000000000003,
        21.9,
        32.22,
        30.769999999999996,
        32.37,
        38.16,
        25.75,
        34.46,
        37.2,
        38.74,
        34.62,
        29.01,
        26.179999999999996,
        42.83,
        31.72,
        37.3,
        43.59,
        41.980000000000004,
        42.49,
        37.16,
        34.92
    ]
}