{
    "config": {
        "E": 1,
        "K": 5,
        "NUMBER_OF_CLIENTS": 100,
        "MAX_TIME": 10000,
        "BATCH_SIZE": 50,
        "VALIDATION_BATCH_SIZE": 500,
        "LR": 0.01,
        "WEIGHT_DECAY": 0.0004,
        "DATA_DISTRIBUTION": "non-iid",
        "DIRICHELET_ALPHA": "[ 0 . 0 ,   0 . 0 5 ,   0 . 1 ,   0 . 2 ,   0 . 5 ,   1 . 0 ,   1 0 . 0 ,   1 0 0 . 0 ]",
        "AVERAGE_ACCURACY": "[0.7411 0.7387 0.7436 0.7471 0.7439 0.7411 0.7478 0.7538]",
        "FED_AVG_M": false,
        "FED_AVG_M_BETA": 0.9,
        "FED_AVG_M_GAMMA": 1,
        "LR_DECAY": 0.99,
        "LOG_FREQUENCY": 25,
        "AUGMENTATION_PROB": 0.0,
        "SAVE_FREQUENCY": 500,
        "NORM_LAYER": "gn"
    },
    "alpha": "1 0 0 . 0",
    "accuracy": [
        11.03,
        35.29,
        44.07,
        50.23,
        53.849999999999994,
        56.879999999999995,
        58.74,
        59.540000000000006,
        62.09,
        63.029999999999994,
        64.83,
        65.57,
        65.92,
        66.4,
        67.17,
        68.65,
        68.27,
        69.26,
        69.5,
        69.99,
        70.25,
        70.85000000000001,
        70.97,
        70.66,
        71.39999999999999,
        71.48,
        71.39,
        72.16,
        72.0,
        72.68,
        72.89,
        73.31,
        73.14,
        72.67,
        73.38,
        73.66,
        74.03999999999999,
        74.31,
        73.88,
        74.48,
        73.97,
        74.33999999999999,
        74.64,
        74.56,
        74.87,
        74.31,
        74.45,
        74.58,
        73.22,
        74.8,
        74.68,
        74.71,
        74.42,
        74.33999999999999,
        74.69,
        75.03,
        74.99,
        74.71,
        74.67,
        74.13,
        74.59,
        75.17,
        74.7,
        74.9,
        74.87,
        74.91,
        74.97,
        74.63,
        74.4,
        75.0,
        75.05,
        75.02,
        74.86,
        74.72,
        74.42,
        74.58,
        75.19,
        74.55000000000001,
        74.71,
        75.02,
        74.62,
        74.42999999999999,
        74.79,
        74.75,
        74.85,
        74.78,
        75.18,
        74.97,
        74.35000000000001,
        74.79,
        74.86,
        74.68,
        75.09,
        75.01,
        74.97,
        74.87,
        75.06,
        75.0,
        74.96000000000001,
        75.02,
        73.88,
        75.11,
        74.83999999999999,
        74.91,
        74.72,
        75.05000000000001,
        75.09,
        74.95,
        74.72,
        75.11,
        75.22,
        75.03,
        74.97,
        74.88,
        74.9,
        74.83,
        74.94,
        74.92,
        75.14,
        74.99,
        74.99,
        75.2,
        75.03,
        75.07000000000001,
        67.52,
        75.05,
        75.13,
        75.06,
        75.05,
        74.74,
        75.29,
        74.7,
        75.32,
        75.18,
        75.17,
        74.85000000000001,
        75.21,
        75.1,
        74.8,
        75.03999999999999,
        75.14,
        75.13,
        74.95,
        74.85,
        75.15,
        75.21,
        74.7,
        75.03,
        75.05000000000001,
        74.9,
        75.2,
        75.05000000000001,
        74.96000000000001,
        75.1,
        74.87,
        75.21,
        74.92,
        75.09,
        74.98,
        75.18,
        75.22999999999999,
        73.28,
        74.95,
        75.18,
        74.97,
        75.0,
        74.92999999999999,
        75.15,
        75.2,
        75.14,
        75.03,
        74.98,
        75.14,
        75.13,
        75.05000000000001,
        75.1,
        75.13,
        75.2,
        75.02,
        75.14,
        75.3,
        74.92,
        75.0,
        74.97,
        75.11,
        75.05000000000001,
        75.08,
        75.3,
        75.12,
        75.03999999999999,
        75.03,
        75.0,
        75.1,
        75.15,
        75.14,
        75.08,
        75.09,
        75.06,
        75.08,
        75.02,
        75.09,
        75.22,
        75.14,
        75.09,
        75.19,
        74.83999999999999,
        75.19,
        74.99,
        75.02,
        75.09,
        75.15,
        74.99,
        75.07000000000001,
        74.92,
        75.11,
        75.03,
        75.01,
        74.99,
        75.08,
        75.02,
        75.19,
        75.05,
        75.11,
        75.22,
        75.13,
        75.01,
        75.03,
        75.09,
        75.08,
        75.22999999999999,
        75.19,
        75.17,
        74.83,
        75.13,
        74.97,
        75.01,
        75.03,
        75.13,
        75.21,
        74.82,
        75.3,
        75.0,
        75.17,
        75.13,
        75.03999999999999,
        75.11,
        75.08,
        74.97,
        75.1,
        75.0,
        75.2,
        75.12,
        75.03,
        75.28,
        75.03999999999999,
        75.0,
        75.2,
        75.02,
        75.32,
        75.24,
        75.1,
        74.87,
        74.96000000000001,
        75.19,
        75.13,
        74.87,
        75.27000000000001,
        75.06,
        75.01,
        75.3,
        75.24,
        75.1,
        75.15,
        75.26,
        75.03999999999999,
        75.01,
        75.14,
        75.28,
        75.31,
        75.19,
        75.27000000000001,
        75.03999999999999,
        75.22,
        75.11,
        75.16000000000001,
        74.96000000000001,
        75.22999999999999,
        75.1,
        75.08,
        75.0,
        75.22999999999999,
        75.21,
        75.17,
        75.22999999999999,
        75.13,
        75.22999999999999,
        75.06,
        75.13,
        75.31,
        75.31,
        75.22,
        75.11,
        75.27000000000001,
        69.54,
        73.37,
        74.71,
        74.8,
        74.94,
        74.94,
        75.02,
        75.14,
        74.91,
        74.91,
        75.02,
        75.08,
        74.97,
        74.95,
        75.24,
        75.18,
        75.08,
        75.15,
        75.13,
        75.14,
        75.19,
        75.13,
        75.03999999999999,
        75.27000000000001,
        75.1,
        75.15,
        75.13,
        75.27000000000001,
        75.0,
        75.22999999999999,
        75.07000000000001,
        75.09,
        75.02,
        75.16000000000001,
        75.07000000000001,
        75.16000000000001,
        75.02,
        75.22,
        75.14,
        75.03999999999999,
        75.06,
        75.0,
        75.13,
        75.1,
        75.08,
        75.16000000000001,
        75.24,
        75.15,
        75.07000000000001,
        75.15,
        75.03,
        75.05,
        75.05,
        75.02,
        74.9,
        75.15,
        75.24,
        75.24,
        75.08,
        75.08,
        75.29,
        75.16000000000001,
        75.21,
        75.15,
        75.08,
        75.07000000000001,
        75.22,
        75.25,
        75.1,
        75.11,
        74.79,
        75.01,
        75.11,
        75.13,
        75.17,
        75.03,
        74.72,
        75.22,
        75.03999999999999,
        75.06,
        74.74,
        75.16000000000001,
        75.0,
        75.38,
        75.03,
        75.11,
        75.14999999999999,
        74.91,
        75.13,
        75.1,
        75.17,
        75.16000000000001,
        75.28,
        75.09,
        75.2,
        75.22999999999999,
        75.19
    ]
}