{
    "config": {
        "E": 1,
        "K": 5,
        "NUMBER_OF_CLIENTS": 100,
        "MAX_TIME": 2500,
        "BATCH_SIZE": 50,
        "VALIDATION_BATCH_SIZE": 500,
        "LR": 0.01,
        "DATA_DISTRIBUTION": "non-iid",
        "FED_AVG_M": false,
        "FED_AVG_M_BETA": 0.9,
        "FED_AVG_M_GAMMA": 1,
        "LR_DECAY": 0.99,
        "LOG_FREQUENCY": 25,
        "AUGMENTATION_PROB": 0.0,
        "SAVE_FREQUENCY": 100,
        "NORM_LAYER": ""
    },
    "alpha": 10.0,
    "accuracy": [
        13.750000000000002,
        22.34,
        28.29,
        31.55,
        37.54,
        39.300000000000004,
        42.42,
        40.25,
        46.910000000000004,
        43.71,
        43.56,
        48.78,
        46.25,
        52.980000000000004,
        52.400000000000006,
        55.36,
        56.14,
        57.04,
        56.16,
        57.43000000000001,
        58.28,
        58.02,
        61.339999999999996,
        61.95,
        61.550000000000004,
        62.970000000000006,
        61.57,
        62.949999999999996,
        62.06,
        62.28,
        63.43,
        60.41,
        63.99,
        66.39,
        65.59,
        66.57,
        67.65,
        68.01,
        65.91,
        66.03,
        68.06,
        67.79,
        69.53,
        67.93,
        63.080000000000005,
        69.43,
        67.97999999999999,
        66.71000000000001,
        68.05,
        64.22,
        68.84,
        67.33,
        69.01,
        67.24,
        69.44,
        68.44,
        69.94,
        69.23,
        70.66,
        70.85000000000001,
        71.44,
        67.63,
        70.77,
        70.89999999999999,
        70.09,
        69.63000000000001,
        70.28999999999999,
        69.14,
        70.08,
        71.49,
        70.8,
        70.04,
        71.14,
        69.21000000000001,
        71.54,
        71.67999999999999,
        71.08,
        70.47,
        71.13000000000001,
        71.17999999999999,
        71.38,
        71.43,
        71.3,
        71.03,
        71.39999999999999,
        70.81,
        69.69999999999999,
        71.2,
        70.97,
        71.02000000000001,
        70.14,
        70.57,
        71.00999999999999,
        71.17,
        70.88,
        68.97999999999999,
        71.28999999999999,
        71.23,
        71.0,
        71.19
    ]
}