{
    "config": {
        "E": 2,
        "K": 5,
        "NUMBER_OF_CLIENTS": 100,
        "MAX_TIME": 2500,
        "BATCH_SIZE": 50,
        "VALIDATION_BATCH_SIZE": 500,
        "LR": 0.01,
        "DATA_DISTRIBUTION": "non-iid",
        "FED_AVG_M": false,
        "FED_AVG_M_BETA": 0.9,
        "FED_AVG_M_GAMMA": 1,
        "LR_DECAY": 0.99,
        "LOG_FREQUENCY": 25,
        "AUGMENTATION_PROB": 0.0,
        "SAVE_FREQUENCY": 100,
        "NORM_LAYER": ""
    },
    "alpha": 0.2,
    "accuracy": [
        10.06,
        15.6,
        14.96,
        25.7,
        19.040000000000003,
        26.56,
        26.3,
        30.919999999999998,
        30.619999999999997,
        31.31,
        29.830000000000002,
        32.08,
        29.59,
        26.979999999999997,
        34.55,
        31.290000000000003,
        28.13,
        34.47,
        41.449999999999996,
        35.260000000000005,
        42.3,
        42.89,
        42.16,
        40.239999999999995,
        35.49,
        39.800000000000004,
        41.980000000000004,
        44.09,
        47.18,
        47.25,
        39.08,
        39.04,
        39.4,
        44.47,
        48.22,
        41.36,
        35.160000000000004,
        41.04,
        17.9,
        46.14,
        49.67,
        46.410000000000004,
        39.4,
        47.36,
        50.29,
        47.03,
        39.96,
        39.93,
        48.52,
        41.42,
        48.85,
        45.07,
        54.81,
        50.3,
        49.76,
        45.98,
        35.82,
        56.66,
        50.06,
        58.15,
        50.660000000000004,
        50.760000000000005,
        54.279999999999994,
        48.809999999999995,
        54.24,
        46.72,
        56.11000000000001,
        54.7,
        59.830000000000005,
        44.39,
        54.61,
        49.26,
        56.21000000000001,
        54.0,
        58.14,
        59.43000000000001,
        55.120000000000005,
        53.349999999999994,
        51.31,
        48.22,
        48.449999999999996,
        54.7,
        57.720000000000006,
        52.190000000000005,
        56.11000000000001,
        58.32000000000001,
        55.98,
        53.22,
        55.03,
        57.21000000000001,
        60.92999999999999,
        53.42,
        56.87,
        53.239999999999995,
        58.4,
        54.169999999999995,
        53.6,
        61.21,
        60.75000000000001,
        55.910000000000004
    ]
}