{
    "config": {
        "E": 2,
        "K": 5,
        "NUMBER_OF_CLIENTS": 100,
        "MAX_TIME": 2500,
        "BATCH_SIZE": 50,
        "VALIDATION_BATCH_SIZE": 500,
        "LR": 0.01,
        "DATA_DISTRIBUTION": "non-iid",
        "FED_AVG_M": false,
        "FED_AVG_M_BETA": 0.9,
        "FED_AVG_M_GAMMA": 1,
        "LR_DECAY": 0.99,
        "LOG_FREQUENCY": 25,
        "AUGMENTATION_PROB": 0.0,
        "SAVE_FREQUENCY": 100,
        "NORM_LAYER": ""
    },
    "alpha": 0.05,
    "accuracy": [
        10.0,
        10.0,
        10.0,
        15.24,
        25.169999999999998,
        26.75,
        22.759999999999998,
        17.41,
        11.86,
        14.62,
        21.5,
        26.1,
        26.33,
        28.59,
        24.42,
        28.42,
        20.419999999999998,
        29.15,
        36.44,
        32.99,
        18.83,
        30.31,
        37.44,
        36.94,
        39.519999999999996,
        34.73,
        31.259999999999998,
        33.35,
        37.940000000000005,
        39.76,
        41.38,
        41.68,
        26.14,
        38.769999999999996,
        33.72,
        41.32,
        30.7,
        37.35,
        31.19,
        34.300000000000004,
        43.97,
        39.61,
        35.0,
        40.32,
        39.019999999999996,
        42.4,
        40.27,
        45.42,
        23.380000000000003,
        34.260000000000005,
        47.8,
        41.56,
        34.35,
        34.11,
        47.839999999999996,
        42.38,
        38.91,
        40.150000000000006,
        35.76,
        40.489999999999995,
        46.81,
        49.0,
        50.06,
        48.53,
        42.42,
        51.64,
        43.45,
        50.019999999999996,
        50.88,
        54.620000000000005,
        51.080000000000005,
        41.260000000000005,
        45.47,
        51.4,
        46.42,
        55.67999999999999,
        50.77,
        46.72,
        50.019999999999996,
        54.18000000000001,
        47.63,
        49.51,
        43.26,
        54.949999999999996,
        54.25,
        51.38,
        52.92,
        51.449999999999996,
        52.839999999999996,
        52.52,
        51.18000000000001,
        50.59,
        58.15,
        58.26,
        54.96,
        52.09,
        51.7,
        46.94,
        54.89000000000001,
        50.870000000000005
    ]
}