{
    "config": {
        "E": 1,
        "K": 5,
        "NUMBER_OF_CLIENTS": 100,
        "MAX_TIME": 10000,
        "BATCH_SIZE": 50,
        "VALIDATION_BATCH_SIZE": 500,
        "LR": 0.01,
        "WEIGHT_DECAY": 0.0004,
        "DATA_DISTRIBUTION": "non-iid",
        "DIRICHELET_ALPHA": "[ 0 . 0 ,   0 . 0 5 ,   0 . 1 ,   0 . 2 ,   0 . 5 ,   1 . 0 ,   1 0 . 0 ,   1 0 0 . 0 ]",
        "AVERAGE_ACCURACY": "[0.2589 0.5169 0.     0.     0.     0.     0.     0.    ]",
        "FED_AVG_M": false,
        "FED_AVG_M_BETA": 0.9,
        "FED_AVG_M_GAMMA": 1,
        "LR_DECAY": 0.99,
        "LOG_FREQUENCY": 25,
        "AUGMENTATION_PROB": 0.0,
        "SAVE_FREQUENCY": 500,
        "NORM_LAYER": "bn"
    },
    "alpha": "0 . 0 5",
    "accuracy": [
        10.49,
        10.010000000000002,
        11.129999999999999,
        13.71,
        17.1,
        15.6,
        16.87,
        30.659999999999997,
        20.01,
        23.76,
        21.959999999999997,
        32.35,
        22.400000000000002,
        23.31,
        34.71,
        27.229999999999997,
        32.379999999999995,
        35.47,
        35.480000000000004,
        43.1,
        31.1,
        43.11,
        24.64,
        33.25,
        23.25,
        23.64,
        33.489999999999995,
        35.5,
        34.8,
        36.94,
        35.15,
        36.49,
        28.300000000000004,
        35.69,
        32.79,
        39.04,
        37.82,
        29.520000000000003,
        41.76,
        37.99,
        34.400000000000006,
        30.61,
        35.03,
        31.03,
        37.59,
        35.43,
        25.35,
        33.34,
        38.17,
        40.89,
        32.550000000000004,
        38.379999999999995,
        38.98,
        35.74,
        35.58,
        39.190000000000005,
        38.0,
        35.91,
        41.589999999999996,
        32.23,
        31.75,
        28.189999999999998,
        37.24,
        33.83,
        28.77,
        41.160000000000004,
        25.36,
        35.980000000000004,
        28.9,
        32.58,
        29.710000000000004,
        30.29,
        40.04,
        46.17,
        32.190000000000005,
        35.97,
        34.79,
        40.64,
        36.07,
        42.199999999999996,
        33.64,
        35.839999999999996,
        30.520000000000003,
        31.66,
        43.730000000000004,
        42.94,
        41.38,
        39.12,
        32.21,
        31.540000000000003,
        32.36,
        34.64,
        33.21,
        36.230000000000004,
        28.660000000000004,
        39.839999999999996,
        47.04,
        37.4,
        36.42,
        33.56,
        31.66,
        31.080000000000002,
        36.43,
        32.82,
        39.73,
        45.58,
        36.69,
        35.620000000000005,
        40.18,
        34.239999999999995,
        43.38,
        25.5,
        38.83,
        40.68,
        42.809999999999995,
        41.89,
        36.03,
        37.34,
        41.56,
        39.73,
        32.37,
        40.489999999999995,
        42.05,
        33.489999999999995,
        43.16,
        40.33,
        36.94,
        42.72,
        29.410000000000004,
        39.54,
        35.11,
        35.49,
        44.67,
        40.0,
        44.23,
        38.68,
        37.29,
        43.89,
        32.45,
        34.98,
        35.18,
        30.049999999999997,
        43.13,
        34.37,
        33.489999999999995,
        45.15,
        37.54,
        44.4,
        46.06,
        31.31,
        41.89,
        39.67,
        27.08,
        38.550000000000004,
        36.46,
        30.7,
        28.400000000000002,
        28.82,
        39.800000000000004,
        37.08,
        38.66,
        40.75,
        39.11,
        47.93,
        35.370000000000005,
        42.26,
        40.39,
        41.83,
        38.019999999999996,
        38.269999999999996,
        44.39,
        39.79,
        42.8,
        43.59,
        39.03,
        46.61,
        23.01,
        31.56,
        42.03,
        35.32,
        37.69,
        43.07,
        36.68,
        43.45,
        37.85,
        36.309999999999995,
        47.0,
        38.45,
        38.3,
        36.46,
        39.589999999999996,
        44.08,
        32.5,
        40.99,
        48.91,
        43.71,
        35.65,
        42.25,
        28.689999999999998,
        15.7,
        38.84,
        35.17,
        36.5,
        42.34,
        44.82,
        39.94,
        47.11,
        45.2,
        38.11,
        37.93,
        45.989999999999995,
        43.93,
        35.96,
        44.59,
        43.059999999999995,
        40.28,
        41.81,
        41.06,
        40.510000000000005,
        35.709999999999994,
        44.97,
        32.58,
        46.57,
        34.21,
        28.660000000000004,
        43.55,
        41.64,
        33.4,
        42.84,
        42.0,
        43.97,
        34.2,
        36.54,
        42.68,
        41.32,
        40.23,
        41.69,
        31.45,
        41.67,
        44.43,
        29.79,
        39.25,
        33.2,
        40.57,
        39.190000000000005,
        40.33,
        46.77,
        44.95,
        42.25,
        41.06,
        43.97,
        42.5,
        43.95,
        38.35,
        41.72,
        36.65,
        45.57,
        45.25,
        43.74,
        43.480000000000004,
        46.1,
        45.629999999999995,
        46.33,
        37.64,
        44.35,
        37.12,
        38.57,
        40.79,
        42.76,
        42.13,
        41.099999999999994,
        41.949999999999996,
        46.53,
        25.55,
        46.660000000000004,
        38.81,
        47.31,
        44.37,
        45.39,
        42.79,
        43.71,
        39.489999999999995,
        40.11,
        41.339999999999996,
        44.4,
        38.48,
        41.699999999999996,
        44.05,
        35.260000000000005,
        46.1,
        19.36,
        43.87,
        45.2,
        38.86,
        44.09,
        43.72,
        27.05,
        40.5,
        43.11,
        38.17,
        33.550000000000004,
        45.379999999999995,
        31.75,
        46.56,
        50.12,
        45.379999999999995,
        41.88,
        41.120000000000005,
        37.5,
        39.19,
        46.25,
        44.68,
        36.24,
        44.3,
        45.08,
        29.020000000000003,
        39.019999999999996,
        43.019999999999996,
        43.12,
        44.7,
        42.230000000000004,
        41.099999999999994,
        42.809999999999995,
        45.01,
        48.260000000000005,
        41.78,
        36.16,
        40.61,
        40.48,
        43.43,
        44.629999999999995,
        42.35,
        43.6,
        43.41,
        45.69,
        43.34,
        35.160000000000004,
        42.78,
        41.44,
        37.03,
        42.83,
        43.32,
        40.239999999999995,
        37.35,
        38.51,
        45.48,
        43.94,
        44.26,
        44.33,
        49.559999999999995,
        33.879999999999995,
        43.24,
        40.87,
        44.91,
        43.34,
        44.4,
        43.63,
        44.84,
        43.580000000000005,
        45.300000000000004,
        45.07,
        39.28,
        38.64,
        36.26,
        42.49,
        44.07,
        47.42,
        36.92,
        39.910000000000004,
        35.980000000000004,
        35.010000000000005,
        36.67,
        41.68,
        41.83,
        37.580000000000005,
        41.699999999999996,
        40.82,
        40.03,
        43.66,
        35.04,
        48.53,
        43.9,
        44.1,
        42.66,
        43.830000000000005,
        42.11,
        46.160000000000004,
        45.15,
        42.309999999999995,
        37.730000000000004,
        43.39,
        46.08,
        43.85,
        51.690000000000005,
        45.98,
        41.18,
        44.92,
        44.940000000000005,
        41.48,
        45.769999999999996
    ]
}