{
    "config": {
        "E": 1,
        "K": 5,
        "NUMBER_OF_CLIENTS": 100,
        "MAX_TIME": 10000,
        "BATCH_SIZE": 50,
        "VALIDATION_BATCH_SIZE": 500,
        "LR": 0.01,
        "WEIGHT_DECAY": 0.0004,
        "DATA_DISTRIBUTION": "non-iid",
        "FED_AVG_M": false,
        "FED_AVG_M_BETA": 0.9,
        "FED_AVG_M_GAMMA": 1,
        "LR_DECAY": 0.99,
        "LOG_FREQUENCY": 25,
        "AUGMENTATION_PROB": 0.0,
        "SAVE_FREQUENCY": 500,
        "NORM_LAYER": "gn"
    },
    "alpha": 1.0,
    "accuracy": [
        13.25,
        18.45,
        26.83,
        24.18,
        33.06,
        39.440000000000005,
        36.03,
        42.03,
        49.730000000000004,
        47.980000000000004,
        48.99,
        51.15,
        50.51,
        47.339999999999996,
        51.54,
        55.36,
        50.38,
        54.54,
        52.07000000000001,
        45.019999999999996,
        51.370000000000005,
        38.61,
        47.599999999999994,
        51.970000000000006,
        47.04,
        58.650000000000006,
        59.06,
        60.84,
        61.480000000000004,
        63.9,
        59.56,
        59.599999999999994,
        60.709999999999994,
        58.089999999999996,
        55.52,
        51.480000000000004,
        64.55,
        56.93,
        56.34,
        61.370000000000005,
        56.720000000000006,
        62.949999999999996,
        60.14000000000001,
        61.23,
        67.09,
        65.7,
        63.800000000000004,
        67.77,
        66.97999999999999,
        57.089999999999996,
        60.160000000000004,
        61.870000000000005,
        64.03999999999999,
        64.03999999999999,
        68.91000000000001,
        62.2,
        64.78,
        65.55,
        60.709999999999994,
        65.75999999999999,
        66.35,
        67.24,
        64.8,
        70.19,
        67.34,
        61.27,
        68.36,
        65.16999999999999,
        62.46000000000001,
        67.75,
        64.0,
        68.28,
        68.96,
        64.63,
        67.47,
        69.64,
        69.5,
        65.51,
        63.5,
        70.55,
        66.14,
        61.07,
        67.32000000000001,
        68.76,
        69.02000000000001,
        66.16,
        70.21,
        69.59,
        69.05,
        68.89,
        66.52,
        69.08999999999999,
        65.46,
        66.25,
        70.41,
        68.75,
        70.26,
        62.870000000000005,
        69.17,
        68.28,
        63.85999999999999,
        71.35000000000001,
        70.57,
        69.85,
        66.43,
        70.53,
        65.85,
        69.66,
        62.22,
        69.67999999999999,
        69.72,
        69.22,
        71.07,
        66.95,
        67.17999999999999,
        71.11999999999999,
        70.58,
        71.14,
        63.959999999999994,
        69.77,
        64.11,
        69.98,
        65.59,
        70.23,
        69.17999999999999,
        69.95,
        67.94,
        71.61999999999999,
        68.25,
        67.08999999999999,
        68.41000000000001,
        68.28999999999999,
        70.73,
        69.56,
        70.47,
        64.71000000000001,
        70.64,
        69.6,
        71.07,
        66.97999999999999,
        67.16,
        71.11,
        71.24000000000001,
        71.6,
        69.23,
        69.13,
        71.97,
        70.82,
        70.63000000000001,
        70.67,
        69.72,
        71.53,
        71.57,
        68.76,
        72.5,
        69.39999999999999,
        71.28999999999999,
        72.56,
        68.03,
        71.0,
        72.39999999999999,
        70.44,
        69.08,
        72.02,
        62.9,
        71.76,
        70.6,
        71.32,
        71.32,
        73.35000000000001,
        71.31,
        70.74000000000001,
        70.94,
        68.08,
        70.57,
        68.58,
        69.8,
        71.6,
        71.77,
        70.30999999999999,
        72.45,
        71.59,
        69.93,
        72.96000000000001,
        71.61,
        70.72,
        73.05,
        68.94,
        67.34,
        70.35,
        73.05,
        70.91999999999999,
        70.12,
        70.8,
        65.25999999999999,
        72.21,
        71.94,
        70.35,
        72.67,
        72.37,
        73.18,
        72.52,
        72.91,
        67.97,
        71.41,
        71.91,
        72.42,
        72.13,
        72.28999999999999,
        72.46000000000001,
        72.77,
        71.94,
        70.95,
        71.33,
        71.48,
        70.82,
        72.17,
        72.14,
        72.35000000000001,
        71.11999999999999,
        72.28999999999999,
        73.21,
        72.72,
        72.34,
        71.44,
        73.85000000000001,
        72.35000000000001,
        70.47,
        72.02,
        71.04,
        72.0,
        71.21,
        72.02,
        72.69,
        72.72999999999999,
        72.59,
        73.58,
        71.78999999999999,
        69.48,
        73.63,
        72.00999999999999,
        72.91,
        72.02,
        73.05,
        73.18,
        73.2,
        73.07000000000001,
        73.55000000000001,
        72.82,
        69.39,
        72.8,
        72.83,
        71.36,
        73.78,
        72.72,
        72.37,
        73.57000000000001,
        73.55000000000001,
        73.46000000000001,
        73.67,
        72.27,
        72.7,
        73.45,
        73.22999999999999,
        74.11,
        73.27,
        71.99,
        72.36,
        72.78999999999999,
        72.24000000000001,
        72.14,
        73.77,
        71.31,
        72.13000000000001,
        72.39,
        73.69,
        72.16,
        71.64,
        70.52000000000001,
        73.09,
        72.27,
        70.73,
        69.8,
        73.21,
        72.3,
        70.19,
        72.89999999999999,
        71.67999999999999,
        73.1,
        71.02,
        71.0,
        73.45,
        72.95,
        70.96000000000001,
        73.4,
        72.42999999999999,
        72.8,
        72.37,
        72.32,
        73.36,
        72.66,
        72.0,
        73.16,
        72.28999999999999,
        73.50999999999999,
        72.61,
        73.00999999999999,
        72.87,
        72.7,
        73.57000000000001,
        73.24000000000001,
        72.8,
        71.5,
        72.87,
        73.09,
        73.61,
        73.03999999999999,
        71.02,
        72.7,
        74.06,
        71.50999999999999,
        74.1,
        73.63,
        73.47,
        72.42,
        70.78999999999999,
        71.35000000000001,
        72.37,
        73.44,
        73.22,
        73.03999999999999,
        72.55,
        73.65,
        72.61,
        72.91,
        72.61999999999999,
        73.72,
        73.66,
        73.3,
        72.39999999999999,
        72.13,
        73.15,
        72.8,
        73.35000000000001,
        72.89999999999999,
        73.03,
        72.95,
        73.72999999999999,
        73.33,
        73.31,
        73.00999999999999,
        73.05,
        73.81,
        73.35000000000001,
        73.36,
        72.11999999999999,
        73.27,
        73.24,
        73.50999999999999,
        73.61,
        73.83999999999999,
        73.61999999999999,
        72.89999999999999,
        72.39999999999999,
        73.64,
        72.42,
        73.42999999999999,
        74.11,
        73.6,
        73.36,
        73.32,
        73.42999999999999,
        71.71,
        73.92999999999999,
        72.66,
        73.33,
        73.94,
        73.78,
        74.06,
        72.61,
        73.65,
        69.23,
        74.0,
        73.11999999999999,
        73.09,
        73.61999999999999,
        73.49,
        73.16,
        73.42999999999999,
        73.41,
        73.72999999999999,
        74.06,
        73.68,
        73.85000000000001,
        73.66,
        73.42999999999999,
        73.54,
        73.77,
        73.37,
        73.6
    ]
}