{
    "config": {
        "E": 1,
        "K": 20,
        "NUMBER_OF_CLIENTS": 100,
        "MAX_TIME": 5000,
        "BATCH_SIZE": 50,
        "VALIDATION_BATCH_SIZE": 500,
        "LR": 0.01,
        "WEIGHT_DECAY": 0.0004,
        "DATA_DISTRIBUTION": "non-iid",
        "FED_AVG_M": false,
        "FED_AVG_M_BETA": 0.9,
        "FED_AVG_M_GAMMA": 1,
        "LR_DECAY": 0.99,
        "LOG_FREQUENCY": 25,
        "AUGMENTATION_PROB": 0.0,
        "SAVE_FREQUENCY": 500,
        "NORM_LAYER": ""
    },
    "alpha": 0.05,
    "accuracy": [
        10.08,
        10.01,
        14.100000000000001,
        17.54,
        17.59,
        22.52,
        26.479999999999997,
        21.63,
        25.880000000000003,
        30.06,
        24.71,
        30.5,
        33.28,
        32.54,
        29.020000000000003,
        32.17,
        30.490000000000002,
        35.79,
        35.010000000000005,
        33.900000000000006,
        35.53,
        38.5,
        37.6,
        33.800000000000004,
        34.99,
        42.92,
        37.6,
        41.36,
        43.480000000000004,
        43.97,
        40.660000000000004,
        43.09,
        44.22,
        46.6,
        39.82,
        39.629999999999995,
        46.45,
        44.59,
        43.8,
        39.04,
        44.48,
        43.69,
        42.69,
        44.34,
        44.67,
        47.79,
        45.16,
        47.63,
        46.93,
        44.190000000000005,
        47.74,
        46.61,
        48.58,
        49.54,
        51.56,
        49.61,
        47.63,
        50.51,
        46.68,
        45.07,
        51.78,
        49.370000000000005,
        48.89,
        49.4,
        51.449999999999996,
        43.29,
        49.120000000000005,
        48.17,
        54.15,
        53.370000000000005,
        49.2,
        49.39,
        52.580000000000005,
        49.02,
        53.47,
        48.46,
        51.690000000000005,
        50.839999999999996,
        53.44,
        55.32,
        53.72,
        54.459999999999994,
        56.52,
        53.21,
        53.43,
        57.879999999999995,
        56.120000000000005,
        50.3,
        55.379999999999995,
        51.160000000000004,
        55.67999999999999,
        56.99999999999999,
        56.13,
        55.769999999999996,
        57.730000000000004,
        54.49,
        56.25,
        56.989999999999995,
        58.08,
        57.54,
        58.89,
        56.03,
        56.800000000000004,
        57.510000000000005,
        56.82000000000001,
        57.620000000000005,
        59.73,
        56.02,
        59.099999999999994,
        57.910000000000004,
        58.989999999999995,
        59.61,
        56.8,
        60.72,
        55.67999999999999,
        58.5,
        58.309999999999995,
        59.35,
        56.31,
        57.730000000000004,
        59.47,
        58.24,
        62.4,
        59.8,
        62.17,
        61.57,
        60.42999999999999,
        60.589999999999996,
        62.849999999999994,
        61.17,
        58.879999999999995,
        61.91,
        59.29,
        61.08,
        62.94,
        60.86,
        58.330000000000005,
        63.65,
        61.809999999999995,
        60.8,
        62.39,
        60.79,
        62.339999999999996,
        62.980000000000004,
        63.05,
        62.25000000000001,
        58.91,
        63.09,
        63.260000000000005,
        60.709999999999994,
        64.5,
        63.690000000000005,
        60.11,
        62.370000000000005,
        60.160000000000004,
        62.519999999999996,
        63.760000000000005,
        63.11,
        62.160000000000004,
        60.77,
        61.7,
        64.44,
        63.81,
        65.25,
        63.849999999999994,
        60.34,
        64.64999999999999,
        64.88000000000001,
        64.7,
        59.660000000000004,
        65.79,
        63.9,
        65.14,
        65.3,
        62.78,
        66.07,
        64.28,
        64.56,
        65.14,
        65.3,
        66.47999999999999,
        65.85,
        65.36,
        63.83,
        63.92,
        64.91,
        64.99000000000001,
        65.72,
        63.91,
        66.31,
        66.64999999999999,
        66.62,
        65.64,
        67.17999999999999,
        62.77,
        65.46,
        65.22,
        64.55,
        66.85,
        67.58999999999999
    ]
}