{
    "config": {
        "E": 1,
        "K": 5,
        "NUMBER_OF_CLIENTS": 100,
        "MAX_TIME": 2500,
        "BATCH_SIZE": 50,
        "VALIDATION_BATCH_SIZE": 500,
        "LR": 0.01,
        "DATA_DISTRIBUTION": "non-iid",
        "DIRICHELET_ALPHA": "[ 0 . 0 ,   0 . 0 5 ,   0 . 1 ,   0 . 2 ,   0 . 5 ,   1 . 0 ]",
        "AVERAGE_ACCURACY": "[0.4823 0.5541 0.5899 0.     0.     0.     0.     0.    ]",
        "FED_AVG_M": false,
        "FED_AVG_M_BETA": 0.9,
        "FED_AVG_M_GAMMA": 1,
        "LR_DECAY": 0.99,
        "LOG_FREQUENCY": 25,
        "AUGMENTATION_PROB": 0.0,
        "SAVE_FREQUENCY": 100,
        "NORM_LAYER": ""
    },
    "alpha": "0 . 1",
    "accuracy": [
        10.0,
        10.0,
        10.56,
        12.64,
        14.57,
        18.69,
        24.03,
        16.68,
        17.76,
        19.12,
        26.83,
        27.87,
        32.58,
        16.19,
        18.57,
        23.36,
        26.39,
        28.07,
        21.54,
        30.759999999999998,
        23.75,
        25.97,
        29.909999999999997,
        35.19,
        38.91,
        26.6,
        33.37,
        23.05,
        30.509999999999998,
        43.01,
        40.239999999999995,
        28.62,
        44.190000000000005,
        30.630000000000003,
        34.79,
        35.730000000000004,
        40.14,
        35.75,
        34.97,
        39.01,
        37.74,
        35.949999999999996,
        25.740000000000002,
        43.419999999999995,
        45.660000000000004,
        41.9,
        41.79,
        35.27,
        37.88,
        37.71,
        33.85,
        39.4,
        43.35,
        43.39,
        34.61,
        42.19,
        32.48,
        40.87,
        51.12,
        32.379999999999995,
        45.379999999999995,
        44.59,
        46.2,
        40.37,
        44.769999999999996,
        46.760000000000005,
        45.56,
        45.09,
        50.18,
        50.370000000000005,
        44.629999999999995,
        49.16,
        51.06,
        38.66,
        42.88,
        47.160000000000004,
        50.739999999999995,
        37.53,
        51.739999999999995,
        48.31,
        49.69,
        37.51,
        51.21,
        45.78,
        52.09,
        30.970000000000002,
        48.42,
        51.65,
        48.33,
        52.71,
        44.13,
        55.730000000000004,
        40.760000000000005,
        53.37,
        50.38,
        46.63,
        47.8,
        52.01,
        41.17,
        58.989999999999995
    ]
}