{
    "config": {
        "E": 1,
        "K": 5,
        "NUMBER_OF_CLIENTS": 100,
        "MAX_TIME": 2500,
        "BATCH_SIZE": 50,
        "VALIDATION_BATCH_SIZE": 500,
        "LR": 0.01,
        "DATA_DISTRIBUTION": "non-iid",
        "DIRICHELET_ALPHA": "[ 1 0 ,   1 0 0 ]",
        "AVERAGE_ACCURACY": "[0.7168 0.7289]",
        "FED_AVG_M": false,
        "FED_AVG_M_BETA": 0.9,
        "FED_AVG_M_GAMMA": 1,
        "LR_DECAY": 0.99,
        "LOG_FREQUENCY": 25,
        "AUGMENTATION_PROB": 0.0,
        "SAVE_FREQUENCY": 100,
        "NORM_LAYER": ""
    },
    "alpha": "1 0 0",
    "accuracy": [
        10.91,
        24.29,
        30.03,
        34.339999999999996,
        39.61,
        42.71,
        45.64,
        46.04,
        49.1,
        48.91,
        52.2,
        53.339999999999996,
        54.910000000000004,
        56.25,
        56.699999999999996,
        57.67,
        58.01,
        60.209999999999994,
        58.45,
        62.470000000000006,
        62.43,
        63.6,
        63.57000000000001,
        64.57000000000001,
        64.78,
        65.73,
        65.33,
        66.25,
        66.64,
        66.7,
        67.89,
        68.0,
        68.10000000000001,
        68.82000000000001,
        68.41000000000001,
        69.48,
        69.28999999999999,
        69.5,
        70.08,
        70.38,
        69.66,
        70.49,
        70.46,
        70.48,
        71.31,
        70.52000000000001,
        71.5,
        71.22,
        71.67,
        71.91,
        72.09,
        71.66,
        72.06,
        72.3,
        72.32,
        72.28,
        72.58,
        72.63,
        72.78,
        72.23,
        72.15,
        72.65,
        72.39999999999999,
        72.75,
        72.6,
        72.46000000000001,
        71.98,
        72.89,
        72.34,
        72.7,
        72.44,
        72.59,
        72.28,
        72.72999999999999,
        72.6,
        72.02,
        72.3,
        72.69,
        72.6,
        72.04,
        72.55,
        72.26,
        72.75,
        72.74000000000001,
        71.89999999999999,
        72.48,
        72.00999999999999,
        72.27,
        72.68,
        72.59,
        72.61999999999999,
        72.31,
        72.54,
        71.99,
        71.89,
        72.24000000000001,
        72.42999999999999,
        71.95,
        72.14,
        72.49
    ]
}