{
    "config": {
        "E": 5,
        "K": 5,
        "NUMBER_OF_CLIENTS": 100,
        "MAX_TIME": 2500,
        "BATCH_SIZE": 50,
        "VALIDATION_BATCH_SIZE": 500,
        "LR": 0.01,
        "WEIGHT_DECAY": 0.0004,
        "DATA_DISTRIBUTION": "non-iid",
        "DIRICHELET_ALPHA": "[ 0 . 0 ,   0 . 1 ]",
        "AVERAGE_ACCURACY": "[0.4249 0.     0.     0.     0.     0.     0.     0.    ]",
        "FED_AVG_M": false,
        "FED_AVG_M_BETA": 0.9,
        "FED_AVG_M_GAMMA": 1,
        "LR_DECAY": 0.99,
        "LOG_FREQUENCY": 25,
        "AUGMENTATION_PROB": 0.0,
        "SAVE_FREQUENCY": 500,
        "NORM_LAYER": ""
    },
    "alpha": "0 . 0",
    "accuracy": [
        10.0,
        10.0,
        10.0,
        10.0,
        10.0,
        10.0,
        10.0,
        12.53,
        17.53,
        18.41,
        11.24,
        23.87,
        11.469999999999999,
        22.43,
        18.94,
        19.3,
        13.620000000000001,
        12.24,
        15.09,
        12.620000000000001,
        14.549999999999999,
        18.55,
        25.8,
        20.59,
        29.14,
        25.840000000000003,
        24.610000000000003,
        17.77,
        24.48,
        18.04,
        15.740000000000002,
        31.540000000000003,
        22.08,
        16.32,
        27.33,
        19.59,
        33.93,
        30.869999999999997,
        26.36,
        33.22,
        19.5,
        19.37,
        20.630000000000003,
        37.76,
        33.34,
        29.799999999999997,
        28.67,
        27.33,
        23.169999999999998,
        20.97,
        14.6,
        34.45,
        27.77,
        26.43,
        22.830000000000002,
        29.160000000000004,
        29.94,
        32.269999999999996,
        29.549999999999997,
        33.11,
        37.31,
        28.470000000000002,
        34.04,
        33.98,
        27.12,
        24.88,
        34.400000000000006,
        38.95,
        30.81,
        36.57,
        25.06,
        33.29,
        26.400000000000002,
        36.53,
        29.549999999999997,
        22.68,
        34.42,
        19.25,
        23.25,
        30.42,
        18.18,
        30.23,
        30.240000000000002,
        31.569999999999997,
        35.07,
        22.45,
        30.769999999999996,
        36.03,
        38.21,
        31.919999999999998,
        26.6,
        20.94,
        41.29,
        29.7,
        33.11,
        41.760000000000005,
        40.08,
        42.49,
        32.42,
        29.060000000000002
    ]
}