{
    "config": {
        "E": 1,
        "K": 20,
        "NUMBER_OF_CLIENTS": 100,
        "MAX_TIME": 2500,
        "BATCH_SIZE": 50,
        "VALIDATION_BATCH_SIZE": 500,
        "LR": 0.01,
        "WEIGHT_DECAY": 0.0004,
        "DATA_DISTRIBUTION": "non-iid",
        "FED_AVG_M": false,
        "FED_AVG_M_BETA": 0.9,
        "FED_AVG_M_GAMMA": 1,
        "LR_DECAY": 0.99,
        "LOG_FREQUENCY": 25,
        "AUGMENTATION_PROB": 0.0,
        "SAVE_FREQUENCY": 500,
        "NORM_LAYER": ""
    },
    "alpha": 0.0,
    "accuracy": [
        9.36,
        10.07,
        10.0,
        16.59,
        12.950000000000001,
        12.93,
        17.84,
        17.3,
        17.57,
        19.12,
        17.47,
        22.240000000000002,
        25.14,
        24.64,
        26.479999999999997,
        25.619999999999997,
        24.39,
        26.619999999999997,
        19.42,
        30.630000000000003,
        26.58,
        31.869999999999997,
        32.82,
        31.790000000000003,
        32.47,
        30.220000000000002,
        35.53,
        33.25,
        28.32,
        32.800000000000004,
        34.93,
        30.64,
        32.47,
        34.910000000000004,
        35.89,
        35.94,
        39.75,
        35.27,
        37.13,
        39.96,
        29.060000000000002,
        39.190000000000005,
        39.53,
        36.6,
        36.93,
        38.440000000000005,
        34.08,
        42.1,
        34.699999999999996,
        40.07,
        41.010000000000005,
        33.08,
        40.37,
        40.949999999999996,
        44.2,
        42.919999999999995,
        39.78,
        41.48,
        42.78,
        42.309999999999995,
        41.29,
        41.78,
        39.269999999999996,
        43.769999999999996,
        45.2,
        43.16,
        43.29,
        43.05,
        47.69,
        39.14,
        43.769999999999996,
        43.97,
        48.57,
        46.48,
        44.78,
        43.830000000000005,
        46.85,
        47.08,
        42.99,
        44.66,
        47.49,
        42.91,
        44.82,
        47.65,
        48.010000000000005,
        49.53,
        40.36,
        48.88,
        48.91,
        47.72,
        42.88,
        49.04,
        50.11,
        49.42,
        46.79,
        49.51,
        45.22,
        46.760000000000005,
        49.4,
        47.78
    ]
}