{
    "config": {
        "E": 1,
        "K": 20,
        "NUMBER_OF_CLIENTS": 100,
        "MAX_TIME": 5000,
        "BATCH_SIZE": 50,
        "VALIDATION_BATCH_SIZE": 500,
        "LR": 0.01,
        "WEIGHT_DECAY": 0.0004,
        "DATA_DISTRIBUTION": "non-iid",
        "DIRICHELET_ALPHA": "[ 0 . 0 ,   0 . 0 5 ,   0 . 1 ,   0 . 2 ,   0 . 5 ,   1 . 0 ,   1 0 . 0 ,   1 0 0 . 0 ]",
        "AVERAGE_ACCURACY": "[0.6288 0.6759 0.676  0.6783 0.     0.     0.     0.    ]",
        "FED_AVG_M": false,
        "FED_AVG_M_BETA": 0.9,
        "FED_AVG_M_GAMMA": 1,
        "LR_DECAY": 0.99,
        "LOG_FREQUENCY": 25,
        "AUGMENTATION_PROB": 0.0,
        "SAVE_FREQUENCY": 500,
        "NORM_LAYER": ""
    },
    "alpha": "0 . 2",
    "accuracy": [
        11.600000000000001,
        15.340000000000002,
        20.23,
        26.22,
        24.080000000000002,
        28.99,
        28.999999999999996,
        29.080000000000002,
        33.62,
        32.68,
        38.279999999999994,
        34.489999999999995,
        38.019999999999996,
        37.14,
        37.31,
        38.42,
        38.11,
        40.660000000000004,
        38.269999999999996,
        39.28,
        43.32,
        44.32,
        42.24,
        41.11,
        43.04,
        47.06,
        40.7,
        46.07,
        42.43,
        42.71,
        45.82,
        47.22,
        44.190000000000005,
        47.38,
        48.03,
        47.64,
        46.42,
        49.68,
        47.17,
        46.77,
        49.309999999999995,
        48.67,
        50.81,
        48.94,
        51.94,
        48.55,
        50.96000000000001,
        51.080000000000005,
        52.83,
        49.74,
        53.38,
        53.43,
        54.510000000000005,
        56.60000000000001,
        53.410000000000004,
        51.27,
        52.05,
        53.23,
        53.269999999999996,
        53.949999999999996,
        51.9,
        56.71000000000001,
        55.74,
        51.38,
        54.769999999999996,
        52.76,
        56.61000000000001,
        52.17,
        56.230000000000004,
        55.88999999999999,
        55.88999999999999,
        58.91,
        57.02,
        57.67,
        54.269999999999996,
        60.540000000000006,
        59.57,
        59.14,
        57.61000000000001,
        58.69,
        60.01,
        60.99,
        57.43000000000001,
        61.199999999999996,
        59.56,
        58.48,
        58.69,
        59.230000000000004,
        60.28,
        61.239999999999995,
        58.46,
        59.43000000000001,
        59.260000000000005,
        62.1,
        58.940000000000005,
        61.36000000000001,
        61.38,
        59.489999999999995,
        60.14000000000001,
        58.85,
        62.029999999999994,
        61.19,
        60.8,
        60.88,
        62.11,
        62.349999999999994,
        61.56,
        63.17,
        63.92,
        63.53,
        61.88,
        58.28,
        63.38,
        64.44,
        62.629999999999995,
        61.91,
        62.29,
        60.43999999999999,
        57.03,
        64.5,
        62.419999999999995,
        60.760000000000005,
        61.18,
        64.9,
        63.82,
        63.660000000000004,
        63.54,
        62.39,
        64.96,
        65.12,
        64.28,
        65.7,
        64.58,
        63.89,
        62.29,
        64.99000000000001,
        63.27,
        64.52,
        64.46,
        65.19,
        63.339999999999996,
        64.51,
        64.73,
        65.33,
        65.01,
        65.12,
        63.85999999999999,
        63.059999999999995,
        64.79,
        66.16,
        64.38000000000001,
        64.29,
        64.78,
        63.43,
        64.73,
        61.67,
        66.66,
        63.59,
        65.44,
        66.71000000000001,
        66.45,
        64.71000000000001,
        65.57,
        65.51,
        65.45,
        66.3,
        65.84,
        65.47,
        63.13999999999999,
        66.91,
        62.7,
        66.19,
        66.77,
        66.23,
        65.96,
        66.41,
        65.0,
        64.62,
        66.97,
        65.32,
        65.64999999999999,
        62.580000000000005,
        66.78,
        66.94,
        66.56,
        66.45,
        66.43,
        65.72,
        66.39,
        67.69,
        64.52,
        66.66,
        64.85,
        67.83,
        67.19000000000001,
        64.32,
        66.79,
        65.57,
        67.28,
        66.63
    ]
}