{
    "config": {
        "E": 1,
        "K": 5,
        "NUMBER_OF_CLIENTS": 100,
        "MAX_TIME": 2500,
        "BATCH_SIZE": 50,
        "VALIDATION_BATCH_SIZE": 500,
        "LR": 0.01,
        "WEIGHT_DECAY": 0.0004,
        "DATA_DISTRIBUTION": "non-iid",
        "LOG_FREQUENCY": 25,
        "AUGMENTATION_PROB": 0.0,
        "ALPHA": 0.001,
        "SAVE_FREQUENCY": 500,
        "NORM_LAYER": "gn"
    },
    "alpha": 0.2,
    "accuracy":  [
            10.459999999999999,
            17.380000000000003,
            19.52,
            34.72,
            32.43,
            40.089999999999996,
            32.83,
            37.43,
            40.129999999999995,
            40.4,
            37.169999999999995,
            37.730000000000004,
            51.970000000000006,
            50.54,
            39.1,
            48.6,
            44.12,
            47.410000000000004,
            44.54,
            55.279999999999994,
            56.15,
            53.36,
            39.01,
            53.620000000000005,
            52.94,
            57.93000000000001,
            53.269999999999996,
            57.65,
            55.36,
            59.98,
            55.61000000000001,
            59.88,
            59.45,
            55.44,
            55.46,
            59.95,
            55.03,
            56.330000000000005,
            47.28,
            63.580000000000005,
            56.279999999999994,
            61.8,
            53.239999999999995,
            52.62,
            54.410000000000004,
            60.38,
            59.19,
            62.75000000000001,
            60.95,
            61.309999999999995,
            63.839999999999996,
            62.74999999999999,
            62.519999999999996,
            53.53,
            58.78,
            61.160000000000004,
            59.099999999999994,
            56.89999999999999,
            64.53999999999999,
            61.650000000000006,
            64.06,
            63.96000000000001,
            57.31,
            62.9,
            61.74000000000001,
            60.07,
            62.260000000000005,
            63.160000000000004,
            53.78000000000001,
            62.339999999999996,
            65.36,
            65.62,
            62.94,
            65.18,
            62.33,
            62.85000000000001,
            63.49,
            65.24,
            67.23,
            63.01,
            64.73,
            59.150000000000006,
            64.14,
            68.08999999999999,
            65.55,
            61.82,
            66.63,
            63.86000000000001,
            60.980000000000004,
            60.03000000000001,
            58.71999999999999,
            63.190000000000005,
            65.52,
            60.519999999999996,
            63.6,
            56.18,
            66.97999999999999,
            63.23,
            63.11,
            52.25
        ]
}