{
    "config": {
        "E": 1,
        "K": 5,
        "NUMBER_OF_CLIENTS": 100,
        "MAX_TIME": 2500,
        "BATCH_SIZE": 50,
        "VALIDATION_BATCH_SIZE": 500,
        "LR": 0.01,
        "WEIGHT_DECAY": 0.0004,
        "DATA_DISTRIBUTION": "non-iid",
        "LOG_FREQUENCY": 25,
        "AUGMENTATION_PROB": 0.0,
        "ALPHA": 0.001,
        "SAVE_FREQUENCY": 500,
        "NORM_LAYER": "bn"
    },
    "alpha": 1.0,
    "accuracy": [
        10.280000000000001,
        28.24,
        35.980000000000004,
        41.18,
        48.18,
        49.08,
        53.47,
        55.879999999999995,
        56.97,
        56.74,
        58.330000000000005,
        62.11,
        54.1,
        57.56,
        61.72,
        60.019999999999996,
        54.559999999999995,
        62.75000000000001,
        61.57,
        64.12,
        60.209999999999994,
        54.32,
        65.10000000000001,
        62.260000000000005,
        62.01,
        58.440000000000005,
        66.77,
        62.68,
        65.53999999999999,
        66.46,
        66.12,
        66.32000000000001,
        59.79,
        64.22,
        63.57000000000001,
        65.93,
        65.63,
        61.41,
        61.4,
        65.01,
        65.17,
        65.05,
        65.46,
        62.82,
        65.02,
        64.45,
        66.38,
        64.9,
        66.9,
        65.73,
        65.41,
        62.019999999999996,
        65.48,
        61.4,
        64.79,
        65.4,
        65.96,
        64.82,
        63.79,
        64.23,
        66.11,
        64.53,
        66.01,
        66.47,
        66.25999999999999,
        65.86999999999999,
        66.13,
        65.36999999999999,
        66.57,
        65.94,
        65.36999999999999,
        66.05,
        65.84,
        65.69,
        65.77,
        65.06,
        67.2,
        66.75,
        66.23,
        65.9,
        66.33,
        66.69,
        65.61,
        66.64999999999999,
        65.64,
        64.62,
        66.39,
        65.13,
        65.42,
        65.55,
        65.72,
        65.31,
        65.44,
        65.73,
        66.53999999999999,
        65.73,
        64.32,
        65.45,
        64.61,
        64.01
    ]
}