{
    "config": {
        "E": 1,
        "K": 5,
        "NUMBER_OF_CLIENTS": 100,
        "MAX_TIME": 2500,
        "BATCH_SIZE": 50,
        "VALIDATION_BATCH_SIZE": 500,
        "LR": 0.01,
        "WEIGHT_DECAY": 0.0004,
        "DATA_DISTRIBUTION": "non-iid",
        "LOG_FREQUENCY": 25,
        "AUGMENTATION_PROB": 0.0,
        "ALPHA": 0.001,
        "SAVE_FREQUENCY": 500,
        "NORM_LAYER": ""
    },
    "alpha": 0.1,
    "accuracy": [
        10.67,
        10.0,
        10.22,
        13.01,
        15.68,
        17.400000000000002,
        25.7,
        15.93,
        24.01,
        20.11,
        31.540000000000003,
        26.44,
        34.23,
        21.66,
        24.4,
        26.619999999999997,
        32.46,
        27.96,
        20.69,
        33.87,
        28.310000000000002,
        30.12,
        31.680000000000003,
        40.06,
        42.94,
        32.84,
        36.33,
        25.82,
        34.089999999999996,
        46.07,
        44.78,
        31.480000000000004,
        49.43,
        38.23,
        40.64,
        42.59,
        45.800000000000004,
        41.839999999999996,
        44.519999999999996,
        48.8,
        42.29,
        47.46,
        37.64,
        47.07,
        50.949999999999996,
        48.199999999999996,
        54.879999999999995,
        44.32,
        46.0,
        48.47,
        49.41,
        55.83,
        54.63,
        56.44,
        46.88,
        54.2,
        52.38,
        52.239999999999995,
        58.709999999999994,
        46.95,
        57.60999999999999,
        56.279999999999994,
        59.4,
        55.76,
        56.28999999999999,
        57.330000000000005,
        56.84,
        57.75,
        61.14000000000001,
        59.260000000000005,
        57.769999999999996,
        61.1,
        61.17,
        53.09,
        60.650000000000006,
        60.33,
        61.5,
        54.800000000000004,
        63.190000000000005,
        58.41,
        61.67,
        53.559999999999995,
        62.67,
        63.339999999999996,
        64.44,
        50.44,
        61.46,
        63.4,
        64.0,
        62.79,
        56.720000000000006,
        65.06,
        55.93,
        63.56,
        63.12,
        62.4,
        58.87,
        63.96000000000001,
        55.910000000000004,
        66.14999999999999
    ]
}