{
    "config": {
        "E": 1,
        "K": 5,
        "NUMBER_OF_CLIENTS": 100,
        "MAX_TIME": 2500,
        "BATCH_SIZE": 50,
        "VALIDATION_BATCH_SIZE": 500,
        "LR": 0.01,
        "WEIGHT_DECAY": 0.0004,
        "DATA_DISTRIBUTION": "non-iid",
        "LOG_FREQUENCY": 25,
        "AUGMENTATION_PROB": 0.0,
        "ALPHA": 0.1,
        "SAVE_FREQUENCY": 500,
        "NORM_LAYER": ""
    },
    "alpha": 0.2,
    "accuracy": [
        10.31,
        13.8,
        12.34,
        23.48,
        21.080000000000002,
        30.209999999999997,
        24.490000000000002,
        25.650000000000002,
        28.150000000000002,
        29.18,
        29.17,
        31.480000000000004,
        35.93,
        37.54,
        29.65,
        37.62,
        36.71,
        37.34,
        34.08,
        46.910000000000004,
        41.76,
        43.25,
        29.470000000000002,
        45.0,
        43.11,
        47.61,
        43.93,
        48.24,
        51.03,
        53.400000000000006,
        46.23,
        53.910000000000004,
        50.760000000000005,
        50.970000000000006,
        48.83,
        55.64,
        53.06999999999999,
        52.949999999999996,
        51.080000000000005,
        58.17,
        56.779999999999994,
        58.9,
        56.35,
        55.059999999999995,
        53.56999999999999,
        59.5,
        57.07,
        60.650000000000006,
        58.76,
        59.27,
        62.629999999999995,
        61.760000000000005,
        61.21,
        55.48,
        59.41,
        58.84,
        59.46,
        60.28,
        63.18,
        61.82,
        62.73,
        62.150000000000006,
        58.19,
        61.09,
        63.21,
        61.23,
        62.9,
        64.41,
        58.42,
        62.86000000000001,
        64.13,
        64.99000000000001,
        63.62,
        66.35,
        63.72,
        65.19,
        64.62,
        65.83,
        65.79,
        63.09,
        64.64999999999999,
        62.89,
        66.10000000000001,
        66.91,
        65.82000000000001,
        64.2,
        66.36,
        63.67,
        65.55,
        63.74999999999999,
        62.62,
        65.77,
        66.60000000000001,
        64.92999999999999,
        65.21000000000001,
        64.18,
        67.56,
        66.49000000000001,
        66.14,
        61.970000000000006
    ]
}