{
    "config": {
        "E": 1,
        "K": 5,
        "NUMBER_OF_CLIENTS": 100,
        "MAX_TIME": 2500,
        "BATCH_SIZE": 50,
        "VALIDATION_BATCH_SIZE": 500,
        "LR": 0.01,
        "WEIGHT_DECAY": 0.0004,
        "DATA_DISTRIBUTION": "non-iid",
        "LOG_FREQUENCY": 25,
        "AUGMENTATION_PROB": 0.0,
        "ALPHA": 0.001,
        "SAVE_FREQUENCY": 500,
        "NORM_LAYER": "bn"
    },
    "alpha": 0.5,
    "accuracy": [
        10.0,
        20.990000000000002,
        25.630000000000003,
        34.760000000000005,
        32.73,
        44.800000000000004,
        37.49,
        45.9,
        52.690000000000005,
        45.61,
        43.9,
        56.489999999999995,
        53.6,
        53.2,
        59.78,
        52.52,
        54.53,
        54.559999999999995,
        51.03,
        48.88,
        61.19,
        50.9,
        55.089999999999996,
        58.099999999999994,
        60.309999999999995,
        59.650000000000006,
        53.88,
        61.129999999999995,
        59.37,
        61.18,
        52.22,
        57.49999999999999,
        63.92,
        61.49,
        60.28,
        62.1,
        59.13,
        55.33,
        59.03,
        59.589999999999996,
        63.07000000000001,
        63.78,
        59.46,
        55.63,
        54.410000000000004,
        62.32,
        59.21999999999999,
        62.1,
        63.559999999999995,
        61.68,
        60.72,
        63.39,
        63.89,
        60.88,
        59.58,
        60.5,
        60.92999999999999,
        62.38,
        61.47,
        62.03999999999999,
        63.11,
        60.64000000000001,
        62.61,
        64.3,
        62.550000000000004,
        61.239999999999995,
        60.199999999999996,
        61.72,
        61.06,
        62.129999999999995,
        63.739999999999995,
        60.45,
        62.93,
        60.4,
        63.96000000000001,
        64.16,
        53.349999999999994,
        61.529999999999994,
        63.739999999999995,
        63.09,
        63.18,
        61.09,
        61.95,
        60.550000000000004,
        61.85000000000001,
        57.86,
        58.25,
        59.57,
        59.650000000000006,
        58.58,
        61.519999999999996,
        61.86000000000001,
        63.839999999999996,
        62.22,
        62.79,
        61.629999999999995,
        59.5,
        63.04,
        60.88,
        61.419999999999995
    ]
}