{
    "config": {
        "E": 1,
        "K": 5,
        "NUMBER_OF_CLIENTS": 100,
        "MAX_TIME": 2500,
        "BATCH_SIZE": 50,
        "VALIDATION_BATCH_SIZE": 500,
        "LR": 0.01,
        "WEIGHT_DECAY": 0.0004,
        "DATA_DISTRIBUTION": "iid",
        "LOG_FREQUENCY": 25,
        "AUGMENTATION_PROB": 0.0,
        "ALPHA": 0.001,
        "SAVE_FREQUENCY": 500,
        "NORM_LAYER": "gn"
    },
    "alpha": 0.0,
    "accuracy": [
        12.36,
        40.300000000000004,
        48.92,
        54.67999999999999,
        59.550000000000004,
        62.0,
        64.79,
        66.32000000000001,
        67.23,
        68.99,
        69.88,
        70.8,
        71.81,
        72.17,
        71.98,
        72.41,
        73.24000000000001,
        73.4,
        73.42,
        73.85000000000001,
        74.22,
        74.52,
        74.4,
        74.53,
        74.48,
        74.56,
        74.15,
        74.24,
        74.18,
        73.98,
        73.83,
        73.89,
        73.44,
        73.6,
        73.54,
        73.54,
        73.57000000000001,
        73.36,
        73.42999999999999,
        73.50999999999999,
        73.27,
        73.07000000000001,
        73.31,
        73.4,
        73.64,
        73.69,
        73.83,
        73.75,
        73.63,
        73.75,
        73.86,
        73.83,
        73.42999999999999,
        73.67,
        73.63,
        73.61,
        73.35000000000001,
        73.45,
        73.47,
        73.55000000000001,
        73.42999999999999,
        73.31,
        73.27,
        73.46000000000001,
        73.42999999999999,
        73.36,
        73.42999999999999,
        73.48,
        73.45,
        73.33,
        73.47,
        73.33999999999999,
        73.16,
        73.36,
        73.24000000000001,
        73.41,
        73.24000000000001,
        73.22999999999999,
        73.04,
        73.0,
        73.25,
        73.18,
        73.02,
        73.07000000000001,
        73.21,
        73.27,
        73.00999999999999,
        73.05,
        73.09,
        73.21,
        72.85000000000001,
        72.89,
        72.74000000000001,
        72.68,
        72.50999999999999,
        72.52,
        73.02,
        72.74000000000001,
        72.92999999999999,
        72.84
    ]
}