{
    "config": {
        "E": 5,
        "K": 5,
        "NUMBER_OF_CLIENTS": 100,
        "MAX_TIME": 1500,
        "BATCH_SIZE": 50,
        "VALIDATION_BATCH_SIZE": 500,
        "LR": 0.01,
        "WEIGHT_DECAY": 0.0004,
        "DATA_DISTRIBUTION": "non-iid",
        "LOG_FREQUENCY": 25,
        "AUGMENTATION_PROB": 0.0,
        "ALPHA": 0.001,
        "SAVE_FREQUENCY": 500,
        "NORM_LAYER": "bn"
    },
    "alpha": 0.1,
    "accuracy":  [
        10.0,
        19.21,
        27.279999999999998,
        38.79,
        29.78,
        41.43,
        43.11,
        38.440000000000005,
        27.439999999999998,
        36.76,
        44.480000000000004,
        36.6,
        47.65,
        41.589999999999996,
        29.080000000000002,
        46.239999999999995,
        37.980000000000004,
        40.37,
        47.839999999999996,
        37.99,
        31.59,
        41.370000000000005,
        31.47,
        43.14,
        39.57,
        37.169999999999995,
        42.26,
        40.129999999999995,
        46.2,
        34.52,
        41.29,
        42.22,
        42.84,
        33.190000000000005,
        39.58,
        37.0,
        40.53,
        31.69,
        38.279999999999994,
        26.56,
        39.62,
        36.15,
        29.959999999999997,
        39.629999999999995,
        38.39,
        43.730000000000004,
        38.3,
        35.660000000000004,
        32.51,
        43.19,
        36.53,
        25.46,
        27.12,
        35.74,
        34.160000000000004,
        29.17,
        38.37,
        40.8,
        44.2,
        38.87
    ]
}
