{
    "config": {
        "E": 1,
        "K": 5,
        "NUMBER_OF_CLIENTS": 100,
        "MAX_TIME": 2500,
        "BATCH_SIZE": 50,
        "VALIDATION_BATCH_SIZE": 500,
        "LR": 0.01,
        "WEIGHT_DECAY": 0.0004,
        "DATA_DISTRIBUTION": "non-iid",
        "DIRICHELET_ALPHA": "[ 0 . 0 ,   0 . 0 5 ,   0 . 1 ,   0 . 2 ,   0 . 5 ,   1 . 0 ,   1 0 . 0 ,   1 0 0 . 0 ]",
        "AVERAGE_ACCURACY": "[0.2073 0.     0.     0.     0.     0.     0.     0.    ]",
        "LOG_FREQUENCY": 25,
        "AUGMENTATION_PROB": 0.0,
        "ALPHA": 0.01,
        "SAVE_FREQUENCY": 500,
        "NORM_LAYER": ""
    },
    "alpha": "0 . 0",
    "accuracy": [
        10.71,
        10.0,
        10.0,
        9.19,
        11.370000000000001,
        10.010000000000002,
        10.25,
        10.0,
        10.0,
        13.88,
        10.0,
        11.06,
        10.0,
        10.0,
        10.0,
        10.13,
        10.0,
        10.040000000000001,
        10.0,
        10.0,
        10.0,
        10.0,
        10.0,
        10.0,
        10.0,
        10.0,
        10.0,
        10.0,
        10.0,
        10.0,
        10.0,
        10.0,
        10.0,
        10.0,
        10.0,
        10.0,
        10.0,
        10.0,
        10.0,
        10.0,
        10.0,
        10.0,
        10.0,
        10.0,
        10.63,
        10.0,
        10.0,
        10.0,
        10.0,
        10.0,
        10.0,
        10.0,
        10.0,
        10.0,
        10.0,
        10.0,
        10.0,
        10.0,
        10.0,
        10.0,
        10.0,
        10.0,
        10.0,
        10.0,
        10.0,
        10.0,
        6.1,
        10.0,
        10.0,
        10.010000000000002,
        10.0,
        10.0,
        9.99,
        10.059999999999999,
        10.01,
        10.0,
        10.05,
        10.0,
        15.2,
        10.03,
        10.010000000000002,
        10.32,
        10.57,
        14.830000000000002,
        14.66,
        10.07,
        15.32,
        18.58,
        13.040000000000001,
        11.34,
        13.51,
        10.0,
        20.400000000000002,
        15.45,
        13.61,
        18.240000000000002,
        20.22,
        18.82,
        16.73,
        20.73
    ]
}