{
    "config": {
        "E": 1,
        "K": 5,
        "NUMBER_OF_CLIENTS": 100,
        "MAX_TIME": 2500,
        "BATCH_SIZE": 50,
        "VALIDATION_BATCH_SIZE": 500,
        "LR": 0.01,
        "WEIGHT_DECAY": 0.0004,
        "DATA_DISTRIBUTION": "non-iid",
        "LOG_FREQUENCY": 25,
        "AUGMENTATION_PROB": 0.0,
        "ALPHA": 0.001,
        "SAVE_FREQUENCY": 500,
        "NORM_LAYER": "bn"
    },
    "alpha": 0.0,
    "accuracy": [
        10.14,
        10.0,
        10.0,
        10.96,
        12.85,
        10.0,
        10.0,
        10.23,
        11.3,
        12.17,
        9.99,
        10.41,
        10.0,
        12.940000000000001,
        10.31,
        10.0,
        10.71,
        11.18,
        10.0,
        10.43,
        10.440000000000001,
        11.43,
        10.0,
        13.81,
        13.020000000000001,
        12.620000000000001,
        10.0,
        10.02,
        10.7,
        10.0,
        10.03,
        14.74,
        10.71,
        10.0,
        16.74,
        10.07,
        16.39,
        14.59,
        10.14,
        14.400000000000002,
        10.010000000000002,
        10.0,
        10.010000000000002,
        11.56,
        12.2,
        10.33,
        9.85,
        13.969999999999999,
        13.79,
        12.620000000000001,
        10.0,
        14.7,
        10.03,
        13.620000000000001,
        10.99,
        12.38,
        11.610000000000001,
        12.42,
        10.47,
        12.46,
        12.809999999999999,
        12.280000000000001,
        12.790000000000001,
        11.04,
        12.45,
        11.08,
        10.43,
        12.08,
        10.48,
        12.85,
        10.41,
        12.08,
        9.31,
        10.83,
        12.78,
        10.290000000000001,
        10.13,
        10.3,
        10.06,
        11.97,
        10.530000000000001,
        10.16,
        10.24,
        10.040000000000001,
        14.200000000000001,
        10.620000000000001,
        15.98,
        13.639999999999999,
        13.26,
        10.549999999999999,
        10.65,
        10.0,
        14.63,
        11.959999999999999,
        11.34,
        10.11,
        13.07,
        12.01,
        12.770000000000001,
        9.85
    ]
}