{
    "config": {
        "E": 1,
        "K": 5,
        "NUMBER_OF_CLIENTS": 100,
        "MAX_TIME": 2500,
        "BATCH_SIZE": 50,
        "VALIDATION_BATCH_SIZE": 500,
        "LR": 0.01,
        "WEIGHT_DECAY": 0.0004,
        "DATA_DISTRIBUTION": "non-iid",
        "DIRICHELET_ALPHA": "[ 0 . 0 ,   0 . 0 5 ,   0 . 1 ,   0 . 2 ,   0 . 5 ,   1 . 0 ,   1 0 . 0 ,   1 0 0 . 0 ]",
        "AVERAGE_ACCURACY": "[0.2073 0.6445 0.     0.     0.     0.     0.     0.    ]",
        "LOG_FREQUENCY": 25,
        "AUGMENTATION_PROB": 0.0,
        "ALPHA": 0.01,
        "SAVE_FREQUENCY": 500,
        "NORM_LAYER": ""
    },
    "alpha": "0 . 0 5",
    "accuracy": [
        10.870000000000001,
        10.0,
        10.0,
        10.0,
        17.880000000000003,
        20.02,
        18.94,
        16.29,
        10.190000000000001,
        11.129999999999999,
        24.46,
        25.7,
        26.75,
        26.16,
        22.14,
        29.53,
        21.38,
        28.050000000000004,
        32.28,
        26.47,
        24.05,
        30.06,
        37.09,
        38.09,
        39.34,
        33.64,
        25.86,
        31.540000000000003,
        31.36,
        38.08,
        41.89,
        40.43,
        25.89,
        35.980000000000004,
        36.809999999999995,
        41.19,
        36.15,
        38.84,
        35.9,
        41.31,
        47.58,
        41.66,
        39.31,
        43.95,
        46.6,
        49.620000000000005,
        46.72,
        51.129999999999995,
        26.96,
        43.5,
        55.89000000000001,
        49.77,
        44.59,
        45.43,
        52.559999999999995,
        51.470000000000006,
        52.73,
        50.88,
        49.03,
        50.55,
        56.45,
        58.379999999999995,
        56.010000000000005,
        58.53,
        52.31,
        57.699999999999996,
        51.21,
        60.33,
        59.47,
        61.39,
        59.08,
        51.959999999999994,
        58.4,
        58.709999999999994,
        56.3,
        63.28,
        57.940000000000005,
        57.269999999999996,
        59.18,
        59.099999999999994,
        60.75000000000001,
        59.650000000000006,
        56.55,
        60.650000000000006,
        59.809999999999995,
        60.83,
        60.86,
        56.779999999999994,
        63.78,
        60.58,
        55.88999999999999,
        59.0,
        64.45,
        62.449999999999996,
        61.22,
        59.92999999999999,
        59.37,
        57.620000000000005,
        61.08,
        57.92
    ]
}