{
    "config": {
        "E": 1,
        "K": 5,
        "NUMBER_OF_CLIENTS": 100,
        "MAX_TIME": 2500,
        "BATCH_SIZE": 50,
        "VALIDATION_BATCH_SIZE": 500,
        "LR": 0.01,
        "WEIGHT_DECAY": 0.0004,
        "DATA_DISTRIBUTION": "non-iid",
        "LOG_FREQUENCY": 25,
        "AUGMENTATION_PROB": 0.0,
        "ALPHA": 0.001,
        "SAVE_FREQUENCY": 500,
        "NORM_LAYER": ""
    },
    "alpha": 10.0,
    "accuracy": [
        12.340000000000002,
        24.69,
        34.23,
        37.57,
        38.68,
        46.81,
        48.89,
        54.410000000000004,
        51.18000000000001,
        59.34,
        62.22,
        63.629999999999995,
        65.24,
        65.13,
        65.8,
        66.41,
        65.8,
        68.57,
        67.91,
        67.75999999999999,
        69.17,
        68.45,
        68.14,
        68.89,
        68.67,
        68.56,
        70.02000000000001,
        69.75,
        69.66,
        70.14,
        69.92,
        69.5,
        69.94,
        69.28999999999999,
        70.21,
        70.23,
        69.67,
        70.09,
        70.11,
        70.47,
        70.57,
        70.39,
        70.49,
        70.28,
        70.69,
        70.66,
        70.73,
        70.63000000000001,
        70.78,
        70.30999999999999,
        70.26,
        70.33,
        70.25,
        70.34,
        70.27,
        70.64,
        70.54,
        70.59,
        70.37,
        70.76,
        70.8,
        70.19999999999999,
        70.25,
        70.47,
        70.52000000000001,
        70.5,
        70.39999999999999,
        70.61,
        71.05,
        70.53,
        70.41,
        70.45,
        70.41,
        70.32000000000001,
        70.86,
        70.56,
        70.8,
        70.39999999999999,
        70.72,
        70.81,
        70.86,
        70.55,
        70.92,
        70.89,
        70.63000000000001,
        70.73,
        70.3,
        70.67999999999999,
        70.61,
        70.33,
        70.24000000000001,
        69.78,
        70.12,
        69.71000000000001,
        69.69,
        69.97,
        69.99,
        70.06,
        69.72,
        70.12
    ]
}