{
    "config": {
        "E": 1,
        "K": 5,
        "NUMBER_OF_CLIENTS": 100,
        "MAX_TIME": 2500,
        "BATCH_SIZE": 50,
        "VALIDATION_BATCH_SIZE": 500,
        "LR": 0.01,
        "WEIGHT_DECAY": 0.0004,
        "DATA_DISTRIBUTION": "non-iid",
        "DIRICHELET_ALPHA": "[ 0 . 5 ,   1 . 0 ,   1 0 . 0 ,   1 0 0 . 0 ]",
        "AVERAGE_ACCURACY": "[0.6934 0.     0.     0.    ]",
        "LOG_FREQUENCY": 25,
        "AUGMENTATION_PROB": 0.0,
        "ALPHA": 0.001,
        "SAVE_FREQUENCY": 500,
        "NORM_LAYER": ""
    },
    "alpha": "0 . 5",
    "accuracy": [
        13.120000000000001,
        14.6,
        25.319999999999997,
        25.119999999999997,
        28.410000000000004,
        36.449999999999996,
        33.09,
        36.93,
        37.78,
        40.72,
        29.060000000000002,
        44.07,
        52.09,
        48.120000000000005,
        40.28,
        46.800000000000004,
        43.980000000000004,
        44.13,
        53.559999999999995,
        55.17999999999999,
        48.28,
        55.86,
        51.260000000000005,
        54.94,
        58.52,
        61.8,
        57.940000000000005,
        58.84,
        61.870000000000005,
        62.96000000000001,
        58.720000000000006,
        59.51,
        58.940000000000005,
        56.879999999999995,
        61.88,
        60.99,
        61.71,
        62.260000000000005,
        56.18,
        63.7,
        61.67,
        62.970000000000006,
        65.14999999999999,
        63.59,
        66.22,
        64.42999999999999,
        65.19,
        65.63,
        66.45,
        64.27000000000001,
        64.8,
        65.91,
        63.04,
        66.5,
        66.56,
        62.77,
        65.84,
        63.92,
        67.33,
        66.61,
        65.42999999999999,
        61.45,
        67.21000000000001,
        66.42,
        66.99,
        64.83,
        68.22,
        67.49,
        67.36,
        67.14,
        68.58,
        68.76,
        67.72,
        68.26,
        69.34,
        68.34,
        68.12,
        68.71000000000001,
        67.86999999999999,
        67.80000000000001,
        69.30999999999999,
        69.08,
        67.55,
        68.34,
        68.58,
        65.75,
        68.58,
        68.99,
        65.21000000000001,
        68.43,
        68.73,
        68.95,
        68.23,
        66.06,
        68.46,
        67.97999999999999,
        66.22,
        67.47999999999999,
        66.46,
        67.28
    ]
}