{
    "config": {
        "E": 5,
        "K": 5,
        "NUMBER_OF_CLIENTS": 100,
        "MAX_TIME": 1500,
        "BATCH_SIZE": 50,
        "VALIDATION_BATCH_SIZE": 500,
        "LR": 0.01,
        "WEIGHT_DECAY": 0.0004,
        "DATA_DISTRIBUTION": "iid",
        "DIRICHELET_ALPHA": "[ ' i i d ' ]",
        "AVERAGE_ACCURACY": "[0.7485]",
        "LOG_FREQUENCY": 25,
        "AUGMENTATION_PROB": 0.0,
        "ALPHA": 0.001,
        "SAVE_FREQUENCY": 500,
        "NORM_LAYER": "gn"
    },
    "alpha": "i i d",
    "accuracy": {
        "iid": [
            24.28,
            60.25,
            68.05,
            69.94,
            71.02,
            71.67,
            71.67999999999999,
            72.18,
            72.08,
            71.47,
            72.06,
            72.0,
            71.83,
            72.0,
            71.84,
            71.67999999999999,
            71.8,
            71.92,
            71.78,
            71.91,
            71.83,
            71.8,
            72.17,
            72.22999999999999,
            72.22999999999999,
            72.6,
            72.75,
            73.1,
            72.8,
            73.09,
            73.33999999999999,
            73.96000000000001,
            73.61999999999999,
            74.00999999999999,
            74.37,
            74.61,
            74.83,
            74.55000000000001,
            74.85000000000001,
            74.61,
            74.33999999999999,
            73.92,
            73.46000000000001,
            73.39,
            73.47,
            73.29,
            73.55000000000001,
            73.41,
            73.61,
            73.72,
            73.22,
            73.29,
            73.48,
            73.83,
            74.18,
            73.72,
            73.69,
            73.78,
            74.02,
            74.15
        ]
    }
}