{
    "config": {
        "E": 5,
        "K": 5,
        "NUMBER_OF_CLIENTS": 100,
        "MAX_TIME": 1500,
        "BATCH_SIZE": 50,
        "VALIDATION_BATCH_SIZE": 500,
        "LR": 0.01,
        "WEIGHT_DECAY": 0.0004,
        "DATA_DISTRIBUTION": "non-iid",
        "DIRICHELET_ALPHA": "[ 0 . 0 ,   0 . 1 ,   0 . 5 ,   1 0 . 0 ]",
        "AVERAGE_ACCURACY": "[0.1561 0.     0.     0.    ]",
        "LOG_FREQUENCY": 25,
        "AUGMENTATION_PROB": 0.0,
        "ALPHA": 0.001,
        "SAVE_FREQUENCY": 500,
        "NORM_LAYER": "bn"
    },
    "alpha": "0 . 0",
    "accuracy": {
        "0.0": [
            10.0,
            10.0,
            10.0,
            10.0,
            10.0,
            10.0,
            10.0,
            10.0,
            10.010000000000002,
            10.0,
            10.0,
            10.0,
            14.82,
            10.0,
            10.0,
            10.05,
            10.0,
            12.190000000000001,
            10.0,
            10.0,
            10.0,
            10.0,
            10.0,
            11.360000000000001,
            10.0,
            10.0,
            10.0,
            10.0,
            10.0,
            10.0,
            10.0,
            13.66,
            10.0,
            10.0,
            14.719999999999999,
            10.0,
            14.44,
            14.95,
            10.0,
            13.450000000000001,
            10.0,
            10.0,
            10.0,
            14.02,
            11.28,
            10.0,
            10.0,
            10.24,
            15.61,
            10.200000000000001,
            10.0,
            15.32,
            10.09,
            12.65,
            15.079999999999998,
            10.0,
            11.59,
            10.0,
            10.12,
            10.0
        ]
    }
}