{
    "config": {
        "E": 5,
        "K": 5,
        "NUMBER_OF_CLIENTS": 100,
        "MAX_TIME": 1500,
        "BATCH_SIZE": 50,
        "VALIDATION_BATCH_SIZE": 500,
        "LR": 0.01,
        "WEIGHT_DECAY": 0.0004,
        "DATA_DISTRIBUTION": "iid",
        "DIRICHELET_ALPHA": "[ ' i i d ' ]",
        "AVERAGE_ACCURACY": "[0.6939 0.     0.     0.    ]",
        "LOG_FREQUENCY": 25,
        "AUGMENTATION_PROB": 0.0,
        "ALPHA": 0.001,
        "SAVE_FREQUENCY": 500,
        "NORM_LAYER": ""
    },
    "alpha": "i i d",
    "accuracy": [
            12.17,
            45.43,
            56.43,
            60.480000000000004,
            61.27,
            61.34,
            62.260000000000005,
            62.32,
            62.529999999999994,
            62.88,
            63.56,
            63.79,
            63.33,
            64.01,
            63.980000000000004,
            64.03999999999999,
            64.2,
            64.02,
            64.57000000000001,
            64.29,
            64.42,
            64.4,
            64.61,
            64.52,
            64.86,
            64.92999999999999,
            64.61,
            64.9,
            65.38000000000001,
            65.69,
            65.89,
            65.95,
            66.41,
            66.9,
            67.25,
            67.58999999999999,
            67.66,
            67.27,
            67.27,
            67.16,
            67.10000000000001,
            67.11,
            66.97999999999999,
            66.78,
            66.81,
            66.56,
            66.84,
            67.11,
            67.35,
            67.85,
            67.59,
            68.17,
            68.38,
            68.81,
            68.5,
            69.06,
            68.83,
            69.39,
            69.36,
            69.05
        ]
}