{
    "config": {
        "E": 5,
        "K": 5,
        "NUMBER_OF_CLIENTS": 100,
        "MAX_TIME": 1500,
        "BATCH_SIZE": 50,
        "VALIDATION_BATCH_SIZE": 500,
        "LR": 0.01,
        "WEIGHT_DECAY": 0.0004,
        "DATA_DISTRIBUTION": "non-iid",
        "LOG_FREQUENCY": 25,
        "AUGMENTATION_PROB": 0.0,
        "ALPHA": 0.001,
        "SAVE_FREQUENCY": 500,
        "NORM_LAYER": "gn"
    },
    "alpha": 0.5,
    "accuracy": [
        10.0,
        22.73,
        45.95,
        49.36,
        53.690000000000005,
        51.33,
        55.13,
        58.53,
        61.94,
        56.11000000000001,
        61.58,
        61.3,
        61.980000000000004,
        63.91,
        60.51,
        63.63999999999999,
        61.72,
        64.86999999999999,
        57.02,
        61.3,
        62.629999999999995,
        63.4,
        61.89,
        63.81,
        61.1,
        64.52,
        64.92,
        62.18,
        63.49,
        62.44,
        63.629999999999995,
        65.06,
        67.06,
        62.27,
        65.53999999999999,
        66.21000000000001,
        63.17,
        61.13999999999999,
        63.839999999999996,
        66.32000000000001,
        61.88,
        57.269999999999996,
        57.199999999999996,
        51.55,
        58.77,
        62.83,
        64.16,
        63.55,
        61.78,
        66.51,
        63.17,
        61.199999999999996,
        65.23,
        66.06,
        61.760000000000005,
        63.72,
        63.870000000000005,
        64.83,
        66.22,
        67.58
	]
}
