{
    "config": {
        "E": 5,
        "K": 5,
        "NUMBER_OF_CLIENTS": 100,
        "MAX_TIME": 1500,
        "BATCH_SIZE": 50,
        "VALIDATION_BATCH_SIZE": 500,
        "LR": 0.01,
        "WEIGHT_DECAY": 0.0004,
        "DATA_DISTRIBUTION": "non-iid",
        "LR_DECAY": 0.99,
        "LOG_FREQUENCY": 25,
        "AUGMENTATION_PROB": 0.0,
        "ALPHA": 0.01,
        "SAVE_FREQUENCY": 500,
        "NORM_LAYER": ""
    },
    "alpha": 0.5,
    "accuracy": [
        10.0,
        16.79,
        36.85,
        39.94,
        43.85,
        45.01,
        48.0,
        51.72,
        54.7,
        49.55,
        54.169999999999995,
        55.22,
        56.10000000000001,
        56.169999999999995,
        55.44,
        58.209999999999994,
        57.269999999999996,
        59.45,
        54.92,
        57.49999999999999,
        60.980000000000004,
        60.089999999999996,
        59.519999999999996,
        60.85,
        59.29,
        60.940000000000005,
        62.92,
        60.78,
        61.8,
        60.19,
        62.1,
        62.59,
        64.91,
        60.309999999999995,
        62.83,
        63.28,
        62.33,
        59.58,
        61.419999999999995,
        63.5,
        59.540000000000006,
        59.830000000000005,
        56.47,
        53.15,
        57.9,
        60.870000000000005,
        61.6,
        60.760000000000005,
        60.24,
        63.77,
        60.61,
        60.38,
        62.260000000000005,
        62.53999999999999,
        59.61,
        61.550000000000004,
        62.59,
        62.580000000000005,
        63.77,
        64.74
    ]
}