{
    "config": {
        "E": 1,
        "K": 5,
        "NUMBER_OF_CLIENTS": 100,
        "MAX_TIME": 2500,
        "BATCH_SIZE": 50,
        "VALIDATION_BATCH_SIZE": 500,
        "LR": 0.01,
        "WEIGHT_DECAY": 0.0004,
        "DATA_DISTRIBUTION": "iid",
        "LOG_FREQUENCY": 25,
        "AUGMENTATION_PROB": 0.0,
        "ALPHA": 0.001,
        "SAVE_FREQUENCY": 500,
        "NORM_LAYER": ""
    },
    "alpha": 0.0,
    "accuracy": [
        8.89,
        28.21,
        36.75,
        44.019999999999996,
        48.66,
        52.2,
        54.94,
        57.56,
        60.0,
        62.33,
        63.99,
        65.18,
        66.60000000000001,
        67.53,
        68.5,
        69.14,
        69.45,
        69.51,
        69.69999999999999,
        70.05,
        70.15,
        70.55,
        70.6,
        69.97,
        70.17999999999999,
        70.14,
        69.97,
        69.80999999999999,
        69.76,
        69.89999999999999,
        69.83,
        69.87,
        70.02000000000001,
        70.19999999999999,
        69.97,
        69.94,
        69.96,
        69.80999999999999,
        69.67,
        69.91,
        70.17,
        70.37,
        69.99,
        70.02000000000001,
        70.11,
        70.07,
        70.25,
        70.28,
        70.34,
        69.89999999999999,
        70.16,
        70.26,
        70.34,
        70.67999999999999,
        70.89999999999999,
        70.8,
        70.7,
        70.78,
        70.35,
        70.65,
        70.87,
        70.43,
        70.52000000000001,
        70.49,
        70.67,
        70.81,
        70.94,
        70.78,
        70.61,
        70.72,
        70.41,
        70.56,
        70.53,
        70.7,
        70.41999999999999,
        70.57,
        70.46,
        70.37,
        70.30999999999999,
        70.37,
        70.3,
        70.46,
        70.56,
        70.6,
        70.33,
        70.42,
        70.28,
        70.61999999999999,
        70.63000000000001,
        70.71,
        70.85000000000001,
        70.16,
        70.11,
        70.21,
        69.86,
        70.05,
        69.78999999999999,
        69.89999999999999,
        70.04,
        70.38
    ]
}