{
    "config": {
        "E": 5,
        "K": 5,
        "NUMBER_OF_CLIENTS": 100,
        "MAX_TIME": 1500,
        "BATCH_SIZE": 50,
        "VALIDATION_BATCH_SIZE": 500,
        "LR": 0.01,
        "WEIGHT_DECAY": 0.0004,
        "DATA_DISTRIBUTION": "non-iid",
        "LOG_FREQUENCY": 25,
        "AUGMENTATION_PROB": 0.0,
        "ALPHA": 0.001,
        "SAVE_FREQUENCY": 500,
        "NORM_LAYER": "gn"
    },
    "alpha": 0.1,
    "accuracy": [
    	10.27,
		16.009999999999998,
		26.75,
		36.07,
		36.67,
		43.43,
		47.77,
		38.65,
		36.93,
		46.28,
		50.470000000000006,
		38.15,
		49.09,
		51.2,
		42.809999999999995,
		52.86,
		50.91,
		52.449999999999996,
		56.66,
		42.51,
		48.93,
		56.220000000000006,
		43.169999999999995,
		52.92,
		55.730000000000004,
		48.07,
		50.660000000000004,
		50.839999999999996,
		50.3,
		47.88,
		53.88,
		50.42,
		58.29,
		44.7,
		50.739999999999995,
		49.68,
		53.76,
		48.36,
		49.34,
		45.550000000000004,
		53.64,
		52.71,
		50.99,
		52.78,
		51.0,
		57.269999999999996,
		49.28,
		47.92,
		46.5,
		53.68000000000001,
		52.75,
		45.300000000000004,
		43.7,
		52.910000000000004,
		46.44,
		50.4,
		52.580000000000005,
		52.72,
		60.39,
		53.669999999999995
	]
}
