{
    "config": {
        "E": 1,
        "K": 5,
        "NUMBER_OF_CLIENTS": 100,
        "MAX_TIME": 2500,
        "BATCH_SIZE": 50,
        "VALIDATION_BATCH_SIZE": 500,
        "LR": 0.01,
        "WEIGHT_DECAY": 0.0004,
        "DATA_DISTRIBUTION": "non-iid",
        "LOG_FREQUENCY": 25,
        "AUGMENTATION_PROB": 0.0,
        "ALPHA": 0.001,
        "SAVE_FREQUENCY": 500,
        "NORM_LAYER": ""
    },
    "alpha": 100.0,
    "accuracy": [
        13.79,
        22.8,
        35.53,
        41.699999999999996,
        47.57,
        51.0,
        54.0,
        56.28999999999999,
        58.830000000000005,
        61.760000000000005,
        62.83,
        64.41,
        66.23,
        66.86,
        67.63,
        68.08999999999999,
        68.82000000000001,
        68.39,
        68.78999999999999,
        68.8,
        68.78,
        68.88,
        68.51,
        69.1,
        69.02000000000001,
        69.37,
        69.15,
        68.84,
        68.78999999999999,
        68.49,
        68.89,
        68.83,
        68.87,
        68.76,
        68.86,
        68.78999999999999,
        68.71000000000001,
        68.73,
        69.01,
        68.89,
        69.15,
        69.15,
        68.94,
        69.07,
        69.05,
        69.38,
        69.41,
        69.71,
        69.83,
        69.95,
        69.89999999999999,
        69.84,
        69.95,
        69.72,
        69.86,
        70.03,
        69.97,
        69.96,
        70.1,
        70.02000000000001,
        69.97,
        69.65,
        70.05,
        69.62,
        69.67999999999999,
        69.39,
        69.5,
        69.57,
        69.34,
        69.46,
        69.64,
        69.61,
        69.57,
        69.56,
        69.51,
        69.56,
        69.63000000000001,
        69.83,
        69.45,
        69.23,
        69.31,
        69.58,
        69.63000000000001,
        69.37,
        69.43,
        69.32000000000001,
        69.62,
        69.19,
        69.36,
        69.39,
        69.46,
        69.28999999999999,
        69.31,
        69.32000000000001,
        69.36,
        69.42,
        68.95,
        69.55,
        69.07,
        68.91000000000001
    ]
}