{
    "config": {
        "E": 5,
        "K": 5,
        "NUMBER_OF_CLIENTS": 100,
        "MAX_TIME": 1500,
        "BATCH_SIZE": 50,
        "VALIDATION_BATCH_SIZE": 500,
        "LR": 0.01,
        "WEIGHT_DECAY": 0.0004,
        "DATA_DISTRIBUTION": "non-iid",
        "DIRICHELET_ALPHA": "[ 0 . 1 ,   0 . 5 ,   1 0 . 0 ]",
        "AVERAGE_ACCURACY": "[0.5696 0.     0.    ]",
        "LOG_FREQUENCY": 25,
        "AUGMENTATION_PROB": 0.0,
        "ALPHA": 0.001,
        "SAVE_FREQUENCY": 500,
        "NORM_LAYER": ""
    },
    "alpha": "0 . 1",
    "accuracy": {
        "0.1": [
            10.0,
            13.48,
            23.369999999999997,
            21.14,
            28.43,
            21.98,
            34.43,
            32.32,
            32.23,
            34.02,
            41.38,
            40.660000000000004,
            41.32,
            36.16,
            45.98,
            42.13,
            40.71,
            45.61,
            43.33,
            42.34,
            47.79,
            42.07,
            44.21,
            42.1,
            50.21,
            44.85,
            49.71,
            44.83,
            41.99,
            49.63,
            49.54,
            52.44,
            48.1,
            41.76,
            50.82,
            55.81,
            54.32,
            46.43,
            47.31,
            50.529999999999994,
            47.17,
            54.559999999999995,
            50.56,
            51.51,
            52.83,
            53.300000000000004,
            44.01,
            49.55,
            52.129999999999995,
            53.59,
            48.14,
            54.85,
            49.81,
            56.96,
            46.18,
            30.12,
            49.85,
            54.44,
            55.53,
            54.66
        ]
    }
}