{
    "config": {
        "E": 1,
        "K": 5,
        "NUMBER_OF_CLIENTS": 100,
        "MAX_TIME": 2500,
        "BATCH_SIZE": 50,
        "VALIDATION_BATCH_SIZE": 500,
        "LR": 0.01,
        "WEIGHT_DECAY": 0.0004,
        "DATA_DISTRIBUTION": "non-iid",
        "LOG_FREQUENCY": 25,
        "AUGMENTATION_PROB": 0.0,
        "ALPHA": 0.1,
        "SAVE_FREQUENCY": 500,
        "NORM_LAYER": ""
    },
    "alpha": 0.1,
    "accuracy": [
        10.02,
        10.0,
        13.07,
        10.0,
        18.35,
        22.67,
        16.71,
        19.770000000000003,
        22.12,
        27.290000000000003,
        23.36,
        22.06,
        14.730000000000002,
        25.069999999999997,
        28.17,
        20.919999999999998,
        26.150000000000002,
        30.709999999999997,
        36.68,
        32.65,
        41.660000000000004,
        25.35,
        38.36,
        38.190000000000005,
        39.42,
        37.1,
        40.03,
        45.16,
        37.88,
        44.35,
        44.15,
        41.120000000000005,
        28.79,
        42.57,
        39.98,
        50.05,
        43.13,
        52.449999999999996,
        45.74,
        41.07,
        44.79,
        51.53,
        46.37,
        46.53,
        53.980000000000004,
        47.55,
        50.5,
        48.260000000000005,
        50.45,
        50.050000000000004,
        55.879999999999995,
        53.010000000000005,
        56.00000000000001,
        48.52,
        57.440000000000005,
        49.52,
        58.93000000000001,
        59.34,
        57.11000000000001,
        59.14,
        59.17,
        54.58,
        53.910000000000004,
        58.07,
        50.09,
        61.22,
        60.51,
        58.5,
        58.56,
        61.01,
        58.98,
        62.12,
        60.309999999999995,
        55.94,
        63.339999999999996,
        56.56,
        63.080000000000005,
        59.830000000000005,
        63.080000000000005,
        63.55,
        60.67,
        60.45,
        62.93,
        64.7,
        60.77,
        63.339999999999996,
        56.620000000000005,
        64.11,
        65.75999999999999,
        60.07,
        62.69,
        64.2,
        64.59,
        65.0,
        60.86,
        67.25999999999999,
        64.87,
        62.17,
        64.23,
        63.800000000000004
    ]
}