{
    "config": {
        "E": 1,
        "K": 5,
        "NUMBER_OF_CLIENTS": 100,
        "MAX_TIME": 2500,
        "BATCH_SIZE": 50,
        "VALIDATION_BATCH_SIZE": 500,
        "LR": 0.01,
        "WEIGHT_DECAY": 0.0004,
        "DATA_DISTRIBUTION": "non-iid",
        "DIRICHELET_ALPHA": "[ 0 . 0 ,   0 . 1 ,   0 . 5 ,   1 0 . 0 ,   0 . 5 ,   1 . 0 ,   1 0 . 0 ,   1 0 0 . 0 ]",
        "AVERAGE_ACCURACY": "[0.2026 0.6726 0.6985 0.7178 0.6917 0.     0.     0.    ]",
        "LOG_FREQUENCY": 25,
        "AUGMENTATION_PROB": 0.0,
        "ALPHA": 0.1,
        "SAVE_FREQUENCY": 500,
        "NORM_LAYER": ""
    },
    "alpha": "0 . 5",
    "accuracy": [
        10.040000000000001,
        14.46,
        28.62,
        29.080000000000002,
        30.259999999999998,
        28.29,
        33.36,
        33.650000000000006,
        35.64,
        35.949999999999996,
        45.7,
        49.68,
        41.03,
        46.44,
        47.43,
        53.839999999999996,
        46.86,
        53.54,
        51.99,
        56.49999999999999,
        57.34,
        55.21,
        51.260000000000005,
        57.720000000000006,
        61.199999999999996,
        57.04,
        59.519999999999996,
        58.67,
        57.92,
        59.309999999999995,
        57.79,
        60.78,
        61.5,
        60.22,
        63.13999999999999,
        61.019999999999996,
        61.4,
        63.94,
        65.05,
        64.08,
        62.580000000000005,
        65.79,
        62.07,
        64.75,
        65.42999999999999,
        65.25999999999999,
        62.72,
        63.14999999999999,
        62.41,
        65.33,
        66.51,
        65.75,
        65.59,
        66.33,
        66.78,
        66.13,
        67.0,
        67.86,
        67.58,
        68.36,
        68.76,
        68.69999999999999,
        67.96,
        68.69999999999999,
        68.55,
        67.08,
        68.47999999999999,
        68.54,
        68.27,
        67.92,
        69.3,
        69.27,
        68.69,
        68.72,
        68.78999999999999,
        69.67999999999999,
        67.93,
        69.31,
        69.82000000000001,
        69.39999999999999,
        69.69999999999999,
        69.12,
        69.57,
        69.49,
        69.04,
        69.65,
        69.67999999999999,
        69.71,
        69.36,
        68.97,
        68.38,
        69.85,
        69.15,
        68.67999999999999,
        69.24,
        69.64,
        68.8,
        68.92,
        67.61,
        68.71000000000001,
        10.02,
        12.65,
        20.23,
        27.99,
        23.48,
        33.37,
        30.7,
        37.169999999999995,
        37.4,
        35.07,
        33.89,
        44.91,
        48.03,
        45.23,
        51.15,
        45.76,
        50.349999999999994,
        48.44,
        48.17,
        46.989999999999995,
        57.589999999999996,
        49.95,
        55.31,
        57.43000000000001,
        59.29,
        59.34,
        55.25,
        60.6,
        59.98,
        59.41,
        53.459999999999994,
        59.550000000000004,
        63.68000000000001,
        62.660000000000004,
        62.81,
        63.370000000000005,
        61.9,
        60.97,
        63.13999999999999,
        64.60000000000001,
        63.73,
        64.96,
        63.1,
        63.27,
        64.35,
        64.79,
        64.68,
        65.41,
        67.14,
        65.91,
        66.41,
        66.17,
        66.28,
        65.62,
        65.52,
        66.7,
        66.16,
        67.16,
        66.45,
        67.10000000000001,
        68.04,
        66.33,
        67.09,
        68.35,
        68.72,
        66.49000000000001,
        67.06,
        68.17999999999999,
        66.4,
        68.10000000000001,
        67.66,
        67.77,
        68.10000000000001,
        67.56,
        68.53,
        68.58999999999999,
        65.11,
        68.74,
        68.61,
        68.67999999999999,
        68.36,
        67.97,
        68.66,
        68.6,
        68.58999999999999,
        65.60000000000001,
        67.28,
        67.81,
        67.95,
        67.47999999999999,
        69.13,
        67.89,
        69.01,
        68.63,
        68.89,
        68.43,
        68.89,
        69.17,
        68.58,
        68.34
    ]
}