{
    "config": {
        "E": 1,
        "K": 5,
        "NUMBER_OF_CLIENTS": 100,
        "MAX_TIME": 2500,
        "BATCH_SIZE": 50,
        "VALIDATION_BATCH_SIZE": 500,
        "LR": 0.01,
        "WEIGHT_DECAY": 0.0004,
        "DATA_DISTRIBUTION": "non-iid",
        "DIRICHELET_ALPHA": "[ 0 . 0 5 ,   0 . 2 ,   1 . 0 ,   1 0 0 . 0 ]",
        "AVERAGE_ACCURACY": "[0.6545 0.6756 0.7103 0.    ]",
        "LOG_FREQUENCY": 25,
        "AUGMENTATION_PROB": 0.0,
        "ALPHA": 0.1,
        "SAVE_FREQUENCY": 500,
        "NORM_LAYER": ""
    },
    "alpha": "1 . 0",
    "accuracy": [
        10.0,
        18.41,
        25.290000000000003,
        21.82,
        33.15,
        36.5,
        40.589999999999996,
        40.14,
        45.050000000000004,
        45.89,
        48.5,
        49.919999999999995,
        54.7,
        53.52,
        53.97,
        53.300000000000004,
        52.32,
        53.300000000000004,
        59.0,
        57.28,
        59.37,
        59.5,
        62.92,
        60.01,
        62.96000000000001,
        59.760000000000005,
        64.52,
        64.16,
        64.07000000000001,
        63.44,
        62.56,
        65.9,
        63.78,
        65.19,
        66.01,
        65.14999999999999,
        65.86,
        65.14999999999999,
        67.01,
        66.32000000000001,
        66.25,
        66.38,
        66.95,
        64.69,
        66.66,
        67.22,
        66.46,
        67.67999999999999,
        67.62,
        66.82000000000001,
        67.21000000000001,
        67.30000000000001,
        68.15,
        67.52,
        68.28999999999999,
        68.44,
        68.58999999999999,
        68.82000000000001,
        69.19,
        69.35,
        67.46,
        69.36,
        68.58,
        69.13,
        69.41,
        68.95,
        69.44,
        69.16,
        68.91000000000001,
        69.19,
        70.06,
        69.78,
        69.91,
        70.19,
        70.28,
        70.28,
        69.69,
        70.37,
        70.12,
        70.74000000000001,
        70.44,
        70.12,
        70.55,
        70.43,
        70.36,
        70.85000000000001,
        70.27,
        70.95,
        70.6,
        70.83,
        71.03,
        70.65,
        70.71,
        70.12,
        70.84,
        70.8,
        70.3,
        70.21,
        70.02,
        69.48
    ]
}