{
    "config": {
        "E": 1,
        "K": 5,
        "NUMBER_OF_CLIENTS": 100,
        "MAX_TIME": 2500,
        "BATCH_SIZE": 50,
        "VALIDATION_BATCH_SIZE": 500,
        "LR": 0.01,
        "WEIGHT_DECAY": 0.0004,
        "DATA_DISTRIBUTION": "non-iid",
        "DIRICHELET_ALPHA": "[ 0 . 0 ,   0 . 0 5 ,   0 . 1 ,   0 . 2 ,   0 . 5 ,   1 . 0 ,   1 0 . 0 ,   1 0 0 . 0 ]",
        "AVERAGE_ACCURACY": "[0.2073 0.6445 0.6774 0.683  0.6941 0.     0.     0.    ]",
        "LOG_FREQUENCY": 25,
        "AUGMENTATION_PROB": 0.0,
        "ALPHA": 0.01,
        "SAVE_FREQUENCY": 500,
        "NORM_LAYER": ""
    },
    "alpha": "0 . 5",
    "accuracy": [
        9.98,
        10.010000000000002,
        19.950000000000003,
        27.67,
        23.119999999999997,
        33.62,
        31.669999999999998,
        36.66,
        41.58,
        35.3,
        35.120000000000005,
        44.5,
        45.24,
        43.919999999999995,
        50.029999999999994,
        45.22,
        51.980000000000004,
        47.36,
        46.86,
        42.97,
        57.410000000000004,
        45.31,
        53.97,
        54.989999999999995,
        58.29,
        57.19,
        56.11000000000001,
        59.870000000000005,
        58.050000000000004,
        59.91,
        53.42,
        57.47,
        63.029999999999994,
        61.83,
        61.17,
        63.339999999999996,
        60.69,
        58.98,
        62.09,
        63.85999999999999,
        63.370000000000005,
        64.31,
        62.21,
        61.68,
        63.31,
        64.96,
        64.46,
        64.44,
        65.68,
        65.48,
        64.86,
        65.97,
        66.16,
        65.83,
        64.48,
        65.59,
        66.09,
        67.64,
        66.82000000000001,
        66.94,
        67.96,
        65.51,
        67.7,
        68.49,
        68.75,
        66.7,
        66.66,
        67.81,
        67.41,
        68.92,
        68.47,
        67.67,
        68.08,
        67.71000000000001,
        68.65,
        68.8,
        63.22,
        68.14,
        69.41,
        68.51,
        68.04,
        68.46,
        68.17999999999999,
        68.51,
        67.93,
        63.690000000000005,
        67.25,
        67.91,
        66.93,
        66.67,
        68.69,
        67.33,
        69.22,
        68.55,
        68.47,
        67.86,
        67.25,
        68.42,
        67.11,
        67.47999999999999
    ]
}