{
    "config": {
        "E": 5,
        "K": 5,
        "NUMBER_OF_CLIENTS": 100,
        "MAX_TIME": 1500,
        "BATCH_SIZE": 50,
        "VALIDATION_BATCH_SIZE": 500,
        "LR": 0.01,
        "WEIGHT_DECAY": 0.0004,
        "DATA_DISTRIBUTION": "non-iid",
        "DIRICHELET_ALPHA": "[ 0 . 0 ,   0 . 1 ,   0 . 5 ,   1 0 . 0 ]",
        "AVERAGE_ACCURACY": "[0.2529 0.6039 0.6758 0.    ]",
        "LOG_FREQUENCY": 25,
        "AUGMENTATION_PROB": 0.0,
        "ALPHA": 0.001,
        "SAVE_FREQUENCY": 500,
        "NORM_LAYER": "gn"
    },
    "alpha": "0 . 5",
    "accuracy": {
        "0.0": [
            10.0,
            10.0,
            10.0,
            11.31,
            13.450000000000001,
            10.0,
            10.0,
            10.03,
            12.430000000000001,
            15.18,
            12.120000000000001,
            19.09,
            10.24,
            16.76,
            15.78,
            16.81,
            10.95,
            10.89,
            10.0,
            10.0,
            10.0,
            10.0,
            10.0,
            10.0,
            10.27,
            10.0,
            10.0,
            10.0,
            10.0,
            10.0,
            10.0,
            14.19,
            10.0,
            10.0,
            13.520000000000001,
            10.0,
            14.87,
            16.770000000000003,
            11.26,
            19.31,
            10.0,
            10.0,
            12.07,
            19.16,
            16.81,
            13.86,
            14.17,
            13.61,
            25.290000000000003,
            13.200000000000001,
            10.32,
            23.150000000000002,
            12.11,
            18.45,
            16.73,
            16.770000000000003,
            18.43,
            19.8,
            18.65,
            19.45
        ],
        "0.1": [
            10.27,
            16.009999999999998,
            26.75,
            36.07,
            36.67,
            43.43,
            47.77,
            38.65,
            36.93,
            46.28,
            50.470000000000006,
            38.15,
            49.09,
            51.2,
            42.809999999999995,
            52.86,
            50.91,
            52.449999999999996,
            56.66,
            42.51,
            48.93,
            56.220000000000006,
            43.169999999999995,
            52.92,
            55.730000000000004,
            48.07,
            50.660000000000004,
            50.839999999999996,
            50.3,
            47.88,
            53.88,
            50.42,
            58.29,
            44.7,
            50.739999999999995,
            49.68,
            53.76,
            48.36,
            49.34,
            45.550000000000004,
            53.64,
            52.71,
            50.99,
            52.78,
            51.0,
            57.269999999999996,
            49.28,
            47.92,
            46.5,
            53.68000000000001,
            52.75,
            45.300000000000004,
            43.7,
            52.910000000000004,
            46.44,
            50.4,
            52.580000000000005,
            52.72,
            60.39,
            53.669999999999995
        ],
        "0.5": [
            10.0,
            22.73,
            45.95,
            49.36,
            53.690000000000005,
            51.33,
            55.13,
            58.53,
            61.94,
            56.11000000000001,
            61.58,
            61.3,
            61.980000000000004,
            63.91,
            60.51,
            63.63999999999999,
            61.72,
            64.86999999999999,
            57.02,
            61.3,
            62.629999999999995,
            63.4,
            61.89,
            63.81,
            61.1,
            64.52,
            64.92,
            62.18,
            63.49,
            62.44,
            63.629999999999995,
            65.06,
            67.06,
            62.27,
            65.53999999999999,
            66.21000000000001,
            63.17,
            61.13999999999999,
            63.839999999999996,
            66.32000000000001,
            61.88,
            57.269999999999996,
            57.199999999999996,
            51.55,
            58.77,
            62.83,
            64.16,
            63.55,
            61.78,
            66.51,
            63.17,
            61.199999999999996,
            65.23,
            66.06,
            61.760000000000005,
            63.72,
            63.870000000000005,
            64.83,
            66.22,
            67.58
        ]
    }
}