{
    "config": {
        "E": 5,
        "K": 5,
        "NUMBER_OF_CLIENTS": 100,
        "MAX_TIME": 1500,
        "BATCH_SIZE": 50,
        "VALIDATION_BATCH_SIZE": 500,
        "LR": 0.01,
        "WEIGHT_DECAY": 0.0004,
        "DATA_DISTRIBUTION": "non-iid",
        "LR_DECAY": 0.99,
        "LOG_FREQUENCY": 25,
        "AUGMENTATION_PROB": 0.0,
        "ALPHA": 0.01,
        "SAVE_FREQUENCY": 500,
        "NORM_LAYER": ""
    },
    "alpha": 10.0,
    "accuracy": [
        10.0,
        43.19,
        50.690000000000005,
        56.42,
        55.98,
        59.4,
        60.36,
        61.39,
        62.629999999999995,
        63.129999999999995,
        63.6,
        63.260000000000005,
        64.01,
        64.12,
        64.23,
        64.74,
        65.0,
        65.01,
        65.21000000000001,
        66.0,
        65.71000000000001,
        66.56,
        66.51,
        66.84,
        67.01,
        66.59,
        66.96,
        67.05,
        67.0,
        67.39,
        67.75999999999999,
        67.71000000000001,
        67.86,
        68.16,
        68.25,
        67.92,
        66.97999999999999,
        67.78,
        66.77,
        66.57,
        67.29,
        66.59,
        67.29,
        67.43,
        66.27,
        66.55,
        67.34,
        67.36,
        67.47,
        67.82000000000001,
        67.58,
        67.17,
        67.5,
        66.86999999999999,
        67.35,
        67.7,
        68.39,
        68.61,
        69.04,
        69.39999999999999
    ]
}