{
    "config": {
        "E": 1,
        "K": 5,
        "NUMBER_OF_CLIENTS": 100,
        "MAX_TIME": 2500,
        "BATCH_SIZE": 50,
        "VALIDATION_BATCH_SIZE": 500,
        "LR": 0.01,
        "WEIGHT_DECAY": 0.0004,
        "DATA_DISTRIBUTION": "iid",
        "LOG_FREQUENCY": 25,
        "AUGMENTATION_PROB": 0.0,
        "ALPHA": 0.1,
        "SAVE_FREQUENCY": 500,
        "NORM_LAYER": ""
    },
    "alpha": "iid",
    "accuracy": [
        10.14,
        26.080000000000002,
        35.99,
        42.85,
        47.839999999999996,
        50.73,
        54.09,
        57.58,
        60.61,
        62.839999999999996,
        64.63,
        65.82000000000001,
        67.32000000000001,
        68.04,
        68.52000000000001,
        69.41000000000001,
        70.03,
        70.13000000000001,
        70.42,
        70.88,
        70.78999999999999,
        70.86,
        70.58,
        70.63000000000001,
        70.19,
        70.36,
        70.44,
        70.54,
        70.63000000000001,
        70.53,
        70.5,
        70.66,
        70.50999999999999,
        70.78,
        70.85000000000001,
        70.97,
        71.09,
        71.13000000000001,
        71.05,
        71.13000000000001,
        71.1,
        71.19,
        71.24000000000001,
        71.03,
        71.06,
        71.28999999999999,
        71.16,
        71.08,
        71.44,
        71.39,
        71.25,
        71.17999999999999,
        71.47,
        71.28999999999999,
        71.26,
        71.65,
        70.96000000000001,
        71.45,
        71.28,
        71.0,
        70.99,
        71.15,
        71.36,
        71.45,
        71.48,
        71.61999999999999,
        71.34,
        71.36,
        71.25,
        71.19,
        71.21,
        71.2,
        71.1,
        71.17999999999999,
        71.00999999999999,
        71.13000000000001,
        71.31,
        71.16,
        71.27,
        71.22,
        71.11,
        71.14,
        71.35000000000001,
        71.37,
        71.41,
        71.22,
        71.5,
        71.55,
        71.66,
        71.69,
        71.69,
        71.5,
        71.34,
        71.14,
        71.06,
        71.03,
        70.88,
        70.57,
        70.67999999999999,
        70.45
    ]
}