{
    "config": {
        "E": 1,
        "K": 5,
        "NUMBER_OF_CLIENTS": 100,
        "MAX_TIME": 2500,
        "BATCH_SIZE": 50,
        "VALIDATION_BATCH_SIZE": 500,
        "LR": 0.01,
        "WEIGHT_DECAY": 0.0004,
        "DATA_DISTRIBUTION": "non-iid",
        "DIRICHELET_ALPHA": "[ 0 . 0 ,   0 . 1 ,   0 . 5 ,   1 0 . 0 ,   0 . 5 ,   1 . 0 ,   1 0 . 0 ,   1 0 0 . 0 ]",
        "AVERAGE_ACCURACY": "[0.3553 0.6826 0.     0.     0.     0.     0.     0.    ]",
        "LOG_FREQUENCY": 25,
        "AUGMENTATION_PROB": 0.0,
        "ALPHA": 0.001,
        "SAVE_FREQUENCY": 500,
        "NORM_LAYER": "gn"
    },
    "alpha": "0 . 1",
    "accuracy": [
            11.26,
            10.0,
            18.42,
            27.779999999999998,
            26.740000000000002,
            37.55,
            29.25,
            30.69,
            29.17,
            39.33,
            38.76,
            28.98,
            27.16,
            37.63,
            33.35,
            35.709999999999994,
            37.72,
            41.89,
            50.050000000000004,
            43.78,
            51.07000000000001,
            35.36,
            47.449999999999996,
            47.839999999999996,
            50.96000000000001,
            44.330000000000005,
            49.61,
            52.410000000000004,
            50.45,
            53.28000000000001,
            53.0,
            47.03,
            41.199999999999996,
            51.68000000000001,
            45.82,
            59.809999999999995,
            47.85,
            58.85,
            46.800000000000004,
            47.06,
            48.46,
            55.769999999999996,
            46.900000000000006,
            44.17,
            45.129999999999995,
            47.160000000000004,
            54.35,
            54.26,
            51.27,
            52.61,
            56.89999999999999,
            52.059999999999995,
            57.75,
            44.76,
            55.65,
            46.489999999999995,
            61.150000000000006,
            57.099999999999994,
            56.69,
            59.58,
            58.209999999999994,
            51.06,
            51.67,
            58.28,
            48.730000000000004,
            61.42999999999999,
            58.67,
            56.330000000000005,
            54.74,
            60.419999999999995,
            50.7,
            62.0,
            56.05,
            50.17,
            62.32,
            50.59,
            60.61,
            58.74,
            61.739999999999995,
            61.99,
            55.290000000000006,
            57.599999999999994,
            62.19,
            59.48,
            56.620000000000005,
            59.4,
            49.88,
            62.260000000000005,
            63.63999999999999,
            55.26,
            58.540000000000006,
            59.36,
            63.050000000000004,
            65.03,
            58.41,
            68.26,
            61.34,
            56.04,
            61.75000000000001,
            61.14000000000001
        ]
}