{
    "config": {
        "E": 5,
        "K": 5,
        "NUMBER_OF_CLIENTS": 100,
        "MAX_TIME": 1500,
        "BATCH_SIZE": 50,
        "VALIDATION_BATCH_SIZE": 500,
        "LR": 0.01,
        "WEIGHT_DECAY": 0.0004,
        "DATA_DISTRIBUTION": "non-iid",
        "LOG_FREQUENCY": 25,
        "AUGMENTATION_PROB": 0.0,
        "ALPHA": 0.001,
        "SAVE_FREQUENCY": 500,
        "NORM_LAYER": "bn"
    },
    "alpha": 0.5,
    "accuracy": [
		10.02,
		27.060000000000002,
		48.0,
		48.79,
		54.7,
		52.83,
		53.64,
		56.35,
		57.65,
		53.47,
		57.620000000000005,
		58.440000000000005,
		59.84,
		59.61,
		55.08,
		58.599999999999994,
		57.75,
		60.58,
		52.77,
		57.37,
		57.46,
		58.220000000000006,
		57.330000000000005,
		59.599999999999994,
		56.410000000000004,
		59.34,
		61.39,
		57.21000000000001,
		58.220000000000006,
		56.410000000000004,
		58.540000000000006,
		58.660000000000004,
		61.760000000000005,
		55.010000000000005,
		59.050000000000004,
		61.11,
		58.46,
		55.35,
		59.3,
		61.4,
		57.26,
		54.33,
		52.2,
		47.55,
		55.2,
		57.4,
		59.74,
		59.19,
		56.879999999999995,
		62.43,
		61.980000000000004,
		56.830000000000005,
		61.809999999999995,
		62.63999999999999,
		56.31,
		58.26,
		57.13,
		59.11,
		59.709999999999994,
		64.59
	]
}
