{
    "config": {
        "E": 5,
        "K": 5,
        "NUMBER_OF_CLIENTS": 100,
        "MAX_TIME": 1500,
        "BATCH_SIZE": 50,
        "VALIDATION_BATCH_SIZE": 500,
        "LR": 0.01,
        "WEIGHT_DECAY": 0.0004,
        "DATA_DISTRIBUTION": "iid",
        "DIRICHELET_ALPHA": "[ ' i i d ' ]",
        "AVERAGE_ACCURACY": "[0.6855 0.     0.     0.    ]",
        "LOG_FREQUENCY": 25,
        "AUGMENTATION_PROB": 0.0,
        "ALPHA": 0.1,
        "SAVE_FREQUENCY": 500,
        "NORM_LAYER": ""
    },
    "alpha": "i i d",
    "accuracy": [ 
	    15.57,
	    46.58,
	    55.32,
	    59.79,
	    61.18,
	    62.56,
	    62.67,
	    63.080000000000005,
	    63.660000000000004,
	    63.83,
	    63.99,
	    64.27000000000001,
	    64.21,
	    64.9,
	    65.16999999999999,
	    65.35,
	    65.53,
	    65.35,
	    65.86,
	    65.71000000000001,
	    66.36999999999999,
	    66.2,
	    66.33,
	    66.14,
	    66.05,
	    66.33,
	    66.45,
	    66.67999999999999,
	    67.09,
	    67.51,
	    67.75999999999999,
	    67.77,
	    68.15,
	    67.63,
	    67.62,
	    67.74,
	    67.83,
	    67.85,
	    67.78999999999999,
	    68.04,
	    68.22,
	    68.15,
	    68.04,
	    67.93,
	    68.06,
	    68.03,
	    68.30000000000001,
	    68.23,
	    67.85,
	    68.15,
	    68.12,
	    68.44,
	    68.42,
	    68.0,
	    68.02,
	    68.22,
	    68.49,
	    68.36,
	    68.55,
	    68.43
	]
}
