{
    "config": {
        "E": 1,
        "K": 5,
        "NUMBER_OF_CLIENTS": 100,
        "MAX_TIME": 2500,
        "BATCH_SIZE": 50,
        "VALIDATION_BATCH_SIZE": 500,
        "LR": 0.01,
        "WEIGHT_DECAY": 0.0004,
        "DATA_DISTRIBUTION": "non-iid",
        "DIRICHELET_ALPHA": "[ 0 . 5 ,   1 . 0 ,   1 0 . 0 ,   1 0 0 . 0 ]",
        "AVERAGE_ACCURACY": "[0.6934 0.6966 0.     0.    ]",
        "LOG_FREQUENCY": 25,
        "AUGMENTATION_PROB": 0.0,
        "ALPHA": 0.001,
        "SAVE_FREQUENCY": 500,
        "NORM_LAYER": ""
    },
    "alpha": "1 . 0",
    "accuracy": [
        10.67,
        19.02,
        24.52,
        27.43,
        32.85,
        35.07,
        39.95,
        44.76,
        39.01,
        40.67,
        49.980000000000004,
        48.559999999999995,
        51.22,
        52.93,
        52.1,
        56.96,
        56.34,
        61.150000000000006,
        59.31999999999999,
        60.49,
        55.82,
        61.58,
        63.24999999999999,
        61.25000000000001,
        59.730000000000004,
        59.93000000000001,
        60.01,
        61.660000000000004,
        56.11000000000001,
        60.589999999999996,
        61.36000000000001,
        62.92,
        65.09,
        64.75,
        64.25999999999999,
        63.339999999999996,
        64.23,
        62.980000000000004,
        64.36,
        65.25,
        62.28,
        65.38000000000001,
        65.91,
        65.56,
        65.86,
        66.14,
        65.60000000000001,
        66.13,
        65.64,
        66.43,
        66.62,
        66.75,
        67.45,
        66.27,
        66.32000000000001,
        66.84,
        66.75,
        66.69,
        66.60000000000001,
        67.42,
        68.16,
        68.73,
        65.89,
        68.74,
        68.74,
        68.94,
        67.35,
        69.07,
        68.9,
        69.08999999999999,
        68.97,
        69.44,
        69.63000000000001,
        68.97999999999999,
        68.47999999999999,
        68.65,
        69.17999999999999,
        68.94,
        69.66,
        69.51,
        69.63000000000001,
        69.01,
        69.34,
        69.03,
        69.64,
        68.63,
        68.77,
        68.67,
        68.22,
        68.44,
        66.16,
        67.89,
        68.57,
        67.35,
        68.16,
        67.69000000000001,
        67.64,
        66.67,
        67.47,
        66.69
    ]
}