{
    "config": {
        "E": 1,
        "K": 5,
        "NUMBER_OF_CLIENTS": 100,
        "MAX_TIME": 2500,
        "BATCH_SIZE": 50,
        "VALIDATION_BATCH_SIZE": 500,
        "LR": 0.01,
        "WEIGHT_DECAY": 0.0004,
        "DATA_DISTRIBUTION": "iid",
        "LOG_FREQUENCY": 25,
        "AUGMENTATION_PROB": 0.0,
        "ALPHA": 0.01,
        "SAVE_FREQUENCY": 500,
        "NORM_LAYER": ""
    },
    "alpha": "iid",
    "accuracy": [
        14.04,
        25.019999999999996,
        34.68,
        42.730000000000004,
        47.81,
        51.6,
        54.169999999999995,
        56.96,
        59.61,
        61.78,
        63.470000000000006,
        65.66,
        66.49000000000001,
        67.54,
        68.24,
        68.54,
        68.89999999999999,
        69.12,
        69.19999999999999,
        69.5,
        69.13,
        69.67999999999999,
        69.26,
        69.85,
        69.94,
        70.02000000000001,
        69.82000000000001,
        69.94,
        70.19999999999999,
        70.16,
        70.17999999999999,
        69.76,
        69.77,
        70.04,
        69.61,
        69.93,
        69.69,
        69.59,
        69.45,
        69.78,
        69.43,
        69.80999999999999,
        69.72,
        69.71,
        70.02000000000001,
        70.15,
        69.97,
        69.56,
        69.96,
        69.98,
        70.33,
        70.26,
        70.35,
        70.74000000000001,
        70.39,
        70.11,
        70.39999999999999,
        70.41999999999999,
        70.55,
        70.45,
        70.22,
        70.17,
        70.47,
        70.46,
        70.52000000000001,
        70.43,
        70.53,
        70.57,
        70.44,
        70.55,
        70.33,
        70.5,
        70.5,
        70.64,
        70.21,
        70.55,
        70.38,
        70.22,
        70.50999999999999,
        70.5,
        70.44,
        70.34,
        70.47,
        70.45,
        70.15,
        70.36,
        70.37,
        70.52,
        70.56,
        70.34,
        70.54,
        70.38,
        70.67,
        70.6,
        70.0,
        70.41,
        70.08,
        70.19,
        69.99,
        69.88
    ]
}