{
    "config": {
        "E": 1,
        "K": 5,
        "NUMBER_OF_CLIENTS": 100,
        "MAX_TIME": 2500,
        "BATCH_SIZE": 50,
        "VALIDATION_BATCH_SIZE": 500,
        "LR": 0.01,
        "WEIGHT_DECAY": 0.0004,
        "DATA_DISTRIBUTION": "non-iid",
        "DIRICHELET_ALPHA": "[ 0 . 0 ,   0 . 0 5 ,   0 . 1 ,   0 . 2 ,   0 . 5 ,   1 . 0 ,   1 0 . 0 ,   1 0 0 . 0 ]",
        "AVERAGE_ACCURACY": "[0.2073 0.6445 0.6774 0.     0.     0.     0.     0.    ]",
        "LOG_FREQUENCY": 25,
        "AUGMENTATION_PROB": 0.0,
        "ALPHA": 0.01,
        "SAVE_FREQUENCY": 500,
        "NORM_LAYER": ""
    },
    "alpha": "0 . 1",
    "accuracy": [
        9.87,
        10.0,
        10.14,
        10.530000000000001,
        16.919999999999998,
        17.21,
        26.26,
        16.1,
        26.06,
        21.09,
        31.75,
        27.240000000000002,
        34.52,
        22.67,
        25.31,
        27.150000000000002,
        31.96,
        29.549999999999997,
        20.8,
        36.02,
        30.56,
        30.14,
        34.57,
        41.67,
        44.13,
        35.63,
        38.23,
        25.650000000000002,
        36.18,
        45.95,
        46.489999999999995,
        32.92,
        51.99,
        38.81,
        43.169999999999995,
        43.41,
        47.02,
        41.29,
        45.06,
        51.99,
        44.47,
        49.44,
        41.339999999999996,
        52.86,
        54.86,
        53.0,
        56.940000000000005,
        47.410000000000004,
        52.33,
        51.74999999999999,
        51.12,
        57.37,
        55.24,
        59.17,
        50.38,
        56.86,
        55.269999999999996,
        54.76,
        61.01,
        50.160000000000004,
        59.14,
        58.26,
        61.35,
        59.57,
        60.6,
        60.79,
        59.57,
        62.7,
        61.46,
        62.6,
        59.550000000000004,
        61.85000000000001,
        63.2,
        54.38000000000001,
        60.099999999999994,
        62.239999999999995,
        61.71,
        55.46,
        64.60000000000001,
        61.199999999999996,
        62.62,
        56.82000000000001,
        64.44,
        63.959999999999994,
        65.81,
        53.78000000000001,
        62.38,
        65.08,
        65.2,
        63.4,
        57.42,
        65.77,
        58.01,
        63.629999999999995,
        63.3,
        62.0,
        60.75000000000001,
        63.470000000000006,
        57.709999999999994,
        67.74
    ]
}