{
    "config": {
        "E": 5,
        "K": 5,
        "NUMBER_OF_CLIENTS": 100,
        "MAX_TIME": 1500,
        "BATCH_SIZE": 50,
        "VALIDATION_BATCH_SIZE": 500,
        "LR": 0.01,
        "WEIGHT_DECAY": 0.0004,
        "DATA_DISTRIBUTION": "iid",
        "DIRICHELET_ALPHA": "[ 0 . 0 ,   0 . 1 ,   0 . 5 ,   1 0 . 0 ]",
        "AVERAGE_ACCURACY": "[0.6922 0.    ]",
        "LOG_FREQUENCY": 25,
        "AUGMENTATION_PROB": 0.0,
        "ALPHA": 0.01,
        "SAVE_FREQUENCY": 500,
        "NORM_LAYER": ""
    },
    "alpha": "0 . 0",
    "accuracy": [
        15.440000000000001,
        47.39,
        56.56,
        60.42999999999999,
        61.519999999999996,
        61.94,
        62.11,
        62.35000000000001,
        62.92,
        62.55,
        63.67,
        63.93,
        63.74999999999999,
        64.1,
        63.77,
        64.22,
        64.25999999999999,
        64.42999999999999,
        64.59,
        64.64999999999999,
        65.24,
        65.38000000000001,
        64.96,
        65.59,
        65.66,
        65.77,
        65.82000000000001,
        65.95,
        66.19,
        66.09,
        66.27,
        66.52,
        67.01,
        67.28999999999999,
        67.80000000000001,
        68.0,
        68.2,
        68.39,
        67.96,
        68.5,
        67.80000000000001,
        68.05,
        67.89,
        67.9,
        67.81,
        68.5,
        67.97,
        67.89,
        68.69,
        68.4,
        68.73,
        68.46,
        68.62,
        68.74,
        69.04,
        68.96,
        68.97,
        68.83,
        69.14,
        69.22
    ]
}
