{
    "config": {
        "E": 1,
        "K": 5,
        "NUMBER_OF_CLIENTS": 100,
        "MAX_TIME": 2500,
        "BATCH_SIZE": 50,
        "VALIDATION_BATCH_SIZE": 500,
        "LR": 0.01,
        "WEIGHT_DECAY": 0.0004,
        "DATA_DISTRIBUTION": "non-iid",
        "DIRICHELET_ALPHA": "[ 0 . 0 5 ,   0 . 2 ,   1 . 0 ,   1 0 0 . 0 ]",
        "AVERAGE_ACCURACY": "[0.6544 0.     0.     0.     0.     0.     0.     0.    ]",
        "LOG_FREQUENCY": 25,
        "AUGMENTATION_PROB": 0.0,
        "ALPHA": 0.001,
        "SAVE_FREQUENCY": 500,
        "NORM_LAYER": "gn"
    },
    "alpha": "0 . 0 5",
    "accuracy": [
            10.99,
            17.77,
            15.39,
            24.67,
            16.7,
            24.29,
            22.87,
            33.54,
            30.959999999999997,
            42.95,
            29.160000000000004,
            33.79,
            37.99,
            41.24,
            44.61,
            41.370000000000005,
            33.129999999999995,
            39.660000000000004,
            39.21,
            43.32,
            41.980000000000004,
            40.73,
            45.07,
            41.43,
            48.870000000000005,
            49.419999999999995,
            52.22,
            29.460000000000004,
            25.85,
            42.8,
            54.559999999999995,
            46.050000000000004,
            41.8,
            50.41,
            56.16,
            51.99,
            51.31,
            58.440000000000005,
            58.86,
            53.52,
            47.88,
            56.98,
            44.87,
            55.43,
            56.58,
            52.370000000000005,
            52.67000000000001,
            56.699999999999996,
            50.41,
            57.67,
            57.95,
            59.650000000000006,
            56.84,
            58.89,
            55.93,
            60.480000000000004,
            54.300000000000004,
            57.03,
            57.620000000000005,
            47.78,
            56.93,
            56.85,
            57.4,
            56.35,
            63.029999999999994,
            60.809999999999995,
            58.050000000000004,
            57.92,
            58.18,
            54.910000000000004,
            61.29,
            58.440000000000005,
            60.64000000000001,
            54.56999999999999,
            59.199999999999996,
            59.309999999999995,
            60.809999999999995,
            60.9,
            62.650000000000006,
            53.06999999999999,
            58.440000000000005,
            60.8,
            64.8,
            57.599999999999994,
            59.709999999999994,
            62.29,
            62.029999999999994,
            48.730000000000004,
            49.45,
            56.61000000000001,
            58.82000000000001,
            63.029999999999994,
            56.53,
            57.550000000000004,
            62.08,
            58.28,
            53.43,
            65.25999999999999,
            62.08,
            65.44
        ]
}
