{
    "config": {
        "E": 1,
        "K": 5,
        "NUMBER_OF_CLIENTS": 100,
        "MAX_TIME": 2500,
        "BATCH_SIZE": 50,
        "VALIDATION_BATCH_SIZE": 500,
        "LR": 0.01,
        "WEIGHT_DECAY": 0.0004,
        "DATA_DISTRIBUTION": "non-iid",
        "DIRICHELET_ALPHA": "[ 0 . 0 ,   0 . 0 5 ,   0 . 1 ,   0 . 2 ,   0 . 5 ,   1 . 0 ,   1 0 . 0 ,   1 0 0 . 0 ]",
        "AVERAGE_ACCURACY": "[0.1674 0.4566 0.4804 0.5688 0.643  0.672  0.7348 0.    ]",
        "LOG_FREQUENCY": 25,
        "AUGMENTATION_PROB": 0.0,
        "ALPHA": 0.001,
        "SAVE_FREQUENCY": 500,
        "NORM_LAYER": "bn"
    },
    "alpha": "1 0 . 0",
    "accuracy": [
        11.129999999999999,
        39.910000000000004,
        51.9,
        50.68,
        59.940000000000005,
        63.51,
        66.01,
        66.25999999999999,
        67.94,
        68.39,
        69.72,
        71.16,
        69.08999999999999,
        69.92,
        72.03,
        71.05,
        71.15,
        72.31,
        72.72999999999999,
        72.45,
        72.77,
        72.53,
        72.45,
        72.17,
        72.0,
        72.87,
        72.31,
        72.99,
        73.41,
        72.97,
        72.97,
        72.56,
        72.89,
        72.89999999999999,
        72.98,
        72.39,
        72.89,
        72.78999999999999,
        72.85000000000001,
        72.76,
        72.84,
        73.02,
        73.22,
        73.21,
        72.78999999999999,
        72.7,
        72.77,
        72.85000000000001,
        72.81,
        72.83,
        72.52,
        73.38,
        72.77,
        73.03,
        73.48,
        73.29,
        73.18,
        73.27,
        73.29,
        73.42999999999999,
        72.89999999999999,
        72.76,
        72.92999999999999,
        73.16,
        73.19,
        72.97,
        73.04,
        73.1,
        73.15,
        72.71,
        72.68,
        72.61999999999999,
        72.63,
        72.38,
        72.57000000000001,
        72.59,
        72.11,
        72.1,
        72.26,
        71.89999999999999,
        72.09,
        72.21,
        72.07000000000001,
        72.18,
        71.65,
        72.02,
        71.47,
        71.57,
        70.96000000000001,
        71.08,
        70.86,
        71.17,
        71.65,
        71.41,
        70.94,
        71.39999999999999,
        71.65,
        71.34,
        71.5,
        71.57
    ]
}