{
    "config": {
        "E": 1,
        "K": 5,
        "NUMBER_OF_CLIENTS": 100,
        "MAX_TIME": 2500,
        "BATCH_SIZE": 50,
        "VALIDATION_BATCH_SIZE": 500,
        "LR": 0.01,
        "WEIGHT_DECAY": 0.0004,
        "DATA_DISTRIBUTION": "non-iid",
        "DIRICHELET_ALPHA": "[ 0 . 0 ,   0 . 0 5 ,   0 . 1 ,   0 . 2 ,   0 . 5 ,   1 . 0 ,   1 0 . 0 ,   1 0 0 . 0 ]",
        "AVERAGE_ACCURACY": "[0.1674 0.4566 0.4804 0.     0.     0.     0.     0.    ]",
        "LOG_FREQUENCY": 25,
        "AUGMENTATION_PROB": 0.0,
        "ALPHA": 0.001,
        "SAVE_FREQUENCY": 500,
        "NORM_LAYER": "bn"
    },
    "alpha": "0 . 1",
    "accuracy": [
        10.0,
        10.0,
        11.75,
        17.86,
        19.35,
        19.66,
        25.419999999999998,
        20.07,
        26.75,
        19.82,
        34.45,
        34.0,
        39.12,
        25.19,
        27.310000000000002,
        37.09,
        33.300000000000004,
        30.86,
        21.82,
        41.55,
        26.56,
        43.25,
        29.220000000000002,
        34.52,
        34.72,
        32.37,
        38.11,
        31.4,
        35.260000000000005,
        47.32,
        44.269999999999996,
        26.590000000000003,
        47.81,
        33.839999999999996,
        40.62,
        36.480000000000004,
        48.04,
        31.680000000000003,
        33.7,
        37.96,
        34.239999999999995,
        37.940000000000005,
        28.400000000000002,
        31.7,
        37.419999999999995,
        36.04,
        37.09,
        31.980000000000004,
        33.44,
        35.33,
        34.25,
        37.18,
        36.93,
        44.61,
        35.4,
        43.580000000000005,
        33.6,
        40.81,
        40.47,
        33.45,
        41.14,
        32.12,
        43.269999999999996,
        36.51,
        40.69,
        44.2,
        44.45,
        43.09,
        39.58,
        40.739999999999995,
        37.01,
        41.36,
        40.63,
        39.79,
        45.57,
        44.29,
        41.39,
        40.08,
        39.2,
        38.53,
        46.54,
        45.68,
        43.97,
        44.83,
        44.7,
        28.89,
        44.55,
        42.38,
        43.580000000000005,
        41.03,
        34.22,
        41.709999999999994,
        42.6,
        44.629999999999995,
        40.25,
        39.629999999999995,
        40.04,
        39.22,
        41.870000000000005,
        45.49
    ]
}