{
    "config": {
        "E": 1,
        "K": 5,
        "NUMBER_OF_CLIENTS": 100,
        "MAX_TIME": 2500,
        "BATCH_SIZE": 50,
        "VALIDATION_BATCH_SIZE": 500,
        "LR": 0.01,
        "WEIGHT_DECAY": 0.0004,
        "DATA_DISTRIBUTION": "non-iid",
        "LOG_FREQUENCY": 25,
        "AUGMENTATION_PROB": 0.0,
        "ALPHA": 0.001,
        "SAVE_FREQUENCY": 500,
        "NORM_LAYER": "gn"
    },
    "alpha": 0.5,
    "accuracy": [
            10.0,
            22.71,
            37.53,
            39.45,
            38.95,
            35.99,
            41.91,
            41.42,
            47.4,
            45.839999999999996,
            56.37,
            57.05,
            53.169999999999995,
            53.959999999999994,
            55.510000000000005,
            61.59,
            55.989999999999995,
            61.540000000000006,
            58.660000000000004,
            62.27,
            63.04,
            59.870000000000005,
            58.660000000000004,
            59.84,
            64.74,
            60.84,
            64.88000000000001,
            60.72,
            62.61,
            64.79,
            62.35000000000001,
            63.04,
            63.349999999999994,
            64.13,
            67.36999999999999,
            63.83,
            62.63999999999999,
            64.9,
            68.26,
            65.81,
            62.18,
            66.93,
            62.51,
            64.48,
            67.54,
            65.42999999999999,
            62.53999999999999,
            66.25999999999999,
            59.88,
            66.66,
            67.75,
            66.73,
            66.64999999999999,
            65.78,
            67.61,
            65.03999999999999,
            67.62,
            68.14,
            69.66,
            68.99,
            69.86,
            70.08,
            68.74,
            69.06,
            70.44,
            67.94,
            67.51,
            71.55,
            68.75,
            65.49000000000001,
            70.66,
            70.6,
            69.74000000000001,
            67.71000000000001,
            68.33,
            70.49,
            66.14,
            70.73,
            69.53,
            68.72,
            70.89999999999999,
            69.52000000000001,
            70.6,
            69.8,
            70.24000000000001,
            70.56,
            70.59,
            70.64,
            70.19,
            67.15,
            62.07,
            68.97,
            66.81,
            60.51,
            68.43,
            67.93,
            66.63,
            66.2,
            65.08,
            65.96
        ]
}