{
    "config": {
        "E": 1,
        "K": 5,
        "NUMBER_OF_CLIENTS": 100,
        "MAX_TIME": 2500,
        "BATCH_SIZE": 50,
        "VALIDATION_BATCH_SIZE": 500,
        "LR": 0.01,
        "WEIGHT_DECAY": 0.0004,
        "DATA_DISTRIBUTION": "non-iid",
        "DIRICHELET_ALPHA": "[ 0 . 0 ,   0 . 0 5 ,   0 . 1 ,   0 . 2 ,   0 . 5 ,   1 . 0 ,   1 0 . 0 ,   1 0 0 . 0 ]",
        "AVERAGE_ACCURACY": "[0.1674 0.4566 0.4804 0.5688 0.     0.     0.     0.    ]",
        "LOG_FREQUENCY": 25,
        "AUGMENTATION_PROB": 0.0,
        "ALPHA": 0.001,
        "SAVE_FREQUENCY": 500,
        "NORM_LAYER": "bn"
    },
    "alpha": "0 . 2",
    "accuracy": [
        10.209999999999999,
        11.58,
        27.72,
        37.330000000000005,
        27.52,
        36.34,
        31.28,
        33.739999999999995,
        39.47,
        41.55,
        35.43,
        39.77,
        38.15,
        34.28,
        44.12,
        42.65,
        39.77,
        46.94,
        47.89,
        46.29,
        51.51,
        49.88,
        48.32,
        47.199999999999996,
        41.8,
        49.29,
        46.43,
        53.66,
        51.870000000000005,
        52.17,
        49.7,
        50.31,
        48.33,
        47.32,
        52.31,
        50.23,
        44.54,
        52.43,
        25.88,
        45.64,
        46.87,
        45.800000000000004,
        44.39,
        45.42,
        48.59,
        48.06,
        48.230000000000004,
        40.11,
        53.05,
        43.61,
        46.23,
        46.81,
        51.470000000000006,
        50.760000000000005,
        49.19,
        47.980000000000004,
        48.42,
        52.35999999999999,
        50.2,
        55.26,
        52.32,
        46.989999999999995,
        51.870000000000005,
        53.47,
        50.89,
        51.38,
        52.26,
        50.83,
        56.879999999999995,
        41.58,
        53.510000000000005,
        46.68,
        54.449999999999996,
        53.17000000000001,
        53.779999999999994,
        54.35,
        54.31,
        52.01,
        51.24999999999999,
        52.480000000000004,
        50.980000000000004,
        48.54,
        48.55,
        52.349999999999994,
        52.54,
        51.18000000000001,
        52.51,
        47.49,
        54.31,
        51.09,
        56.42,
        49.55,
        54.66,
        47.33,
        53.61,
        50.68,
        49.05,
        52.39,
        52.339999999999996,
        52.870000000000005
    ]
}