{
    "config": {
        "E": 5,
        "K": 5,
        "NUMBER_OF_CLIENTS": 100,
        "MAX_TIME": 1500,
        "BATCH_SIZE": 50,
        "VALIDATION_BATCH_SIZE": 500,
        "LR": 0.01,
        "WEIGHT_DECAY": 0.0004,
        "DATA_DISTRIBUTION": "non-iid",
        "LOG_FREQUENCY": 25,
        "AUGMENTATION_PROB": 0.0,
        "ALPHA": 0.001,
        "SAVE_FREQUENCY": 500,
        "NORM_LAYER": "gn"
    },
    "alpha": 0.0,
    "accuracy": [
        10.0,
        10.0,
        10.0,
        11.31,
        13.450000000000001,
        10.0,
        10.0,
        10.03,
        12.430000000000001,
        15.18,
        12.120000000000001,
        19.09,
        10.24,
        16.76,
        15.78,
        16.81,
        10.95,
        10.89,
        10.0,
        10.0,
        10.0,
        10.0,
        10.0,
        10.0,
        10.27,
        10.0,
        10.0,
        10.0,
        10.0,
        10.0,
        10.0,
        14.19,
        10.0,
        10.0,
        13.520000000000001,
        10.0,
        14.87,
        16.770000000000003,
        11.26,
        19.31,
        10.0,
        10.0,
        12.07,
        19.16,
        16.81,
        13.86,
        14.17,
        13.61,
        25.290000000000003,
        13.200000000000001,
        10.32,
        23.150000000000002,
        12.11,
        18.45,
        16.73,
        16.770000000000003,
        18.43,
        19.8,
        18.65,
        19.45
    ]
}
