{
    "config": {
        "E": 5,
        "K": 5,
        "NUMBER_OF_CLIENTS": 100,
        "MAX_TIME": 1500,
        "BATCH_SIZE": 50,
        "VALIDATION_BATCH_SIZE": 500,
        "LR": 0.01,
        "WEIGHT_DECAY": 0.0004,
        "DATA_DISTRIBUTION": "non-iid",
        "DIRICHELET_ALPHA": "[ 0 . 0 ,   0 . 1 ,   0 . 5 ,   1 0 . 0 ]",
        "AVERAGE_ACCURACY": "[0.1561 0.4784 0.6459 0.7355]",
        "LOG_FREQUENCY": 25,
        "AUGMENTATION_PROB": 0.0,
        "ALPHA": 0.001,
        "SAVE_FREQUENCY": 500,
        "NORM_LAYER": "bn"
    },
    "alpha": "1 0 . 0",
    "accuracy": {
        "0.0": [
            10.0,
            10.0,
            10.0,
            10.0,
            10.0,
            10.0,
            10.0,
            10.0,
            10.010000000000002,
            10.0,
            10.0,
            10.0,
            14.82,
            10.0,
            10.0,
            10.05,
            10.0,
            12.190000000000001,
            10.0,
            10.0,
            10.0,
            10.0,
            10.0,
            11.360000000000001,
            10.0,
            10.0,
            10.0,
            10.0,
            10.0,
            10.0,
            10.0,
            13.66,
            10.0,
            10.0,
            14.719999999999999,
            10.0,
            14.44,
            14.95,
            10.0,
            13.450000000000001,
            10.0,
            10.0,
            10.0,
            14.02,
            11.28,
            10.0,
            10.0,
            10.24,
            15.61,
            10.200000000000001,
            10.0,
            15.32,
            10.09,
            12.65,
            15.079999999999998,
            10.0,
            11.59,
            10.0,
            10.12,
            10.0
        ],
        "0.1": [
            10.0,
            19.21,
            27.279999999999998,
            38.79,
            29.78,
            41.43,
            43.11,
            38.440000000000005,
            27.439999999999998,
            36.76,
            44.480000000000004,
            36.6,
            47.65,
            41.589999999999996,
            29.080000000000002,
            46.239999999999995,
            37.980000000000004,
            40.37,
            47.839999999999996,
            37.99,
            31.59,
            41.370000000000005,
            31.47,
            43.14,
            39.57,
            37.169999999999995,
            42.26,
            40.129999999999995,
            46.2,
            34.52,
            41.29,
            42.22,
            42.84,
            33.190000000000005,
            39.58,
            37.0,
            40.53,
            31.69,
            38.279999999999994,
            26.56,
            39.62,
            36.15,
            29.959999999999997,
            39.629999999999995,
            38.39,
            43.730000000000004,
            38.3,
            35.660000000000004,
            32.51,
            43.19,
            36.53,
            25.46,
            27.12,
            35.74,
            34.160000000000004,
            29.17,
            38.37,
            40.8,
            44.2,
            38.87
        ],
        "0.5": [
            10.02,
            27.060000000000002,
            48.0,
            48.79,
            54.7,
            52.83,
            53.64,
            56.35,
            57.65,
            53.47,
            57.620000000000005,
            58.440000000000005,
            59.84,
            59.61,
            55.08,
            58.599999999999994,
            57.75,
            60.58,
            52.77,
            57.37,
            57.46,
            58.220000000000006,
            57.330000000000005,
            59.599999999999994,
            56.410000000000004,
            59.34,
            61.39,
            57.21000000000001,
            58.220000000000006,
            56.410000000000004,
            58.540000000000006,
            58.660000000000004,
            61.760000000000005,
            55.010000000000005,
            59.050000000000004,
            61.11,
            58.46,
            55.35,
            59.3,
            61.4,
            57.26,
            54.33,
            52.2,
            47.55,
            55.2,
            57.4,
            59.74,
            59.19,
            56.879999999999995,
            62.43,
            61.980000000000004,
            56.830000000000005,
            61.809999999999995,
            62.63999999999999,
            56.31,
            58.26,
            57.13,
            59.11,
            59.709999999999994,
            64.59
        ],
        "10.0": [
            10.0,
            60.629999999999995,
            64.37,
            67.04,
            65.49000000000001,
            67.96,
            70.15,
            70.35,
            71.07,
            71.39999999999999,
            70.58,
            71.08,
            70.91,
            71.2,
            71.28999999999999,
            71.32,
            71.5,
            71.19,
            71.67,
            71.93,
            71.88,
            71.86,
            72.11999999999999,
            71.91,
            72.38,
            72.68,
            72.69,
            72.89,
            72.36,
            72.98,
            72.99,
            72.92,
            73.21,
            73.39,
            73.33,
            73.33999999999999,
            72.32,
            73.42999999999999,
            72.76,
            72.08,
            72.78,
            72.00999999999999,
            71.61,
            72.59,
            71.81,
            70.92,
            72.78999999999999,
            73.13,
            72.61,
            72.91,
            72.77,
            72.96000000000001,
            73.22999999999999,
            71.19,
            72.03,
            73.22,
            73.02,
            72.97,
            73.55000000000001,
            73.32
        ]
    }
}