{
    "config": {
        "E": 5,
        "K": 5,
        "NUMBER_OF_CLIENTS": 100,
        "MAX_TIME": 1500,
        "BATCH_SIZE": 50,
        "VALIDATION_BATCH_SIZE": 500,
        "LR": 0.01,
        "WEIGHT_DECAY": 0.0004,
        "DATA_DISTRIBUTION": "non-iid",
        "LOG_FREQUENCY": 25,
        "AUGMENTATION_PROB": 0.0,
        "ALPHA": 0.001,
        "SAVE_FREQUENCY": 500,
        "NORM_LAYER": "gn"
    },
    "alpha": 10.0,
    "accuracy": [
        10.73,
        54.58,
        61.99,
        65.18,
        64.82,
        67.10000000000001,
        69.28,
        69.80999999999999,
        70.0,
        70.48,
        70.52,
        70.24000000000001,
        71.02,
        70.78999999999999,
        70.94,
        70.89,
        71.33,
        71.48,
        71.16,
        71.41,
        71.05,
        71.55,
        71.21,
        71.63000000000001,
        71.78,
        72.09,
        72.22,
        72.58,
        72.15,
        72.83,
        73.36,
        73.42999999999999,
        73.39,
        73.28,
        73.61,
        73.86,
        73.06,
        74.17,
        72.66,
        71.73,
        73.04,
        71.87,
        71.0,
        71.67999999999999,
        71.8,
        70.09,
        70.99,
        71.71,
        71.1,
        72.11,
        71.98,
        72.34,
        72.72,
        71.15,
        72.11,
        72.96000000000001,
        73.00999999999999,
        73.1,
        73.41,
        72.99
    ]
}
