{
    "config": {
        "E": 5,
        "K": 5,
        "NUMBER_OF_CLIENTS": 100,
        "MAX_TIME": 1500,
        "BATCH_SIZE": 50,
        "VALIDATION_BATCH_SIZE": 500,
        "LR": 0.01,
        "WEIGHT_DECAY": 0.0004,
        "DATA_DISTRIBUTION": "non-iid",
        "DIRICHELET_ALPHA": "[ 0 . 5 ,   1 0 . 0 ]",
        "AVERAGE_ACCURACY": "[0.6493 0.    ]",
        "LOG_FREQUENCY": 25,
        "AUGMENTATION_PROB": 0.0,
        "ALPHA": 0.001,
        "SAVE_FREQUENCY": 500,
        "NORM_LAYER": ""
    },
    "alpha": "0 . 5",
    "accuracy": {
        "0.5": [
            10.0,
            28.68,
            40.8,
            42.27,
            45.85,
            48.88,
            48.29,
            51.54,
            52.410000000000004,
            52.73,
            46.089999999999996,
            55.48,
            58.199999999999996,
            57.830000000000005,
            54.33,
            56.32,
            54.82,
            55.669999999999995,
            58.96,
            59.4,
            57.099999999999994,
            61.260000000000005,
            57.82000000000001,
            60.46,
            61.96,
            63.68000000000001,
            62.11,
            61.49,
            64.21,
            64.71000000000001,
            61.77,
            61.480000000000004,
            61.07,
            58.940000000000005,
            63.4,
            61.99,
            63.06,
            61.4,
            53.02,
            63.33,
            58.07,
            61.660000000000004,
            62.06,
            59.64,
            64.03,
            60.64000000000001,
            60.61,
            62.970000000000006,
            62.96000000000001,
            57.879999999999995,
            61.09,
            60.650000000000006,
            59.63,
            61.83,
            63.65,
            60.33,
            61.129999999999995,
            57.36,
            64.92999999999999,
            63.160000000000004
        ]
    }
}