{
    "config": {
        "E": 1,
        "K": 5,
        "NUMBER_OF_CLIENTS": 100,
        "MAX_TIME": 2500,
        "BATCH_SIZE": 50,
        "VALIDATION_BATCH_SIZE": 500,
        "LR": 0.01,
        "WEIGHT_DECAY": 0.0004,
        "DATA_DISTRIBUTION": "non-iid",
        "DIRICHELET_ALPHA": "[ 1 . 0 ,   1 0 0 . 0 ]",
        "AVERAGE_ACCURACY": "[0.7183 0.    ]",
        "LOG_FREQUENCY": 25,
        "AUGMENTATION_PROB": 0.0,
        "ALPHA": 0.001,
        "SAVE_FREQUENCY": 500,
        "NORM_LAYER": "gn"
    },
    "alpha": "1 . 0",
    "accuracy": [
        10.0,
        27.57,
        26.919999999999998,
        39.32,
        40.47,
        48.120000000000005,
        49.87,
        45.06,
        51.129999999999995,
        51.22,
        55.96,
        59.18,
        60.150000000000006,
        57.29,
        58.79,
        59.88,
        64.4,
        64.69,
        65.75999999999999,
        63.43,
        63.71,
        59.419999999999995,
        67.15,
        62.470000000000006,
        63.449999999999996,
        66.67999999999999,
        62.32,
        62.2,
        67.99,
        67.4,
        66.10000000000001,
        67.47,
        65.28,
        67.02,
        66.34,
        66.36999999999999,
        65.59,
        67.58999999999999,
        67.22,
        68.95,
        69.54,
        68.07,
        67.69,
        68.73,
        68.8,
        69.08,
        68.65,
        68.33,
        70.3,
        68.58,
        67.19000000000001,
        70.38,
        69.69,
        69.64,
        67.94,
        69.04,
        69.07,
        67.77,
        71.14,
        70.17999999999999,
        70.05,
        69.88,
        70.81,
        70.00999999999999,
        70.48,
        68.73,
        70.86,
        70.50999999999999,
        70.26,
        70.50999999999999,
        71.58,
        69.04,
        71.36,
        69.85,
        70.09,
        70.69,
        70.7,
        71.36,
        69.62,
        71.83,
        69.62,
        69.28,
        71.44,
        68.61,
        71.47,
        69.64,
        70.49,
        70.16,
        67.77,
        68.43,
        69.67,
        68.27,
        68.10000000000001,
        67.63,
        69.05,
        68.6,
        68.78999999999999,
        68.47999999999999,
        68.85,
        65.83
    ]
}