{
    "config": {
        "E": 5,
        "K": 5,
        "NUMBER_OF_CLIENTS": 100,
        "MAX_TIME": 1500,
        "BATCH_SIZE": 50,
        "VALIDATION_BATCH_SIZE": 500,
        "LR": 0.01,
        "WEIGHT_DECAY": 0.0004,
        "DATA_DISTRIBUTION": "non-iid",
        "LOG_FREQUENCY": 25,
        "AUGMENTATION_PROB": 0.0,
        "ALPHA": 0.001,
        "SAVE_FREQUENCY": 500,
        "NORM_LAYER": "bn"
    },
    "alpha": 10.0,
    "accuracy": [
        10.0,
        60.629999999999995,
        64.37,
        67.04,
        65.49000000000001,
        67.96,
        70.15,
        70.35,
        71.07,
        71.39999999999999,
        70.58,
        71.08,
        70.91,
        71.2,
        71.28999999999999,
        71.32,
        71.5,
        71.19,
        71.67,
        71.93,
        71.88,
        71.86,
        72.11999999999999,
        71.91,
        72.38,
        72.68,
        72.69,
        72.89,
        72.36,
        72.98,
        72.99,
        72.92,
        73.21,
        73.39,
        73.33,
        73.33999999999999,
        72.32,
        73.42999999999999,
        72.76,
        72.08,
        72.78,
        72.00999999999999,
        71.61,
        72.59,
        71.81,
        70.92,
        72.78999999999999,
        73.13,
        72.61,
        72.91,
        72.77,
        72.96000000000001,
        73.22999999999999,
        71.19,
        72.03,
        73.22,
        73.02,
        72.97,
        73.55000000000001,
        73.32
    ]
}
