{
    "config": {
        "E": 1,
        "K": 5,
        "NUMBER_OF_CLIENTS": 100,
        "MAX_TIME": 2500,
        "BATCH_SIZE": 50,
        "VALIDATION_BATCH_SIZE": 500,
        "LR": 0.01,
        "WEIGHT_DECAY": 0.0004,
        "DATA_DISTRIBUTION": "non-iid",
        "DIRICHELET_ALPHA": "[ 0 . 0 ,   0 . 0 5 ,   0 . 1 ,   0 . 2 ,   0 . 5 ,   1 . 0 ,   1 0 . 0 ,   1 0 0 . 0 ]",
        "AVERAGE_ACCURACY": "[0.2073 0.6445 0.6774 0.683  0.6941 0.6935 0.7158 0.7118]",
        "LOG_FREQUENCY": 25,
        "AUGMENTATION_PROB": 0.0,
        "ALPHA": 0.01,
        "SAVE_FREQUENCY": 500,
        "NORM_LAYER": ""
    },
    "alpha": "1 0 0 . 0",
    "accuracy": [
        9.8,
        25.8,
        37.2,
        43.5,
        48.559999999999995,
        51.46000000000001,
        52.27,
        57.440000000000005,
        59.43000000000001,
        61.760000000000005,
        63.339999999999996,
        65.02,
        66.2,
        67.13,
        68.26,
        69.49,
        69.12,
        69.65,
        69.28999999999999,
        69.67999999999999,
        69.80999999999999,
        69.55,
        69.48,
        69.54,
        69.69999999999999,
        70.05,
        70.0,
        69.69,
        69.35,
        69.34,
        69.41,
        69.23,
        69.37,
        69.49,
        69.77,
        69.56,
        69.63000000000001,
        69.91,
        69.84,
        69.88,
        69.74000000000001,
        69.99,
        70.23,
        70.08,
        70.1,
        70.41,
        70.34,
        70.15,
        70.32,
        70.27,
        70.28,
        70.50999999999999,
        70.44,
        70.17999999999999,
        70.53,
        70.30999999999999,
        70.28999999999999,
        70.28999999999999,
        70.43,
        70.21,
        70.47,
        70.37,
        70.38,
        70.12,
        70.45,
        70.87,
        70.36,
        70.5,
        70.49,
        70.45,
        70.88,
        70.74000000000001,
        71.17999999999999,
        70.96000000000001,
        70.87,
        70.94,
        70.91999999999999,
        71.05,
        70.61,
        70.82,
        70.7,
        70.6,
        70.7,
        70.59,
        70.6,
        70.32000000000001,
        70.09,
        70.06,
        70.34,
        70.19999999999999,
        70.13000000000001,
        69.96,
        70.39,
        70.67,
        70.5,
        70.58,
        69.95,
        70.25,
        70.28,
        70.50999999999999
    ]
}