{
    "config": {
        "E": 1,
        "K": 5,
        "NUMBER_OF_CLIENTS": 100,
        "MAX_TIME": 2500,
        "BATCH_SIZE": 50,
        "VALIDATION_BATCH_SIZE": 500,
        "LR": 0.01,
        "WEIGHT_DECAY": 0.0004,
        "DATA_DISTRIBUTION": "non-iid",
        "LOG_FREQUENCY": 25,
        "AUGMENTATION_PROB": 0.0,
        "ALPHA": 0.001,
        "SAVE_FREQUENCY": 500,
        "NORM_LAYER": "gn"
    },
    "alpha": 10.0,
    "accuracy": [
            12.44,
            32.9,
            48.63,
            52.64,
            56.730000000000004,
            59.84,
            57.69,
            64.03,
            64.25,
            66.88,
            68.01,
            67.25,
            67.49,
            69.44,
            69.69,
            69.64,
            69.08999999999999,
            71.0,
            71.94,
            72.34,
            72.58,
            72.63,
            72.69,
            72.33,
            71.94,
            72.36,
            72.67,
            73.42999999999999,
            72.55,
            72.85000000000001,
            72.65,
            73.16,
            73.13,
            72.35000000000001,
            73.00999999999999,
            73.09,
            72.42,
            72.58,
            73.31,
            73.11,
            73.11999999999999,
            72.99,
            73.21,
            73.22999999999999,
            72.56,
            73.22999999999999,
            73.33,
            73.28,
            73.2,
            73.58,
            73.31,
            73.00999999999999,
            73.2,
            73.19,
            73.29,
            73.3,
            73.35000000000001,
            73.33,
            73.4,
            73.52,
            73.26,
            73.42999999999999,
            73.26,
            73.42,
            73.46000000000001,
            73.29,
            73.42999999999999,
            73.16,
            73.29,
            73.26,
            73.25,
            73.22,
            73.33,
            73.47,
            73.22,
            73.39,
            73.35000000000001,
            73.27,
            73.42,
            73.2,
            73.33,
            73.04,
            73.03,
            73.2,
            73.17,
            72.77,
            72.88,
            73.05,
            72.41,
            71.99,
            72.2,
            72.03,
            71.98,
            71.53,
            71.59,
            70.97,
            70.94,
            71.48,
            70.97,
            71.87
        ]
    
}