{
    "config": {
        "E": 1,
        "K": 5,
        "NUMBER_OF_CLIENTS": 100,
        "MAX_TIME": 2500,
        "BATCH_SIZE": 50,
        "VALIDATION_BATCH_SIZE": 500,
        "LR": 0.01,
        "WEIGHT_DECAY": 0.0004,
        "DATA_DISTRIBUTION": "non-iid",
        "LOG_FREQUENCY": 25,
        "AUGMENTATION_PROB": 0.0,
        "ALPHA": 0.001,
        "SAVE_FREQUENCY": 500,
        "NORM_LAYER": "bn"
    },
    "alpha": 0.05,
    "accuracy": [
        9.98,
        10.0,
        10.0,
        17.59,
        23.5,
        27.11,
        24.610000000000003,
        17.44,
        16.62,
        15.740000000000002,
        27.07,
        27.68,
        28.88,
        24.330000000000002,
        23.53,
        30.12,
        18.58,
        28.139999999999997,
        32.1,
        28.310000000000002,
        19.939999999999998,
        27.77,
        37.1,
        32.440000000000005,
        29.48,
        29.03,
        31.580000000000002,
        30.98,
        38.01,
        34.58,
        38.87,
        40.02,
        24.87,
        35.089999999999996,
        35.5,
        39.82,
        33.39,
        35.089999999999996,
        30.54,
        26.85,
        37.12,
        30.320000000000004,
        31.44,
        36.36,
        29.69,
        37.1,
        35.07,
        34.47,
        18.65,
        31.669999999999998,
        30.14,
        34.81,
        29.07,
        24.64,
        38.45,
        32.72,
        35.32,
        32.93,
        26.44,
        32.85,
        38.379999999999995,
        40.37,
        41.85,
        44.47,
        34.01,
        37.97,
        36.54,
        35.4,
        41.48,
        37.19,
        39.95,
        29.12,
        36.22,
        38.12,
        41.18,
        40.14,
        36.69,
        39.69,
        39.36,
        44.45,
        38.26,
        42.64,
        35.27,
        43.79,
        43.309999999999995,
        43.66,
        42.85,
        40.81,
        43.9,
        39.64,
        36.52,
        42.39,
        42.32,
        43.36,
        38.25,
        43.35,
        39.08,
        39.93,
        45.660000000000004,
        38.23
    ]
}