{
    "config": {
        "E": 5,
        "K": 5,
        "NUMBER_OF_CLIENTS": 100,
        "MAX_TIME": 1500,
        "BATCH_SIZE": 50,
        "VALIDATION_BATCH_SIZE": 500,
        "LR": 0.01,
        "WEIGHT_DECAY": 0.0004,
        "DATA_DISTRIBUTION": "non-iid",
        "DIRICHELET_ALPHA": "[ 0 . 5 ,   1 0 . 0 ]",
        "AVERAGE_ACCURACY": "[0.6493 0.6879]",
        "LOG_FREQUENCY": 25,
        "AUGMENTATION_PROB": 0.0,
        "ALPHA": 0.001,
        "SAVE_FREQUENCY": 500,
        "NORM_LAYER": ""
    },
    "alpha": "1 0 . 0",
    "accuracy": {
        "0.5": [
            10.0,
            28.68,
            40.8,
            42.27,
            45.85,
            48.88,
            48.29,
            51.54,
            52.410000000000004,
            52.73,
            46.089999999999996,
            55.48,
            58.199999999999996,
            57.830000000000005,
            54.33,
            56.32,
            54.82,
            55.669999999999995,
            58.96,
            59.4,
            57.099999999999994,
            61.260000000000005,
            57.82000000000001,
            60.46,
            61.96,
            63.68000000000001,
            62.11,
            61.49,
            64.21,
            64.71000000000001,
            61.77,
            61.480000000000004,
            61.07,
            58.940000000000005,
            63.4,
            61.99,
            63.06,
            61.4,
            53.02,
            63.33,
            58.07,
            61.660000000000004,
            62.06,
            59.64,
            64.03,
            60.64000000000001,
            60.61,
            62.970000000000006,
            62.96000000000001,
            57.879999999999995,
            61.09,
            60.650000000000006,
            59.63,
            61.83,
            63.65,
            60.33,
            61.129999999999995,
            57.36,
            64.92999999999999,
            63.160000000000004
        ],
        "10.0": [
            11.52,
            37.93,
            54.2,
            58.86,
            58.96,
            59.4,
            59.95,
            59.9,
            60.45,
            61.68,
            61.79,
            61.77,
            62.849999999999994,
            62.53999999999999,
            62.760000000000005,
            63.1,
            63.49,
            64.05,
            64.09,
            64.22,
            64.39,
            64.29,
            64.07000000000001,
            64.60000000000001,
            65.08,
            64.9,
            65.28,
            65.5,
            65.38000000000001,
            65.69,
            66.09,
            66.63,
            66.52,
            67.25999999999999,
            67.32000000000001,
            66.06,
            67.04,
            66.41,
            66.59,
            66.53999999999999,
            65.92,
            65.92,
            65.56,
            66.16,
            65.93,
            66.53,
            66.09,
            65.11,
            65.89,
            66.93,
            66.67999999999999,
            66.7,
            66.49000000000001,
            67.25999999999999,
            67.27,
            66.61,
            67.02,
            67.75999999999999,
            68.43,
            68.78999999999999
        ]
    }
}