{
    "config": {
        "E": 1,
        "K": 5,
        "NUMBER_OF_CLIENTS": 100,
        "MAX_TIME": 2500,
        "BATCH_SIZE": 50,
        "VALIDATION_BATCH_SIZE": 500,
        "LR": 0.01,
        "WEIGHT_DECAY": 0.0004,
        "DATA_DISTRIBUTION": "non-iid",
        "DIRICHELET_ALPHA": "[ 0 . 0 ,   0 . 0 5 ,   0 . 1 ,   0 . 2 ,   0 . 5 ,   1 . 0 ,   1 0 . 0 ,   1 0 0 . 0 ]",
        "AVERAGE_ACCURACY": "[0.2073 0.6445 0.6774 0.683  0.6941 0.6935 0.     0.    ]",
        "LOG_FREQUENCY": 25,
        "AUGMENTATION_PROB": 0.0,
        "ALPHA": 0.01,
        "SAVE_FREQUENCY": 500,
        "NORM_LAYER": ""
    },
    "alpha": "1 . 0",
    "accuracy": [
        11.73,
        22.53,
        17.22,
        31.3,
        36.17,
        38.34,
        41.99,
        43.93,
        44.87,
        46.72,
        47.61,
        49.3,
        44.43,
        49.18,
        54.6,
        53.510000000000005,
        49.61,
        56.85,
        55.02,
        58.489999999999995,
        55.379999999999995,
        53.83,
        61.61,
        59.99,
        60.24,
        58.650000000000006,
        62.23,
        60.47,
        62.83,
        64.22,
        63.73,
        63.9,
        60.309999999999995,
        63.09,
        63.5,
        64.02,
        63.970000000000006,
        61.480000000000004,
        63.89,
        64.94,
        64.55,
        64.73,
        66.10000000000001,
        62.82,
        65.34,
        65.3,
        66.78,
        66.79,
        66.75,
        67.29,
        66.09,
        64.03,
        67.69000000000001,
        64.60000000000001,
        65.29,
        66.99000000000001,
        67.49000000000001,
        66.61,
        66.88,
        67.36,
        67.99,
        66.85,
        68.24,
        68.14,
        68.37,
        68.34,
        68.46,
        68.17,
        68.88,
        69.35,
        67.11,
        68.15,
        68.69999999999999,
        67.81,
        68.57,
        68.12,
        68.78,
        68.28999999999999,
        68.97,
        68.3,
        68.65,
        68.99,
        68.96,
        68.87,
        68.17999999999999,
        68.49,
        68.87,
        67.81,
        68.21000000000001,
        68.72,
        68.62,
        68.80000000000001,
        69.05,
        68.71000000000001,
        69.17999999999999,
        68.76,
        67.69,
        68.23,
        67.47,
        67.82000000000001
    ]
}