{
    "config": {
        "E": 5,
        "K": 5,
        "NUMBER_OF_CLIENTS": 100,
        "MAX_TIME": 1500,
        "BATCH_SIZE": 50,
        "VALIDATION_BATCH_SIZE": 500,
        "LR": 0.01,
        "WEIGHT_DECAY": 0.0004,
        "DATA_DISTRIBUTION": "non-iid",
        "LR_DECAY": 0.99,
        "LOG_FREQUENCY": 25,
        "AUGMENTATION_PROB": 0.0,
        "ALPHA": 0.01,
        "SAVE_FREQUENCY": 500,
        "NORM_LAYER": ""
    },
    "alpha": 0.0,
    "accuracy": [
        10.0,
        10.010000000000002,
        10.0,
        12.21,
        10.0,
        10.0,
        10.0,
        10.0,
        10.0,
        10.0,
        10.0,
        10.0,
        10.0,
        10.03,
        10.0,
        10.0,
        10.0,
        10.0,
        10.0,
        10.0,
        10.0,
        10.0,
        10.0,
        10.33,
        10.0,
        10.0,
        10.0,
        10.0,
        10.0,
        10.0,
        10.0,
        12.040000000000001,
        10.0,
        10.0,
        10.0,
        10.0,
        10.0,
        13.639999999999999,
        10.0,
        16.5,
        10.0,
        10.0,
        10.0,
        16.62,
        13.96,
        14.49,
        13.48,
        12.31,
        17.94,
        10.0,
        10.0,
        16.6,
        10.27,
        10.0,
        14.39,
        14.510000000000002,
        13.54,
        16.49,
        13.969999999999999,
        18.22
    ]
}