{
    "config": {
        "E": 1,
        "K": 5,
        "NUMBER_OF_CLIENTS": 100,
        "MAX_TIME": 2500,
        "BATCH_SIZE": 50,
        "VALIDATION_BATCH_SIZE": 500,
        "LR": 0.01,
        "WEIGHT_DECAY": 0.0004,
        "DATA_DISTRIBUTION": "non-iid",
        "DIRICHELET_ALPHA": "[ 0 . 0 ,   0 . 1 ,   0 . 5 ,   1 0 . 0 ,   0 . 5 ,   1 . 0 ,   1 0 . 0 ,   1 0 0 . 0 ]",
        "AVERAGE_ACCURACY": "[0.3553 0.6826 0.7155 0.     0.     0.     0.     0.    ]",
        "LOG_FREQUENCY": 25,
        "AUGMENTATION_PROB": 0.0,
        "ALPHA": 0.001,
        "SAVE_FREQUENCY": 500,
        "NORM_LAYER": "gn"
    },
    "alpha": "0 . 5",
    "accuracy": {
        "0.0": [
            10.0,
            10.0,
            10.0,
            10.07,
            10.0,
            10.0,
            10.0,
            10.0,
            18.27,
            14.59,
            11.81,
            21.8,
            13.100000000000001,
            21.38,
            19.720000000000002,
            20.44,
            15.010000000000002,
            13.18,
            14.26,
            12.0,
            16.0,
            18.81,
            24.77,
            22.08,
            24.9,
            22.8,
            18.29,
            19.900000000000002,
            23.95,
            17.52,
            15.160000000000002,
            25.509999999999998,
            20.89,
            14.13,
            24.98,
            21.12,
            30.009999999999998,
            30.470000000000002,
            22.02,
            29.17,
            10.48,
            18.42,
            19.43,
            29.099999999999998,
            21.95,
            15.410000000000002,
            19.939999999999998,
            19.950000000000003,
            25.430000000000003,
            15.76,
            10.200000000000001,
            24.22,
            20.0,
            21.67,
            20.330000000000002,
            20.65,
            22.87,
            23.01,
            21.64,
            26.25,
            29.74,
            23.86,
            28.1,
            28.92,
            22.939999999999998,
            21.29,
            28.110000000000003,
            29.270000000000003,
            22.6,
            27.439999999999998,
            20.94,
            21.349999999999998,
            21.76,
            27.150000000000002,
            23.61,
            17.580000000000002,
            27.12,
            16.580000000000002,
            18.560000000000002,
            23.400000000000002,
            11.57,
            26.640000000000004,
            26.369999999999997,
            23.71,
            33.76,
            17.51,
            24.58,
            30.759999999999998,
            28.599999999999998,
            25.0,
            23.55,
            10.77,
            31.490000000000002,
            26.229999999999997,
            31.269999999999996,
            33.28,
            33.5,
            35.53,
            26.68,
            24.95
        ],
        "0.1": [
            11.26,
            10.0,
            18.42,
            27.779999999999998,
            26.740000000000002,
            37.55,
            29.25,
            30.69,
            29.17,
            39.33,
            38.76,
            28.98,
            27.16,
            37.63,
            33.35,
            35.709999999999994,
            37.72,
            41.89,
            50.050000000000004,
            43.78,
            51.07000000000001,
            35.36,
            47.449999999999996,
            47.839999999999996,
            50.96000000000001,
            44.330000000000005,
            49.61,
            52.410000000000004,
            50.45,
            53.28000000000001,
            53.0,
            47.03,
            41.199999999999996,
            51.68000000000001,
            45.82,
            59.809999999999995,
            47.85,
            58.85,
            46.800000000000004,
            47.06,
            48.46,
            55.769999999999996,
            46.900000000000006,
            44.17,
            45.129999999999995,
            47.160000000000004,
            54.35,
            54.26,
            51.27,
            52.61,
            56.89999999999999,
            52.059999999999995,
            57.75,
            44.76,
            55.65,
            46.489999999999995,
            61.150000000000006,
            57.099999999999994,
            56.69,
            59.58,
            58.209999999999994,
            51.06,
            51.67,
            58.28,
            48.730000000000004,
            61.42999999999999,
            58.67,
            56.330000000000005,
            54.74,
            60.419999999999995,
            50.7,
            62.0,
            56.05,
            50.17,
            62.32,
            50.59,
            60.61,
            58.74,
            61.739999999999995,
            61.99,
            55.290000000000006,
            57.599999999999994,
            62.19,
            59.48,
            56.620000000000005,
            59.4,
            49.88,
            62.260000000000005,
            63.63999999999999,
            55.26,
            58.540000000000006,
            59.36,
            63.050000000000004,
            65.03,
            58.41,
            68.26,
            61.34,
            56.04,
            61.75000000000001,
            61.14000000000001
        ],
        "0.5": [
            10.0,
            22.71,
            37.53,
            39.45,
            38.95,
            35.99,
            41.91,
            41.42,
            47.4,
            45.839999999999996,
            56.37,
            57.05,
            53.169999999999995,
            53.959999999999994,
            55.510000000000005,
            61.59,
            55.989999999999995,
            61.540000000000006,
            58.660000000000004,
            62.27,
            63.04,
            59.870000000000005,
            58.660000000000004,
            59.84,
            64.74,
            60.84,
            64.88000000000001,
            60.72,
            62.61,
            64.79,
            62.35000000000001,
            63.04,
            63.349999999999994,
            64.13,
            67.36999999999999,
            63.83,
            62.63999999999999,
            64.9,
            68.26,
            65.81,
            62.18,
            66.93,
            62.51,
            64.48,
            67.54,
            65.42999999999999,
            62.53999999999999,
            66.25999999999999,
            59.88,
            66.66,
            67.75,
            66.73,
            66.64999999999999,
            65.78,
            67.61,
            65.03999999999999,
            67.62,
            68.14,
            69.66,
            68.99,
            69.86,
            70.08,
            68.74,
            69.06,
            70.44,
            67.94,
            67.51,
            71.55,
            68.75,
            65.49000000000001,
            70.66,
            70.6,
            69.74000000000001,
            67.71000000000001,
            68.33,
            70.49,
            66.14,
            70.73,
            69.53,
            68.72,
            70.89999999999999,
            69.52000000000001,
            70.6,
            69.8,
            70.24000000000001,
            70.56,
            70.59,
            70.64,
            70.19,
            67.15,
            62.07,
            68.97,
            66.81,
            60.51,
            68.43,
            67.93,
            66.63,
            66.2,
            65.08,
            65.96
        ]
    }
}