{
    "config": {
        "E": 1,
        "K": 5,
        "NUMBER_OF_CLIENTS": 100,
        "MAX_TIME": 1500,
        "BATCH_SIZE": 50,
        "VALIDATION_BATCH_SIZE": 500,
        "LR": 0.01,
        "WEIGHT_DECAY": 0.0004,
        "DATA_DISTRIBUTION": "non-iid",
        "DIRICHELET_ALPHA": "[ 1 0 . 0 ]",
        "AVERAGE_ACCURACY": "[0.7099 0.     0.     0.    ]",
        "LOG_FREQUENCY": 25,
        "AUGMENTATION_PROB": 0.0,
        "ALPHA": 0.001,
        "SAVE_FREQUENCY": 500,
        "NORM_LAYER": ""
    },
    "alpha": "1 0 . 0",
    "accuracy": [
        10.08,
        23.48,
        34.39,
        39.339999999999996,
        45.32,
        48.18,
        50.580000000000005,
        51.72,
        56.71000000000001,
        57.15,
        58.440000000000005,
        62.78,
        61.6,
        64.92999999999999,
        66.2,
        67.24,
        67.93,
        68.47999999999999,
        68.05,
        68.64,
        69.17999999999999,
        69.52000000000001,
        69.95,
        69.97,
        69.48,
        69.16,
        69.38,
        69.6,
        69.17999999999999,
        69.39,
        69.82000000000001,
        69.55,
        69.98,
        69.87,
        69.77,
        69.88,
        70.19999999999999,
        70.05,
        70.05,
        69.86,
        70.05,
        70.22,
        70.27,
        70.16,
        69.80999999999999,
        70.42,
        69.96,
        70.16,
        70.16,
        69.89,
        69.95,
        70.15,
        70.67999999999999,
        70.72,
        70.57,
        70.72,
        70.95,
        70.98,
        70.7,
        70.99
    ]
}