{
    "config": {
        "E": 5,
        "K": 5,
        "NUMBER_OF_CLIENTS": 100,
        "MAX_TIME": 1500,
        "BATCH_SIZE": 50,
        "VALIDATION_BATCH_SIZE": 500,
        "LR": 0.01,
        "WEIGHT_DECAY": 0.0004,
        "DATA_DISTRIBUTION": "non-iid",
        "LOG_FREQUENCY": 25,
        "AUGMENTATION_PROB": 0.0,
        "ALPHA": 0.001,
        "SAVE_FREQUENCY": 500,
        "NORM_LAYER": ""
    },
    "alpha": 10.0,
    "accuracy": [
        11.52,
        37.93,
        54.2,
        58.86,
        58.96,
        59.4,
        59.95,
        59.9,
        60.45,
        61.68,
        61.79,
        61.77,
        62.849999999999994,
        62.53999999999999,
        62.760000000000005,
        63.1,
        63.49,
        64.05,
        64.09,
        64.22,
        64.39,
        64.29,
        64.07000000000001,
        64.60000000000001,
        65.08,
        64.9,
        65.28,
        65.5,
        65.38000000000001,
        65.69,
        66.09,
        66.63,
        66.52,
        67.25999999999999,
        67.32000000000001,
        66.06,
        67.04,
        66.41,
        66.59,
        66.53999999999999,
        65.92,
        65.92,
        65.56,
        66.16,
        65.93,
        66.53,
        66.09,
        65.11,
        65.89,
        66.93,
        66.67999999999999,
        66.7,
        66.49000000000001,
        67.25999999999999,
        67.27,
        66.61,
        67.02,
        67.75999999999999,
        68.43,
        68.78999999999999
	]
}
