{
    "config": {
        "E": 1,
        "K": 5,
        "NUMBER_OF_CLIENTS": 100,
        "MAX_TIME": 2500,
        "BATCH_SIZE": 50,
        "VALIDATION_BATCH_SIZE": 500,
        "LR": 0.01,
        "WEIGHT_DECAY": 0.0004,
        "DATA_DISTRIBUTION": "iid",
        "DIRICHELET_ALPHA": "[ 0 . 0 ,   0 . 0 5 ,   0 . 1 ,   0 . 2 ,   0 . 5 ,   1 . 0 ,   1 0 . 0 ,   1 0 0 . 0 ]",
        "AVERAGE_ACCURACY": "[0.7551 0.     0.     0.     0.     0.     0.     0.    ]",
        "LOG_FREQUENCY": 25,
        "AUGMENTATION_PROB": 0.0,
        "ALPHA": 0.001,
        "SAVE_FREQUENCY": 500,
        "NORM_LAYER": "bn"
    },
    "alpha": "0 . 0",
    "accuracy": [
        12.38,
        42.78,
        55.169999999999995,
        60.099999999999994,
        63.959999999999994,
        66.08,
        68.38,
        69.69,
        70.86,
        71.35000000000001,
        72.91,
        73.31,
        73.94000000000001,
        74.35000000000001,
        74.33999999999999,
        74.97,
        75.03999999999999,
        75.33999999999999,
        75.17,
        75.35,
        75.2,
        75.51,
        75.22999999999999,
        75.33999999999999,
        75.03999999999999,
        75.26,
        74.96000000000001,
        75.06,
        74.62,
        74.63,
        74.59,
        74.31,
        74.29,
        74.37,
        74.49,
        74.74,
        74.53999999999999,
        74.68,
        74.75,
        74.63,
        74.86,
        74.96000000000001,
        75.02,
        75.07000000000001,
        74.97,
        74.9,
        74.6,
        74.6,
        74.65,
        74.59,
        74.52,
        74.57000000000001,
        74.83,
        74.55000000000001,
        74.64,
        74.65,
        74.87,
        74.8,
        74.66000000000001,
        74.98,
        74.77000000000001,
        74.74,
        74.92,
        74.8,
        74.79,
        74.89,
        74.7,
        74.89,
        74.78,
        74.63,
        74.65,
        74.71,
        74.76,
        74.6,
        74.38,
        74.6,
        74.38,
        74.3,
        74.41,
        74.28,
        74.39,
        74.55000000000001,
        74.5,
        74.24,
        74.38,
        74.03999999999999,
        74.03999999999999,
        74.36,
        73.38,
        73.48,
        73.7,
        72.97,
        72.78,
        72.24000000000001,
        72.54,
        72.18,
        72.61,
        72.85000000000001,
        72.49,
        72.59
    ]
}