{
    "config": {
        "E": 1,
        "K": 5,
        "NUMBER_OF_CLIENTS": 100,
        "MAX_TIME": 2500,
        "BATCH_SIZE": 50,
        "VALIDATION_BATCH_SIZE": 500,
        "LR": 0.01,
        "WEIGHT_DECAY": 0.0004,
        "DATA_DISTRIBUTION": "non-iid",
        "DIRICHELET_ALPHA": "[ 0 . 0 ,   0 . 0 5 ,   0 . 1 ,   0 . 2 ,   0 . 5 ,   1 . 0 ,   1 0 . 0 ,   1 0 0 . 0 ]",
        "AVERAGE_ACCURACY": "[0.1674 0.4566 0.4804 0.5688 0.643  0.672  0.7348 0.7511]",
        "LOG_FREQUENCY": 25,
        "AUGMENTATION_PROB": 0.0,
        "ALPHA": 0.001,
        "SAVE_FREQUENCY": 500,
        "NORM_LAYER": "bn"
    },
    "alpha": "1 0 0 . 0",
    "accuracy": [
        10.11,
        42.919999999999995,
        53.97,
        58.96,
        63.54,
        66.03999999999999,
        67.71000000000001,
        69.39,
        70.23,
        71.28,
        71.91,
        72.28999999999999,
        73.21,
        73.45,
        73.61,
        74.32,
        74.19,
        74.72999999999999,
        74.7,
        75.0,
        75.0,
        74.7,
        75.11,
        74.86,
        74.88,
        74.66000000000001,
        74.74,
        74.32,
        74.6,
        74.37,
        74.06,
        74.32,
        74.16,
        74.18,
        74.53999999999999,
        74.42,
        74.3,
        74.4,
        74.14,
        74.39,
        74.1,
        74.19,
        74.24,
        74.18,
        74.28,
        74.15,
        74.22999999999999,
        74.0,
        74.24,
        74.79,
        74.64,
        74.52,
        74.72999999999999,
        74.66000000000001,
        74.77000000000001,
        74.42,
        74.49,
        74.57000000000001,
        74.6,
        74.7,
        74.53,
        74.59,
        74.64,
        74.36,
        74.42,
        74.34,
        74.37,
        74.63,
        74.29,
        74.44,
        74.6,
        74.7,
        74.47,
        74.37,
        74.22,
        74.27,
        73.99,
        74.08,
        74.25,
        73.96000000000001,
        73.98,
        74.00999999999999,
        73.8,
        73.83999999999999,
        73.44,
        73.81,
        73.75,
        73.27,
        73.38,
        73.05,
        72.76,
        73.11999999999999,
        73.2,
        72.98,
        73.42,
        73.15,
        72.95,
        72.92,
        72.94,
        73.25
    ]
}