{
    "config": {
        "E": 1,
        "K": 5,
        "NUMBER_OF_CLIENTS": 100,
        "MAX_TIME": 2500,
        "BATCH_SIZE": 50,
        "VALIDATION_BATCH_SIZE": 500,
        "LR": 0.01,
        "WEIGHT_DECAY": 0.0004,
        "DATA_DISTRIBUTION": "non-iid",
        "DIRICHELET_ALPHA": "[ 0 . 0 ,   0 . 1 ,   0 . 5 ,   1 0 . 0 ,   0 . 5 ,   1 . 0 ,   1 0 . 0 ,   1 0 0 . 0 ]",
        "AVERAGE_ACCURACY": "[0.2026 0.     0.     0.     0.     0.     0.     0.    ]",
        "LOG_FREQUENCY": 25,
        "AUGMENTATION_PROB": 0.0,
        "ALPHA": 0.1,
        "SAVE_FREQUENCY": 500,
        "NORM_LAYER": ""
    },
    "alpha": "0 . 0",
    "accuracy": [
        10.32,
        10.0,
        10.0,
        10.0,
        10.0,
        10.01,
        10.0,
        10.0,
        15.340000000000002,
        10.07,
        10.0,
        16.59,
        10.0,
        10.010000000000002,
        10.0,
        10.0,
        10.0,
        10.0,
        10.0,
        10.0,
        10.0,
        10.0,
        9.969999999999999,
        10.059999999999999,
        10.36,
        10.03,
        10.040000000000001,
        10.0,
        10.02,
        10.0,
        10.0,
        10.100000000000001,
        10.100000000000001,
        10.0,
        10.12,
        10.0,
        9.44,
        10.71,
        10.0,
        10.0,
        10.0,
        10.040000000000001,
        10.0,
        10.05,
        10.0,
        10.31,
        10.36,
        14.469999999999999,
        10.0,
        10.0,
        10.0,
        10.0,
        10.0,
        10.0,
        12.29,
        10.0,
        12.33,
        13.459999999999999,
        13.08,
        15.340000000000002,
        18.77,
        11.510000000000002,
        17.02,
        17.27,
        14.16,
        14.930000000000001,
        17.16,
        16.1,
        13.38,
        16.520000000000003,
        14.32,
        11.21,
        6.8100000000000005,
        10.77,
        16.06,
        10.08,
        15.6,
        12.53,
        16.6,
        18.58,
        10.13,
        11.4,
        12.620000000000001,
        13.040000000000001,
        17.98,
        11.87,
        15.45,
        17.73,
        10.100000000000001,
        20.26,
        12.34,
        11.22,
        19.7,
        14.69,
        14.91,
        19.37,
        18.310000000000002,
        16.81,
        17.35,
        15.49
    ]
}