{
    "config": {
        "E": 5,
        "K": 5,
        "NUMBER_OF_CLIENTS": 100,
        "MAX_TIME": 1500,
        "BATCH_SIZE": 50,
        "VALIDATION_BATCH_SIZE": 500,
        "LR": 0.01,
        "WEIGHT_DECAY": 0.0004,
        "DATA_DISTRIBUTION": "iid",
        "DIRICHELET_ALPHA": "[ ' i i d ' ]",
        "AVERAGE_ACCURACY": "[0.748 0.    0.    0.   ]",
        "LOG_FREQUENCY": 25,
        "AUGMENTATION_PROB": 0.0,
        "ALPHA": 0.001,
        "SAVE_FREQUENCY": 500,
        "NORM_LAYER": "bn"
    },
    "alpha": "i i d",
    "accuracy": [
        10.0,
        63.57000000000001,
        69.05,
        70.55,
        71.5,
        72.00999999999999,
        72.3,
        72.72999999999999,
        72.57000000000001,
        72.86,
        72.72,
        72.87,
        72.86,
        72.58,
        72.92,
        72.97,
        72.94,
        72.78999999999999,
        72.96000000000001,
        73.14,
        73.19,
        73.49,
        73.48,
        73.49,
        73.76,
        73.92999999999999,
        73.96000000000001,
        74.11999999999999,
        74.31,
        74.19,
        73.99,
        73.96000000000001,
        74.05000000000001,
        74.02,
        74.2,
        74.03,
        74.18,
        74.22999999999999,
        74.44,
        74.27,
        74.25,
        74.48,
        74.39,
        74.25,
        74.21,
        74.11999999999999,
        74.17,
        74.1,
        74.0,
        74.29,
        73.97,
        74.27,
        74.55000000000001,
        74.72,
        74.57000000000001,
        74.13,
        74.21,
        74.25,
        74.39,
        74.8
    ]
}
