{
    "config": {
        "E": 1,
        "K": 5,
        "NUMBER_OF_CLIENTS": 100,
        "MAX_TIME": 2500,
        "BATCH_SIZE": 50,
        "VALIDATION_BATCH_SIZE": 500,
        "LR": 0.01,
        "WEIGHT_DECAY": 0.0004,
        "DATA_DISTRIBUTION": "non-iid",
        "LOG_FREQUENCY": 25,
        "AUGMENTATION_PROB": 0.0,
        "ALPHA": 0.001,
        "SAVE_FREQUENCY": 500,
        "NORM_LAYER": ""
    },
    "alpha": 0.0,
    "accuracy": [
        10.11,
        10.0,
        10.040000000000001,
        10.0,
        10.01,
        10.0,
        10.0,
        10.0,
        10.68,
        10.010000000000002,
        10.0,
        10.15,
        10.0,
        10.01,
        10.0,
        11.19,
        11.35,
        10.0,
        10.0,
        10.0,
        10.0,
        10.0,
        10.0,
        10.0,
        10.0,
        10.0,
        10.0,
        10.0,
        10.0,
        10.0,
        10.0,
        10.0,
        10.0,
        10.0,
        10.0,
        10.0,
        10.0,
        10.0,
        10.0,
        10.0,
        10.0,
        10.0,
        10.0,
        10.0,
        10.0,
        10.0,
        10.0,
        10.0,
        10.0,
        10.0,
        10.0,
        10.0,
        10.0,
        10.0,
        10.0,
        10.0,
        10.0,
        10.0,
        10.0,
        10.0,
        10.0,
        10.0,
        10.0,
        10.0,
        10.010000000000002,
        10.0,
        10.0,
        10.0,
        10.0,
        10.0,
        10.0,
        10.0,
        10.0,
        10.0,
        10.0,
        10.0,
        10.0,
        10.0,
        10.02,
        10.280000000000001,
        9.969999999999999,
        9.58,
        10.14,
        10.01,
        11.32,
        10.0,
        10.09,
        13.370000000000001,
        10.32,
        10.0,
        10.0,
        10.0,
        18.07,
        10.09,
        12.67,
        17.48,
        16.580000000000002,
        16.37,
        15.02,
        15.809999999999999
    ]
}