{
    "config": {
        "E": 1,
        "K": 5,
        "NUMBER_OF_CLIENTS": 100,
        "MAX_TIME": 2500,
        "BATCH_SIZE": 50,
        "VALIDATION_BATCH_SIZE": 500,
        "LR": 0.01,
        "WEIGHT_DECAY": 0.0004,
        "DATA_DISTRIBUTION": "non-iid",
        "DIRICHELET_ALPHA": "[ 0 . 0 ,   0 . 0 5 ,   0 . 1 ,   0 . 2 ,   0 . 5 ,   1 . 0 ,   1 0 . 0 ,   1 0 0 . 0 ]",
        "AVERAGE_ACCURACY": "[0.1807 0.6505 0.     0.    ]",
        "LOG_FREQUENCY": 25,
        "AUGMENTATION_PROB": 0.0,
        "ALPHA": 0.001,
        "SAVE_FREQUENCY": 500,
        "NORM_LAYER": ""
    },
    "alpha": "0 . 0 5",
    "accuracy": [
        9.969999999999999,
        10.0,
        10.0,
        10.11,
        18.68,
        20.44,
        20.01,
        16.84,
        12.73,
        11.88,
        27.07,
        29.2,
        29.720000000000002,
        28.58,
        25.680000000000003,
        33.35,
        21.27,
        28.1,
        36.89,
        31.55,
        22.71,
        30.69,
        35.339999999999996,
        37.29,
        38.1,
        35.68,
        28.360000000000003,
        32.36,
        37.04,
        38.31,
        43.46,
        43.21,
        29.330000000000002,
        38.24,
        34.849999999999994,
        44.39,
        35.699999999999996,
        42.230000000000004,
        35.099999999999994,
        43.12,
        48.02,
        41.120000000000005,
        35.65,
        43.78,
        46.47,
        48.64,
        44.62,
        51.849999999999994,
        29.01,
        42.72,
        50.68,
        48.03,
        43.14,
        42.9,
        52.17,
        49.9,
        50.82,
        50.150000000000006,
        47.69,
        49.3,
        52.99,
        57.92,
        54.7,
        56.769999999999996,
        51.82,
        56.940000000000005,
        52.09,
        61.29,
        59.550000000000004,
        62.150000000000006,
        60.029999999999994,
        51.129999999999995,
        58.37,
        59.4,
        54.55,
        62.980000000000004,
        57.18,
        57.60999999999999,
        61.82,
        60.06,
        59.650000000000006,
        60.099999999999994,
        55.52,
        61.85000000000001,
        59.99,
        61.21,
        60.980000000000004,
        58.489999999999995,
        64.69,
        60.919999999999995,
        57.63,
        59.709999999999994,
        65.05,
        63.75999999999999,
        61.199999999999996,
        60.050000000000004,
        59.940000000000005,
        58.309999999999995,
        61.7,
        59.11
    ]
}