{
    "config": {
        "E": 5,
        "K": 5,
        "NUMBER_OF_CLIENTS": 100,
        "MAX_TIME": 1500,
        "BATCH_SIZE": 50,
        "VALIDATION_BATCH_SIZE": 500,
        "LR": 0.01,
        "WEIGHT_DECAY": 0.0004,
        "DATA_DISTRIBUTION": "non-iid",
        "DIRICHELET_ALPHA": "[ 0 . 0 ,   0 . 1 ,   0 . 5 ,   1 0 . 0 ]",
        "AVERAGE_ACCURACY": "[0.2004 0.     0.     0.    ]",
        "LOG_FREQUENCY": 25,
        "AUGMENTATION_PROB": 0.0,
        "ALPHA": 0.001,
        "SAVE_FREQUENCY": 500,
        "NORM_LAYER": ""
    },
    "alpha": "0 . 0",
    "accuracy": {
        "0.0": [
            10.0,
            10.98,
            10.0,
            10.0,
            14.62,
            10.0,
            10.0,
            9.92,
            10.0,
            13.48,
            10.0,
            13.61,
            10.0,
            10.12,
            10.0,
            9.99,
            10.05,
            9.99,
            10.0,
            10.0,
            10.0,
            10.0,
            10.0,
            10.040000000000001,
            10.0,
            10.02,
            10.0,
            10.0,
            10.0,
            10.0,
            10.0,
            12.15,
            10.0,
            10.0,
            10.590000000000002,
            10.0,
            17.07,
            18.93,
            11.63,
            20.04,
            10.0,
            10.0,
            12.16,
            17.98,
            13.58,
            13.66,
            13.4,
            13.350000000000001,
            19.59,
            10.12,
            10.0,
            19.28,
            10.85,
            14.96,
            14.360000000000001,
            14.95,
            15.85,
            16.900000000000002,
            15.840000000000002,
            18.66
        ]
    }
}