{
    "config": {
        "E": 1,
        "K": 5,
        "NUMBER_OF_CLIENTS": 100,
        "MAX_TIME": 2500,
        "BATCH_SIZE": 50,
        "VALIDATION_BATCH_SIZE": 500,
        "LR": 0.01,
        "WEIGHT_DECAY": 0.0004,
        "DATA_DISTRIBUTION": "non-iid",
        "DIRICHELET_ALPHA": "[ 0 . 0 ,   0 . 0 5 ,   0 . 1 ,   0 . 2 ,   0 . 5 ,   1 . 0 ,   1 0 . 0 ,   1 0 0 . 0 ]",
        "AVERAGE_ACCURACY": "[0.1807 0.6505 0.6615 0.6798]",
        "LOG_FREQUENCY": 25,
        "AUGMENTATION_PROB": 0.0,
        "ALPHA": 0.001,
        "SAVE_FREQUENCY": 500,
        "NORM_LAYER": ""
    },
    "alpha": "0 . 2",
    "accuracy": [
        10.010000000000002,
        10.0,
        15.360000000000001,
        24.95,
        18.62,
        26.91,
        20.93,
        30.520000000000003,
        28.12,
        29.330000000000002,
        28.99,
        33.910000000000004,
        32.41,
        25.880000000000003,
        36.9,
        31.070000000000004,
        32.28,
        39.4,
        44.48,
        38.15,
        44.58,
        47.24,
        46.92,
        42.15,
        41.589999999999996,
        46.89,
        48.99,
        52.339999999999996,
        54.83,
        51.51,
        48.03,
        50.11,
        48.86,
        52.62,
        54.08,
        47.25,
        46.589999999999996,
        55.269999999999996,
        35.76,
        55.03,
        57.04,
        58.589999999999996,
        52.93,
        58.37,
        59.36,
        58.58,
        55.97,
        55.059999999999995,
        59.12,
        52.65,
        57.53,
        55.730000000000004,
        62.22,
        58.709999999999994,
        59.19,
        58.60999999999999,
        59.230000000000004,
        63.18,
        61.629999999999995,
        64.97,
        63.41,
        61.22,
        62.25000000000001,
        59.519999999999996,
        64.16,
        63.94,
        63.56,
        62.739999999999995,
        67.02,
        57.65,
        64.63,
        62.23,
        63.970000000000006,
        64.41,
        65.38000000000001,
        66.56,
        65.86999999999999,
        66.03,
        65.47,
        64.33,
        64.11,
        65.32,
        62.96000000000001,
        66.53999999999999,
        65.28,
        67.82000000000001,
        64.38000000000001,
        62.92,
        66.56,
        64.87,
        67.97999999999999,
        64.16,
        66.0,
        64.68,
        65.7,
        65.42999999999999,
        61.480000000000004,
        66.14999999999999,
        65.97,
        65.05
    ]
}