{
    "config": {
        "E": 1,
        "K": 5,
        "NUMBER_OF_CLIENTS": 100,
        "MAX_TIME": 2500,
        "BATCH_SIZE": 50,
        "VALIDATION_BATCH_SIZE": 500,
        "LR": 0.01,
        "WEIGHT_DECAY": 0.0004,
        "DATA_DISTRIBUTION": "non-iid",
        "LOG_FREQUENCY": 25,
        "AUGMENTATION_PROB": 0.0,
        "ALPHA": 0.001,
        "SAVE_FREQUENCY": 500,
        "NORM_LAYER": "gn"
    },
    "alpha": 100.0,
    "accuracy": [
        11.46,
        38.04,
        48.96,
        53.559999999999995,
        58.650000000000006,
        62.2,
        64.19,
        65.31,
        67.58,
        68.08,
        70.09,
        70.91,
        71.50999999999999,
        72.15,
        72.57000000000001,
        72.69,
        73.47,
        73.39,
        72.91,
        73.57000000000001,
        73.63,
        73.75,
        73.83,
        73.82,
        73.57000000000001,
        73.26,
        73.08,
        73.34,
        73.22,
        73.22,
        73.53,
        73.31,
        73.39,
        73.42,
        73.6,
        73.38,
        73.55000000000001,
        73.68,
        73.76,
        73.79,
        73.63,
        73.7,
        73.69,
        73.59,
        73.48,
        73.74000000000001,
        73.71,
        73.83,
        73.8,
        73.94000000000001,
        73.95,
        74.16,
        73.77,
        74.0,
        73.87,
        74.09,
        73.77,
        73.89,
        73.71,
        73.78,
        73.91,
        73.7,
        73.59,
        73.65,
        73.79,
        73.85000000000001,
        73.9,
        73.83999999999999,
        73.83999999999999,
        73.82,
        73.86,
        73.86,
        74.07000000000001,
        73.95,
        74.32,
        74.08,
        74.36,
        74.39,
        74.75,
        74.6,
        74.33,
        74.2,
        74.16,
        74.24,
        73.8,
        73.94,
        73.45,
        73.45,
        73.58,
        73.71,
        73.49,
        73.26,
        73.31,
        72.8,
        72.61999999999999,
        73.4,
        73.13,
        72.96000000000001,
        73.3,
        73.17
    ]
}