{
    "config": {
        "E": 1,
        "K": 5,
        "NUMBER_OF_CLIENTS": 100,
        "MAX_TIME": 2500,
        "BATCH_SIZE": 50,
        "VALIDATION_BATCH_SIZE": 500,
        "LR": 0.01,
        "WEIGHT_DECAY": 0.0004,
        "DATA_DISTRIBUTION": "non-iid",
        "LOG_FREQUENCY": 25,
        "AUGMENTATION_PROB": 0.0,
        "ALPHA": 0.1,
        "SAVE_FREQUENCY": 500,
        "NORM_LAYER": ""
    },
    "alpha": 0.05,
    "accuracy": [
        9.879999999999999,
        10.0,
        10.8,
        11.82,
        11.67,
        13.47,
        16.11,
        21.5,
        17.46,
        31.980000000000004,
        19.259999999999998,
        25.759999999999998,
        20.31,
        30.159999999999997,
        34.04,
        32.7,
        21.41,
        30.509999999999998,
        26.009999999999998,
        33.589999999999996,
        29.64,
        34.870000000000005,
        36.53,
        32.65,
        36.230000000000004,
        34.29,
        38.05,
        22.95,
        21.279999999999998,
        22.96,
        41.6,
        39.98,
        35.96,
        46.87,
        45.61,
        45.910000000000004,
        46.51,
        48.9,
        52.900000000000006,
        44.36,
        43.64,
        50.27,
        42.52,
        51.38,
        50.370000000000005,
        50.519999999999996,
        50.39,
        52.93,
        50.580000000000005,
        55.2,
        51.970000000000006,
        53.910000000000004,
        53.559999999999995,
        56.43,
        53.63,
        58.39,
        56.96,
        57.21000000000001,
        59.29,
        52.42,
        56.97,
        58.06,
        56.18,
        59.08,
        62.370000000000005,
        60.870000000000005,
        58.15,
        60.34,
        59.86,
        54.52,
        62.01,
        59.06,
        62.51,
        58.41,
        58.13,
        61.07,
        62.17,
        60.72,
        61.03999999999999,
        55.669999999999995,
        61.199999999999996,
        60.96,
        64.5,
        61.28,
        61.23,
        64.03,
        64.97,
        57.720000000000006,
        53.17000000000001,
        59.74,
        62.239999999999995,
        63.27,
        61.46,
        63.370000000000005,
        61.21,
        59.34,
        60.95,
        65.45,
        63.67,
        63.9
    ]
}