{
    "config": {
        "E": 1,
        "K": 5,
        "NUMBER_OF_CLIENTS": 100,
        "MAX_TIME": 2500,
        "BATCH_SIZE": 50,
        "VALIDATION_BATCH_SIZE": 500,
        "LR": 0.01,
        "WEIGHT_DECAY": 0.0004,
        "DATA_DISTRIBUTION": "non-iid",
        "LOG_FREQUENCY": 25,
        "AUGMENTATION_PROB": 0.0,
        "ALPHA": 0.01,
        "SAVE_FREQUENCY": 500,
        "NORM_LAYER": ""
    },
    "alpha": 0.2,
    "accuracy": [
        9.99,
        10.100000000000001,
        15.53,
        25.52,
        18.790000000000003,
        27.72,
        24.15,
        30.099999999999998,
        29.42,
        29.330000000000002,
        27.529999999999998,
        33.24,
        32.41,
        28.02,
        35.96,
        30.2,
        32.56,
        39.190000000000005,
        43.120000000000005,
        39.67,
        46.550000000000004,
        47.25,
        45.85,
        40.88,
        42.43,
        44.61,
        46.04,
        52.76,
        53.22,
        54.31,
        48.94,
        51.2,
        50.650000000000006,
        52.449999999999996,
        55.48,
        48.49,
        47.21,
        54.730000000000004,
        37.769999999999996,
        55.04,
        56.26,
        59.36,
        52.09,
        57.25,
        57.620000000000005,
        56.92,
        53.849999999999994,
        52.739999999999995,
        58.989999999999995,
        53.33,
        58.03,
        55.67999999999999,
        62.050000000000004,
        60.64000000000001,
        58.940000000000005,
        59.489999999999995,
        57.04,
        63.029999999999994,
        60.83,
        65.03999999999999,
        63.690000000000005,
        59.63,
        62.82,
        58.75,
        62.739999999999995,
        62.83,
        63.72,
        62.43,
        67.25,
        56.53,
        64.18,
        62.839999999999996,
        65.13,
        63.55,
        66.25,
        66.66,
        65.33,
        65.03999999999999,
        64.0,
        62.870000000000005,
        63.43,
        64.64999999999999,
        62.01,
        65.25999999999999,
        65.67,
        67.38,
        63.59,
        62.49,
        66.38,
        65.16,
        68.30000000000001,
        64.18,
        66.22,
        65.83,
        66.7,
        65.21000000000001,
        63.32,
        67.04,
        67.21000000000001,
        66.94
    ]
}