{
    "config": {
        "E": 5,
        "K": 5,
        "NUMBER_OF_CLIENTS": 100,
        "MAX_TIME": 1500,
        "BATCH_SIZE": 50,
        "VALIDATION_BATCH_SIZE": 500,
        "LR": 0.01,
        "WEIGHT_DECAY": 0.0004,
        "DATA_DISTRIBUTION": "non-iid",
        "DIRICHELET_ALPHA": "[ 0 . 0 ,   0 . 1 ,   0 . 5 ,   1 0 . 0 ]",
        "AVERAGE_ACCURACY": "[0.1822 0.597  0.     0.    ]",
        "LR_DECAY": 0.99,
        "LOG_FREQUENCY": 25,
        "AUGMENTATION_PROB": 0.0,
        "ALPHA": 0.01,
        "SAVE_FREQUENCY": 500,
        "NORM_LAYER": ""
    },
    "alpha": "0 . 1",
    "accuracy": [
        9.58,
        12.67,
        19.08,
        23.27,
        26.179999999999996,
        35.74,
        34.98,
        28.98,
        26.009999999999998,
        31.28,
        40.87,
        30.349999999999998,
        39.23,
        40.86,
        34.870000000000005,
        43.5,
        43.11,
        45.019999999999996,
        49.85,
        40.82,
        42.65,
        49.8,
        40.5,
        49.89,
        52.14,
        46.660000000000004,
        49.18,
        49.41,
        51.260000000000005,
        48.55,
        53.04,
        46.44,
        55.400000000000006,
        46.63,
        50.3,
        49.980000000000004,
        54.14,
        48.75,
        48.78,
        48.06,
        52.800000000000004,
        53.449999999999996,
        51.910000000000004,
        55.00000000000001,
        52.32,
        56.31,
        51.25999999999999,
        49.94,
        50.94,
        54.64,
        53.97,
        47.83,
        47.660000000000004,
        53.11,
        50.580000000000005,
        49.059999999999995,
        55.09,
        56.21000000000001,
        59.699999999999996,
        55.61000000000001
    ]
}