{
    "config": {
        "E": 1,
        "K": 5,
        "NUMBER_OF_CLIENTS": 100,
        "MAX_TIME": 2500,
        "BATCH_SIZE": 50,
        "VALIDATION_BATCH_SIZE": 500,
        "LR": 0.01,
        "WEIGHT_DECAY": 0.0004,
        "DATA_DISTRIBUTION": "non-iid",
        "DIRICHELET_ALPHA": "[ 0 . 0 ,   0 . 0 5 ,   0 . 1 ,   0 . 2 ,   0 . 5 ,   1 . 0 ,   1 0 . 0 ,   1 0 0 . 0 ]",
        "AVERAGE_ACCURACY": "[0.2073 0.6445 0.6774 0.683  0.6941 0.6935 0.7158 0.    ]",
        "LOG_FREQUENCY": 25,
        "AUGMENTATION_PROB": 0.0,
        "ALPHA": 0.01,
        "SAVE_FREQUENCY": 500,
        "NORM_LAYER": ""
    },
    "alpha": "1 0 . 0",
    "accuracy": [
        9.58,
        24.9,
        36.77,
        36.93,
        45.51,
        47.85,
        50.8,
        55.120000000000005,
        56.48,
        59.64,
        61.42999999999999,
        62.82,
        62.970000000000006,
        64.87,
        66.39,
        65.11,
        67.31,
        67.58999999999999,
        68.89999999999999,
        68.76,
        69.33,
        68.71000000000001,
        68.67,
        69.37,
        69.13,
        69.44,
        68.2,
        69.62,
        70.00999999999999,
        69.94,
        70.34,
        69.83,
        69.93,
        70.67999999999999,
        70.78999999999999,
        70.55,
        70.74000000000001,
        70.67999999999999,
        70.52000000000001,
        70.38,
        70.61,
        70.84,
        70.92,
        70.84,
        70.88,
        71.06,
        70.72,
        70.88,
        71.17,
        71.38,
        71.22,
        71.16,
        71.31,
        70.86,
        71.0,
        71.17,
        71.03,
        71.39999999999999,
        71.48,
        71.41999999999999,
        71.41,
        71.38,
        71.48,
        71.58,
        71.1,
        71.3,
        71.23,
        71.07,
        71.41,
        70.91,
        70.75,
        70.97,
        70.91999999999999,
        70.74000000000001,
        71.17999999999999,
        70.87,
        70.71,
        70.61,
        70.24000000000001,
        70.34,
        70.33,
        70.5,
        70.39,
        70.67999999999999,
        70.78,
        70.6,
        70.39999999999999,
        70.48,
        70.55,
        70.65,
        69.93,
        69.69,
        69.94,
        69.58,
        69.83,
        69.3,
        69.50999999999999,
        69.16,
        69.64,
        69.95
    ]
}