{
    "config": {
        "E": 1,
        "K": 5,
        "NUMBER_OF_CLIENTS": 100,
        "MAX_TIME": 2500,
        "BATCH_SIZE": 50,
        "VALIDATION_BATCH_SIZE": 500,
        "LR": 0.01,
        "WEIGHT_DECAY": 0.0004,
        "DATA_DISTRIBUTION": "non-iid",
        "DIRICHELET_ALPHA": "[ 0 . 0 ,   0 . 1 ,   0 . 5 ,   1 0 . 0 ,   0 . 5 ,   1 . 0 ,   1 0 . 0 ,   1 0 0 . 0 ]",
        "AVERAGE_ACCURACY": "[0.3553 0.     0.     0.     0.     0.     0.     0.    ]",
        "LOG_FREQUENCY": 25,
        "AUGMENTATION_PROB": 0.0,
        "ALPHA": 0.001,
        "SAVE_FREQUENCY": 500,
        "NORM_LAYER": "gn"
    },
    "alpha": "0 . 0",
    "accuracy": {
        "0.0": [
            10.0,
            10.0,
            10.0,
            10.07,
            10.0,
            10.0,
            10.0,
            10.0,
            18.27,
            14.59,
            11.81,
            21.8,
            13.100000000000001,
            21.38,
            19.720000000000002,
            20.44,
            15.010000000000002,
            13.18,
            14.26,
            12.0,
            16.0,
            18.81,
            24.77,
            22.08,
            24.9,
            22.8,
            18.29,
            19.900000000000002,
            23.95,
            17.52,
            15.160000000000002,
            25.509999999999998,
            20.89,
            14.13,
            24.98,
            21.12,
            30.009999999999998,
            30.470000000000002,
            22.02,
            29.17,
            10.48,
            18.42,
            19.43,
            29.099999999999998,
            21.95,
            15.410000000000002,
            19.939999999999998,
            19.950000000000003,
            25.430000000000003,
            15.76,
            10.200000000000001,
            24.22,
            20.0,
            21.67,
            20.330000000000002,
            20.65,
            22.87,
            23.01,
            21.64,
            26.25,
            29.74,
            23.86,
            28.1,
            28.92,
            22.939999999999998,
            21.29,
            28.110000000000003,
            29.270000000000003,
            22.6,
            27.439999999999998,
            20.94,
            21.349999999999998,
            21.76,
            27.150000000000002,
            23.61,
            17.580000000000002,
            27.12,
            16.580000000000002,
            18.560000000000002,
            23.400000000000002,
            11.57,
            26.640000000000004,
            26.369999999999997,
            23.71,
            33.76,
            17.51,
            24.58,
            30.759999999999998,
            28.599999999999998,
            25.0,
            23.55,
            10.77,
            31.490000000000002,
            26.229999999999997,
            31.269999999999996,
            33.28,
            33.5,
            35.53,
            26.68,
            24.95
        ]
    }
}