{
    "config": {
        "E": 1,
        "K": 10,
        "NUMBER_OF_CLIENTS": 100,
        "MAX_TIME": 5000,
        "BATCH_SIZE": 50,
        "VALIDATION_BATCH_SIZE": 500,
        "LR": 0.01,
        "WEIGHT_DECAY": 0.0004,
        "DATA_DISTRIBUTION": "iid",
        "DIRICHELET_ALPHA": "[ 0 . 0 ,   0 . 0 5 ,   0 . 1 ,   0 . 2 ,   0 . 5 ,   1 . 0 ,   1 0 . 0 ,   1 0 0 . 0 ]",
        "AVERAGE_ACCURACY": "[0.7443 0.     0.     0.     0.     0.     0.     0.    ]",
        "FED_AVG_M": false,
        "FED_AVG_M_BETA": 0.9,
        "FED_AVG_M_GAMMA": 1,
        "LR_DECAY": 0.99,
        "LOG_FREQUENCY": 25,
        "AUGMENTATION_PROB": 0.0,
        "SAVE_FREQUENCY": 100,
        "NORM_LAYER": ""
    },
    "alpha": "0 . 0",
    "accuracy": [
        8.81,
        21.19,
        30.59,
        36.26,
        40.87,
        43.580000000000005,
        46.150000000000006,
        47.949999999999996,
        49.470000000000006,
        50.96000000000001,
        52.349999999999994,
        53.790000000000006,
        55.230000000000004,
        56.05,
        57.330000000000005,
        58.24,
        59.17,
        60.440000000000005,
        60.870000000000005,
        61.75000000000001,
        63.029999999999994,
        63.39,
        63.93,
        65.09,
        65.36999999999999,
        66.12,
        66.7,
        66.89,
        67.25999999999999,
        67.44,
        68.1,
        68.4,
        68.64,
        69.21000000000001,
        69.58,
        70.0,
        70.5,
        70.3,
        71.23,
        71.39999999999999,
        71.53,
        71.89,
        71.89,
        72.3,
        72.69,
        72.58,
        73.11999999999999,
        73.05,
        73.38,
        73.65,
        73.35000000000001,
        73.50999999999999,
        73.72999999999999,
        73.55000000000001,
        73.82,
        73.89,
        73.67,
        73.92,
        73.83,
        74.16,
        73.96000000000001,
        74.27,
        74.14,
        74.06,
        73.97,
        74.09,
        74.42999999999999,
        73.91,
        73.75,
        73.96000000000001,
        74.22999999999999,
        73.82,
        73.89,
        73.96000000000001,
        74.06,
        73.9,
        74.05000000000001,
        73.88,
        73.98,
        73.82,
        73.79,
        73.97,
        73.66,
        73.42999999999999,
        73.47,
        73.68,
        73.66,
        73.58,
        73.7,
        73.76,
        73.44,
        73.59,
        73.63,
        73.27,
        73.39,
        73.44,
        73.61999999999999,
        73.49,
        73.38,
        73.41,
        73.44,
        73.38,
        72.32,
        73.45,
        72.13,
        73.15,
        73.38,
        73.37,
        73.29,
        73.25,
        73.22,
        73.37,
        73.33999999999999,
        73.2,
        73.19,
        71.96000000000001,
        73.29,
        73.18,
        73.24,
        73.29,
        73.29,
        73.27,
        72.98,
        73.61,
        73.52,
        73.35000000000001,
        73.42999999999999,
        73.32,
        73.24,
        73.29,
        73.22999999999999,
        73.29,
        73.29,
        73.18,
        73.2,
        73.07000000000001,
        73.14,
        73.22999999999999,
        73.15,
        73.15,
        73.14,
        73.1,
        73.03,
        73.11999999999999,
        73.11,
        73.11,
        73.17,
        73.15,
        73.15,
        73.11999999999999,
        73.14,
        73.05,
        73.08,
        73.07000000000001,
        73.03,
        73.13,
        73.06,
        73.08,
        73.15,
        73.03,
        73.05,
        73.11,
        73.03,
        73.05,
        73.17,
        72.97,
        72.96000000000001,
        73.04,
        73.11999999999999,
        73.04,
        72.99,
        73.06,
        73.0,
        73.11,
        73.03999999999999,
        73.03,
        73.04,
        73.07000000000001,
        73.05,
        72.99,
        72.95,
        72.98,
        73.14,
        72.94,
        73.06,
        73.11,
        73.0,
        73.09,
        73.03,
        73.03,
        72.97,
        72.89999999999999,
        72.95,
        73.0,
        73.02,
        73.00999999999999,
        73.09,
        72.99,
        72.99,
        72.98
    ]
}