{
    "config": {
        "E": 1,
        "K": 20,
        "NUMBER_OF_CLIENTS": 100,
        "MAX_TIME": 2500,
        "BATCH_SIZE": 50,
        "VALIDATION_BATCH_SIZE": 500,
        "LR": 0.01,
        "WEIGHT_DECAY": 0.0004,
        "DATA_DISTRIBUTION": "iid",
        "FED_AVG_M": false,
        "FED_AVG_M_BETA": 0.9,
        "FED_AVG_M_GAMMA": 1,
        "LR_DECAY": 0.99,
        "LOG_FREQUENCY": 25,
        "AUGMENTATION_PROB": 0.0,
        "SAVE_FREQUENCY": 100,
        "NORM_LAYER": ""
    },
    "alpha": "iid",
    "accuracy": [
        12.0,
        24.55,
        31.369999999999997,
        36.29,
        40.160000000000004,
        43.97,
        46.17,
        47.99,
        49.36,
        50.760000000000005,
        52.2,
        53.73,
        54.900000000000006,
        56.18,
        57.02,
        58.58,
        59.330000000000005,
        60.07,
        61.17,
        62.019999999999996,
        62.43,
        63.46000000000001,
        64.02,
        64.88000000000001,
        65.11,
        65.78,
        66.19,
        66.53,
        67.13,
        67.52,
        68.24,
        68.26,
        68.80000000000001,
        69.16,
        69.47,
        69.89999999999999,
        70.19999999999999,
        70.63000000000001,
        70.76,
        71.28,
        71.55,
        71.8,
        72.22,
        72.26,
        72.61999999999999,
        72.7,
        72.87,
        72.88,
        72.99,
        73.13,
        73.41,
        73.5,
        73.33,
        73.50999999999999,
        73.39,
        73.83,
        73.99,
        73.7,
        73.97,
        73.89,
        73.91,
        73.83999999999999,
        73.97,
        74.11999999999999,
        73.89,
        73.85000000000001,
        73.9,
        74.06,
        74.07000000000001,
        73.77,
        73.92,
        74.1,
        73.83999999999999,
        73.81,
        73.7,
        73.94,
        73.72999999999999,
        73.69,
        73.36,
        73.67,
        73.50999999999999,
        73.59,
        73.53,
        73.56,
        73.45,
        73.41,
        73.81,
        73.47,
        73.53999999999999,
        73.48,
        73.47,
        73.42,
        73.42,
        73.39,
        73.57000000000001,
        73.22999999999999,
        73.39,
        73.1,
        73.50999999999999,
        73.59
    ]
}