{
    "config": {
        "E": 1,
        "K": 5,
        "NUMBER_OF_CLIENTS": 100,
        "MAX_TIME": 2500,
        "BATCH_SIZE": 50,
        "VALIDATION_BATCH_SIZE": 500,
        "LR": 0.01,
        "DATA_DISTRIBUTION": "iid",
        "FED_AVG_M": false,
        "FED_AVG_M_BETA": 0.9,
        "FED_AVG_M_GAMMA": 1,
        "LR_DECAY": 0.99,
        "LOG_FREQUENCY": 25,
        "AUGMENTATION_PROB": 0.0,
        "SAVE_FREQUENCY": 100,
        "NORM_LAYER": "gn"
    },
    "alpha": "iid",
    "accuracy": [
        11.82,
        35.05,
        44.440000000000005,
        48.4,
        54.06999999999999,
        57.25,
        58.91,
        61.38,
        62.51,
        63.55,
        64.42999999999999,
        65.33,
        65.42999999999999,
        67.29,
        67.36,
        67.7,
        67.86,
        68.89999999999999,
        69.82000000000001,
        69.98,
        69.53,
        70.85000000000001,
        71.47,
        72.05,
        71.84,
        71.41,
        72.03,
        72.95,
        72.43,
        73.37,
        73.16,
        73.42999999999999,
        74.00999999999999,
        72.84,
        73.55000000000001,
        74.05000000000001,
        74.53999999999999,
        74.53999999999999,
        74.52,
        74.51,
        74.5,
        74.97,
        75.11,
        74.42,
        75.22,
        74.81,
        75.01,
        75.2,
        74.7,
        74.36,
        75.27000000000001,
        75.42999999999999,
        74.86,
        74.81,
        75.32,
        75.05000000000001,
        75.22,
        75.22,
        75.31,
        75.22999999999999,
        75.2,
        75.03,
        74.17,
        74.95,
        74.42999999999999,
        74.88,
        74.57000000000001,
        74.9,
        74.77000000000001,
        75.06,
        74.78,
        74.83999999999999,
        74.95,
        75.16000000000001,
        75.15,
        74.41,
        74.98,
        74.75,
        74.72,
        74.91,
        74.83,
        74.34,
        74.53999999999999,
        74.72999999999999,
        74.67,
        74.94,
        74.52,
        74.94,
        73.75,
        74.71,
        74.71,
        74.66000000000001,
        74.88,
        74.59,
        74.97,
        74.78,
        74.64,
        74.69,
        74.03999999999999,
        74.59
    ]
}