{
    "config": {
        "E": 1,
        "K": 5,
        "NUMBER_OF_CLIENTS": 100,
        "MAX_TIME": 2500,
        "BATCH_SIZE": 50,
        "VALIDATION_BATCH_SIZE": 500,
        "LR": 0.01,
        "DATA_DISTRIBUTION": "iid",
        "FED_AVG_M": false,
        "FED_AVG_M_BETA": 0.9,
        "FED_AVG_M_GAMMA": 1,
        "LR_DECAY": 0.99,
        "LOG_FREQUENCY": 25,
        "AUGMENTATION_PROB": 0.0,
        "SAVE_FREQUENCY": 100,
        "NORM_LAYER": ""
    },
    "alpha": "iid",
    "accuracy": [
        10.350000000000001,
        23.77,
        31.69,
        36.71,
        40.589999999999996,
        43.35,
        45.269999999999996,
        47.97,
        49.4,
        50.54,
        52.55,
        53.75,
        54.99000000000001,
        56.14,
        57.089999999999996,
        58.050000000000004,
        59.28,
        59.84,
        61.19,
        61.78,
        62.839999999999996,
        62.86000000000001,
        63.629999999999995,
        64.58,
        65.34,
        66.33,
        66.11,
        66.75,
        66.82000000000001,
        67.58,
        67.88,
        68.32000000000001,
        69.11,
        68.93,
        69.5,
        69.83,
        70.13000000000001,
        70.12,
        70.55,
        70.71,
        70.94,
        71.46000000000001,
        71.41,
        71.1,
        71.27,
        71.82,
        72.15,
        72.14,
        72.39,
        72.21,
        72.38,
        72.08,
        72.57000000000001,
        72.33,
        72.65,
        72.41,
        73.03999999999999,
        72.3,
        72.63,
        72.54,
        72.89,
        73.02,
        72.97,
        72.39,
        73.24,
        72.86,
        72.92,
        73.27,
        73.33,
        72.68,
        72.6,
        73.35000000000001,
        73.24000000000001,
        73.06,
        73.27,
        72.94,
        72.94,
        72.88,
        72.7,
        72.84,
        73.46000000000001,
        72.75,
        73.1,
        72.87,
        72.50999999999999,
        72.54,
        72.76,
        73.07000000000001,
        72.67,
        73.29,
        73.15,
        72.56,
        73.11,
        73.1,
        72.98,
        72.63,
        72.97,
        72.25,
        72.57000000000001,
        72.98
    ]
}