{
    "config": {
        "E": 1,
        "K": 5,
        "NUMBER_OF_CLIENTS": 100,
        "MAX_TIME": 2500,
        "BATCH_SIZE": 50,
        "VALIDATION_BATCH_SIZE": 500,
        "LR": 0.01,
        "WEIGHT_DECAY": 0.0004,
        "DATA_DISTRIBUTION": "iid",
        "DIRICHELET_ALPHA": "[ ' i i d ' ]",
        "AVERAGE_ACCURACY": "[0.7523 0.     0.     0.     0.     0.     0.     0.    ]",
        "FED_AVG_M": false,
        "FED_AVG_M_BETA": 0.9,
        "FED_AVG_M_GAMMA": 1,
        "LR_DECAY": 0.99,
        "LOG_FREQUENCY": 25,
        "AUGMENTATION_PROB": 0.0,
        "SAVE_FREQUENCY": 500,
        "NORM_LAYER": "bn"
    },
    "alpha": "i i d",
    "accuracy": [
        10.440000000000001,
        41.660000000000004,
        50.21,
        54.949999999999996,
        58.28,
        62.14999999999999,
        62.739999999999995,
        64.45,
        65.42999999999999,
        67.46,
        68.24,
        68.99,
        69.5,
        70.36,
        70.91999999999999,
        69.14,
        70.42,
        71.33,
        72.8,
        71.48,
        72.48,
        71.5,
        73.32,
        72.97,
        72.83999999999999,
        73.61999999999999,
        73.7,
        73.46000000000001,
        74.21,
        74.11999999999999,
        73.92,
        73.82,
        73.32,
        74.05000000000001,
        74.15,
        74.8,
        73.83999999999999,
        74.83,
        74.26,
        74.33999999999999,
        74.92,
        74.16,
        74.76,
        74.29,
        73.71,
        74.82,
        74.81,
        75.05,
        75.2,
        74.94,
        74.06,
        75.22999999999999,
        74.88,
        73.21,
        74.75,
        74.83,
        73.84,
        74.38,
        74.96000000000001,
        75.11,
        74.72999999999999,
        74.53999999999999,
        74.27,
        75.15,
        74.8,
        74.49,
        74.83999999999999,
        74.24,
        74.69,
        74.42,
        75.13,
        75.1,
        74.59,
        75.03999999999999,
        74.44,
        73.64,
        74.25,
        74.78,
        74.72,
        73.21,
        74.41,
        74.78,
        74.77000000000001,
        74.92999999999999,
        74.51,
        75.08,
        74.61,
        74.53,
        74.6,
        73.5,
        74.69,
        74.37,
        74.99,
        74.48,
        74.76,
        74.76,
        74.64,
        74.46000000000001,
        74.69,
        75.02
    ]
}