{
    "config": {
        "E": 1,
        "K": 5,
        "NUMBER_OF_CLIENTS": 100,
        "MAX_TIME": 2500,
        "BATCH_SIZE": 50,
        "VALIDATION_BATCH_SIZE": 500,
        "LR": 0.01,
        "DATA_DISTRIBUTION": "iid",
        "DIRICHELET_ALPHA": "[ 0 . 0 ,   0 . 0 5 ,   0 . 1 ,   0 . 2 ,   0 . 5 ,   1 . 0 ,   1 0 . 0 ,   1 0 0 . 0 ]",
        "AVERAGE_ACCURACY": "[0.7736 0.     0.     0.     0.     0.     0.     0.    ]",
        "FED_AVG_M": false,
        "FED_AVG_M_BETA": 0.9,
        "FED_AVG_M_GAMMA": 1,
        "LR_DECAY": 0.99,
        "LOG_FREQUENCY": 25,
        "AUGMENTATION_PROB": 0.5,
        "SAVE_FREQUENCY": 100,
        "NORM_LAYER": ""
    },
    "alpha": "0 . 0",
    "accuracy": [
        9.98,
        22.54,
        29.17,
        32.4,
        36.25,
        39.910000000000004,
        42.25,
        44.73,
        45.7,
        47.910000000000004,
        48.760000000000005,
        50.1,
        51.67,
        52.43,
        53.68000000000001,
        54.32,
        55.08,
        56.06,
        56.989999999999995,
        57.99999999999999,
        58.58,
        59.25,
        60.660000000000004,
        61.22,
        61.51,
        61.419999999999995,
        63.019999999999996,
        63.5,
        63.65,
        64.33,
        64.67,
        65.21000000000001,
        65.66,
        66.39,
        66.95,
        66.2,
        67.17,
        67.19,
        67.97999999999999,
        68.27,
        68.96,
        68.89999999999999,
        69.64,
        69.83,
        69.5,
        70.33,
        70.87,
        71.1,
        71.89999999999999,
        71.28,
        71.55,
        72.25,
        72.32,
        72.16,
        72.89,
        72.86,
        73.07000000000001,
        73.59,
        73.56,
        73.69,
        73.48,
        73.87,
        73.53999999999999,
        73.91,
        74.06,
        74.22999999999999,
        74.47,
        74.18,
        74.95,
        74.99,
        74.9,
        75.18,
        75.24,
        75.21,
        75.05,
        75.47,
        75.55,
        75.82,
        76.02,
        76.22,
        76.03999999999999,
        75.79,
        76.09,
        76.28,
        76.01,
        76.52,
        76.42,
        76.16000000000001,
        76.7,
        76.92,
        76.82,
        76.68,
        77.0,
        76.62,
        76.91,
        76.96000000000001,
        77.12,
        77.17,
        77.36,
        76.96000000000001
    ]
}